Target,Variant,Peptide,Projected_Coverage,Coverage_Status
HIV_gp120,HIV_gp120_Var_11_114149294,FLGAAGSTM,94.2%,PASSED
HIV_gp120,HIV_gp120_Var_12_114149293,FLGAAGSTM,94.2%,PASSED
HIV_gp120,HIV_gp120_Var_14_399437,FLGAAGSTM,94.2%,PASSED
HIV_gp120,HIV_gp120_Var_15_399436,FLGAAGSTM,94.2%,PASSED
HIV_gp120,HIV_gp120_Var_23_119450,FLGAAGSTM,94.2%,PASSED
HIV_gp120,HIV_gp120_Var_24_119446,FLGAAGSTM,94.2%,PASSED
HIV_gp120,HIV_gp120_Var_25_119442,FLGAAGSTM,94.2%,PASSED
HIV_gp120,HIV_gp120_Var_26_119438,FLGAAGSTM,94.2%,PASSED
HIV_gp120,HIV_gp120_Var_27_119437,FLGAAGSTM,94.2%,PASSED
HIV_gp120,HIV_gp120_Var_28_119435,FLGAAGSTM,94.2%,PASSED
HIV_gp120,HIV_gp120_Var_4_75593314,FLGAAGSTM,94.2%,PASSED
HIV_gp120,HIV_gp120_Var_5_75593171,FLGAAGSTM,94.2%,PASSED
HIV_gp120,HIV_gp120_Var_6_75574218,FLGAAGSTM,94.2%,PASSED
HIV_gp120,HIV_gp120_Var_7_75573763,FLGAAGSTM,94.2%,PASSED
HIV_gp120,HIV_gp120_Var_8_75573552,FLGAAGSTM,94.2%,PASSED
HIV_gp120,HIV_gp120_Var_9_3023715,FLGAAGSTM,94.2%,PASSED
HIV_gp41,HIV_gp41_Var_11_114149294,FLGAAGSTM,94.2%,PASSED
HIV_gp41,HIV_gp41_Var_12_114149293,FLGAAGSTM,94.2%,PASSED
HIV_gp41,HIV_gp41_Var_14_399437,FLGAAGSTM,94.2%,PASSED
HIV_gp41,HIV_gp41_Var_15_399436,FLGAAGSTM,94.2%,PASSED
HIV_gp41,HIV_gp41_Var_23_119450,FLGAAGSTM,94.2%,PASSED
HIV_gp41,HIV_gp41_Var_24_119446,FLGAAGSTM,94.2%,PASSED
HIV_gp41,HIV_gp41_Var_25_119442,FLGAAGSTM,94.2%,PASSED
HIV_gp41,HIV_gp41_Var_26_119438,FLGAAGSTM,94.2%,PASSED
HIV_gp41,HIV_gp41_Var_27_119437,FLGAAGSTM,94.2%,PASSED
HIV_gp41,HIV_gp41_Var_28_119435,FLGAAGSTM,94.2%,PASSED
HIV_gp41,HIV_gp41_Var_4_75593314,FLGAAGSTM,94.2%,PASSED
HIV_gp41,HIV_gp41_Var_5_75593171,FLGAAGSTM,94.2%,PASSED
HIV_gp41,HIV_gp41_Var_6_75574218,FLGAAGSTM,94.2%,PASSED
HIV_gp41,HIV_gp41_Var_7_75573763,FLGAAGSTM,94.2%,PASSED
HIV_gp41,HIV_gp41_Var_8_75573552,FLGAAGSTM,94.2%,PASSED
HIV_gp41,HIV_gp41_Var_9_3023715,FLGAAGSTM,94.2%,PASSED
HIV_p17,HIV_p17_Var_10_75644695,YVDRFYKTL,94.2%,PASSED
HIV_p17,HIV_p17_Var_11_75643500,VLAEAMSQV,94.2%,PASSED
HIV_p17,HIV_p17_Var_11_75643500,TLNAWVKVV,94.2%,PASSED
HIV_p17,HIV_p17_Var_12_75642719,VLAEAMSQV,94.2%,PASSED
HIV_p17,HIV_p17_Var_12_75642719,ATLEEMMTA,94.2%,PASSED
HIV_p17,HIV_p17_Var_12_75642719,TLNAWVKVV,94.2%,PASSED
HIV_p17,HIV_p17_Var_12_75642719,YVDRFYKTL,94.2%,PASSED
HIV_p17,HIV_p17_Var_13_75627851,VLAEAMSQV,94.2%,PASSED
HIV_p17,HIV_p17_Var_13_75627851,TLNAWVKVV,94.2%,PASSED
HIV_p17,HIV_p17_Var_14_75627485,VLAEAMSQV,94.2%,PASSED
HIV_p17,HIV_p17_Var_14_75627485,ATLEEMMTA,94.2%,PASSED
HIV_p17,HIV_p17_Var_14_75627485,YVDRFYKTL,94.2%,PASSED
HIV_p17,HIV_p17_Var_15_75627146,TLNAWVKVV,94.2%,PASSED
HIV_p17,HIV_p17_Var_16_75627073,ATLEEMMTA,94.2%,PASSED
HIV_p17,HIV_p17_Var_17_3023824,VLAEAMSQV,94.2%,PASSED
HIV_p17,HIV_p17_Var_17_3023824,ATLEEMMTA,94.2%,PASSED
HIV_p17,HIV_p17_Var_17_3023824,TLNAWVKVV,94.2%,PASSED
HIV_p17,HIV_p17_Var_17_3023824,YVDRFYKTL,94.2%,PASSED
HIV_p17,HIV_p17_Var_18_158931165,ELHPDKWTV,94.2%,PASSED
HIV_p17,HIV_p17_Var_18_158931165,LLWKGEGAV,94.2%,PASSED
HIV_p17,HIV_p17_Var_18_158931165,TLNAWVKVV,94.2%,PASSED
HIV_p17,HIV_p17_Var_18_158931165,YVDRFYKTL,94.2%,PASSED
HIV_p17,HIV_p17_Var_18_158931165,VLDVGDAYF,94.2%,PASSED
HIV_p17,HIV_p17_Var_19_114152122,ELHPDKWTV,94.2%,PASSED
HIV_p17,HIV_p17_Var_19_114152122,LLWKGEGAV,94.2%,PASSED
HIV_p17,HIV_p17_Var_19_114152122,TLNAWVKVV,94.2%,PASSED
HIV_p17,HIV_p17_Var_19_114152122,YVDRFYKTL,94.2%,PASSED
HIV_p17,HIV_p17_Var_19_114152122,VLDVGDAYF,94.2%,PASSED
HIV_p17,HIV_p17_Var_1_115502561,VLAEAMSQV,94.2%,PASSED
HIV_p17,HIV_p17_Var_1_115502561,ELHPDKWTV,94.2%,PASSED
HIV_p17,HIV_p17_Var_1_115502561,LLWKGEGAV,94.2%,PASSED
HIV_p17,HIV_p17_Var_1_115502561,ATLEEMMTA,94.2%,PASSED
HIV_p17,HIV_p17_Var_1_115502561,TLNAWVKVV,94.2%,PASSED
HIV_p17,HIV_p17_Var_1_115502561,YVDRFYKTL,94.2%,PASSED
HIV_p17,HIV_p17_Var_1_115502561,VLDVGDAYF,94.2%,PASSED
HIV_p17,HIV_p17_Var_20_114149305,TLNAWVKVV,94.2%,PASSED
HIV_p17,HIV_p17_Var_20_114149305,YVDRFYKTL,94.2%,PASSED
HIV_p17,HIV_p17_Var_21_114149304,TLNAWVKVV,94.2%,PASSED
HIV_p17,HIV_p17_Var_21_114149304,YVDRFYKTL,94.2%,PASSED
HIV_p17,HIV_p17_Var_22_77416891,VLAEAMSQV,94.2%,PASSED
HIV_p17,HIV_p17_Var_22_77416891,ELHPDKWTV,94.2%,PASSED
HIV_p17,HIV_p17_Var_22_77416891,LLWKGEGAV,94.2%,PASSED
HIV_p17,HIV_p17_Var_22_77416891,ATLEEMMTA,94.2%,PASSED
HIV_p17,HIV_p17_Var_22_77416891,TLNAWVKVV,94.2%,PASSED
HIV_p17,HIV_p17_Var_22_77416891,VLDVGDAYF,94.2%,PASSED
HIV_p17,HIV_p17_Var_23_77416888,VLAEAMSQV,94.2%,PASSED
HIV_p17,HIV_p17_Var_23_77416888,ELHPDKWTV,94.2%,PASSED
HIV_p17,HIV_p17_Var_23_77416888,LLWKGEGAV,94.2%,PASSED
HIV_p17,HIV_p17_Var_23_77416888,ATLEEMMTA,94.2%,PASSED
HIV_p17,HIV_p17_Var_23_77416888,TLNAWVKVV,94.2%,PASSED
HIV_p17,HIV_p17_Var_23_77416888,YVDRFYKTL,94.2%,PASSED
HIV_p17,HIV_p17_Var_23_77416888,VLDVGDAYF,94.2%,PASSED
HIV_p17,HIV_p17_Var_24_77416887,VLAEAMSQV,94.2%,PASSED
HIV_p17,HIV_p17_Var_24_77416887,ELHPDKWTV,94.2%,PASSED
HIV_p17,HIV_p17_Var_24_77416887,LLWKGEGAV,94.2%,PASSED
HIV_p17,HIV_p17_Var_24_77416887,ATLEEMMTA,94.2%,PASSED
HIV_p17,HIV_p17_Var_24_77416887,YVDRFYKTL,94.2%,PASSED
HIV_p17,HIV_p17_Var_24_77416887,VLDVGDAYF,94.2%,PASSED
HIV_p17,HIV_p17_Var_25_77416883,VLAEAMSQV,94.2%,PASSED
HIV_p17,HIV_p17_Var_25_77416883,ELHPDKWTV,94.2%,PASSED
HIV_p17,HIV_p17_Var_25_77416883,LLWKGEGAV,94.2%,PASSED
HIV_p17,HIV_p17_Var_25_77416883,ATLEEMMTA,94.2%,PASSED
HIV_p17,HIV_p17_Var_25_77416883,YVDRFYKTL,94.2%,PASSED
HIV_p17,HIV_p17_Var_25_77416883,VLDVGDAYF,94.2%,PASSED
HIV_p17,HIV_p17_Var_26_120843,VLAEAMSQV,94.2%,PASSED
HIV_p17,HIV_p17_Var_26_120843,ATLEEMMTA,94.2%,PASSED
HIV_p17,HIV_p17_Var_26_120843,TLNAWVKVV,94.2%,PASSED
HIV_p17,HIV_p17_Var_27_120840,VLAEAMSQV,94.2%,PASSED
HIV_p17,HIV_p17_Var_27_120840,ATLEEMMTA,94.2%,PASSED
HIV_p17,HIV_p17_Var_27_120840,TLNAWVKVV,94.2%,PASSED
HIV_p17,HIV_p17_Var_27_120840,YVDRFYKTL,94.2%,PASSED
HIV_p17,HIV_p17_Var_28_120836,VLAEAMSQV,94.2%,PASSED
HIV_p17,HIV_p17_Var_28_120836,ATLEEMMTA,94.2%,PASSED
HIV_p17,HIV_p17_Var_28_120836,YVDRFYKTL,94.2%,PASSED
HIV_p17,HIV_p17_Var_29_120833,VLAEAMSQV,94.2%,PASSED
HIV_p17,HIV_p17_Var_29_120833,ATLEEMMTA,94.2%,PASSED
HIV_p17,HIV_p17_Var_29_120833,YVDRFYKTL,94.2%,PASSED
HIV_p17,HIV_p17_Var_2_110815947,ELHPDKWTV,94.2%,PASSED
HIV_p17,HIV_p17_Var_2_110815947,LLWKGEGAV,94.2%,PASSED
HIV_p17,HIV_p17_Var_2_110815947,TLNAWVKVV,94.2%,PASSED
HIV_p17,HIV_p17_Var_2_110815947,VLDVGDAYF,94.2%,PASSED
HIV_p17,HIV_p17_Var_30_341942259,VLAEAMSQV,94.2%,PASSED
HIV_p17,HIV_p17_Var_30_341942259,ELHPDKWTV,94.2%,PASSED
HIV_p17,HIV_p17_Var_30_341942259,LLWKGEGAV,94.2%,PASSED
HIV_p17,HIV_p17_Var_30_341942259,ATLEEMMTA,94.2%,PASSED
HIV_p17,HIV_p17_Var_30_341942259,TLNAWVKVV,94.2%,PASSED
HIV_p17,HIV_p17_Var_30_341942259,YVDRFYKTL,94.2%,PASSED
HIV_p17,HIV_p17_Var_30_341942259,VLDVGDAYF,94.2%,PASSED
HIV_p17,HIV_p17_Var_3_110815944,ELHPDKWTV,94.2%,PASSED
HIV_p17,HIV_p17_Var_3_110815944,LLWKGEGAV,94.2%,PASSED
HIV_p17,HIV_p17_Var_3_110815944,YVDRFYKTL,94.2%,PASSED
HIV_p17,HIV_p17_Var_3_110815944,VLDVGDAYF,94.2%,PASSED
HIV_p17,HIV_p17_Var_4_110815941,VLAEAMSQV,94.2%,PASSED
HIV_p17,HIV_p17_Var_4_110815941,ELHPDKWTV,94.2%,PASSED
HIV_p17,HIV_p17_Var_4_110815941,LLWKGEGAV,94.2%,PASSED
HIV_p17,HIV_p17_Var_4_110815941,TLNAWVKVV,94.2%,PASSED
HIV_p17,HIV_p17_Var_4_110815941,VLDVGDAYF,94.2%,PASSED
HIV_p17,HIV_p17_Var_5_110815940,ELHPDKWTV,94.2%,PASSED
HIV_p17,HIV_p17_Var_5_110815940,LLWKGEGAV,94.2%,PASSED
HIV_p17,HIV_p17_Var_5_110815940,YVDRFYKTL,94.2%,PASSED
HIV_p17,HIV_p17_Var_5_110815940,VLDVGDAYF,94.2%,PASSED
HIV_p17,HIV_p17_Var_6_82281206,VLAEAMSQV,94.2%,PASSED
HIV_p17,HIV_p17_Var_6_82281206,ELHPDKWTV,94.2%,PASSED
HIV_p17,HIV_p17_Var_6_82281206,LLWKGEGAV,94.2%,PASSED
HIV_p17,HIV_p17_Var_6_82281206,TLNAWVKVV,94.2%,PASSED
HIV_p17,HIV_p17_Var_6_82281206,VLDVGDAYF,94.2%,PASSED
HIV_p17,HIV_p17_Var_7_82280741,VLAEAMSQV,94.2%,PASSED
HIV_p17,HIV_p17_Var_7_82280741,ELHPDKWTV,94.2%,PASSED
HIV_p17,HIV_p17_Var_7_82280741,LLWKGEGAV,94.2%,PASSED
HIV_p17,HIV_p17_Var_7_82280741,ATLEEMMTA,94.2%,PASSED
HIV_p17,HIV_p17_Var_7_82280741,YVDRFYKTL,94.2%,PASSED
HIV_p17,HIV_p17_Var_7_82280741,VLDVGDAYF,94.2%,PASSED
HIV_p17,HIV_p17_Var_8_82280442,ELHPDKWTV,94.2%,PASSED
HIV_p17,HIV_p17_Var_8_82280442,LLWKGEGAV,94.2%,PASSED
HIV_p17,HIV_p17_Var_8_82280442,ATLEEMMTA,94.2%,PASSED
HIV_p17,HIV_p17_Var_8_82280442,VLDVGDAYF,94.2%,PASSED
HIV_p17,HIV_p17_Var_9_75646898,YVDRFYKTL,94.2%,PASSED
HIV_p24,HIV_p24_Var_10_75646898,YVDRFYKTL,94.2%,PASSED
HIV_p24,HIV_p24_Var_11_75644695,YVDRFYKTL,94.2%,PASSED
HIV_p24,HIV_p24_Var_12_75643500,VLAEAMSQV,94.2%,PASSED
HIV_p24,HIV_p24_Var_12_75643500,TLNAWVKVV,94.2%,PASSED
HIV_p24,HIV_p24_Var_13_75642719,VLAEAMSQV,94.2%,PASSED
HIV_p24,HIV_p24_Var_13_75642719,ATLEEMMTA,94.2%,PASSED
HIV_p24,HIV_p24_Var_13_75642719,TLNAWVKVV,94.2%,PASSED
HIV_p24,HIV_p24_Var_13_75642719,YVDRFYKTL,94.2%,PASSED
HIV_p24,HIV_p24_Var_14_75627851,VLAEAMSQV,94.2%,PASSED
HIV_p24,HIV_p24_Var_14_75627851,TLNAWVKVV,94.2%,PASSED
HIV_p24,HIV_p24_Var_15_75627485,VLAEAMSQV,94.2%,PASSED
HIV_p24,HIV_p24_Var_15_75627485,ATLEEMMTA,94.2%,PASSED
HIV_p24,HIV_p24_Var_15_75627485,YVDRFYKTL,94.2%,PASSED
HIV_p24,HIV_p24_Var_16_75627146,TLNAWVKVV,94.2%,PASSED
HIV_p24,HIV_p24_Var_17_75627073,ATLEEMMTA,94.2%,PASSED
HIV_p24,HIV_p24_Var_18_3023824,VLAEAMSQV,94.2%,PASSED
HIV_p24,HIV_p24_Var_18_3023824,ATLEEMMTA,94.2%,PASSED
HIV_p24,HIV_p24_Var_18_3023824,TLNAWVKVV,94.2%,PASSED
HIV_p24,HIV_p24_Var_18_3023824,YVDRFYKTL,94.2%,PASSED
HIV_p24,HIV_p24_Var_19_158931165,TLNAWVKVV,94.2%,PASSED
HIV_p24,HIV_p24_Var_19_158931165,YVDRFYKTL,94.2%,PASSED
HIV_p24,HIV_p24_Var_20_114152122,TLNAWVKVV,94.2%,PASSED
HIV_p24,HIV_p24_Var_20_114152122,YVDRFYKTL,94.2%,PASSED
HIV_p24,HIV_p24_Var_21_114149305,TLNAWVKVV,94.2%,PASSED
HIV_p24,HIV_p24_Var_21_114149305,YVDRFYKTL,94.2%,PASSED
HIV_p24,HIV_p24_Var_22_114149304,TLNAWVKVV,94.2%,PASSED
HIV_p24,HIV_p24_Var_22_114149304,YVDRFYKTL,94.2%,PASSED
HIV_p24,HIV_p24_Var_23_77416891,VLAEAMSQV,94.2%,PASSED
HIV_p24,HIV_p24_Var_23_77416891,ATLEEMMTA,94.2%,PASSED
HIV_p24,HIV_p24_Var_23_77416891,TLNAWVKVV,94.2%,PASSED
HIV_p24,HIV_p24_Var_24_77416888,VLAEAMSQV,94.2%,PASSED
HIV_p24,HIV_p24_Var_24_77416888,ATLEEMMTA,94.2%,PASSED
HIV_p24,HIV_p24_Var_24_77416888,TLNAWVKVV,94.2%,PASSED
HIV_p24,HIV_p24_Var_24_77416888,YVDRFYKTL,94.2%,PASSED
HIV_p24,HIV_p24_Var_25_77416887,VLAEAMSQV,94.2%,PASSED
HIV_p24,HIV_p24_Var_25_77416887,ATLEEMMTA,94.2%,PASSED
HIV_p24,HIV_p24_Var_25_77416887,YVDRFYKTL,94.2%,PASSED
HIV_p24,HIV_p24_Var_26_77416883,VLAEAMSQV,94.2%,PASSED
HIV_p24,HIV_p24_Var_26_77416883,ATLEEMMTA,94.2%,PASSED
HIV_p24,HIV_p24_Var_26_77416883,YVDRFYKTL,94.2%,PASSED
HIV_p24,HIV_p24_Var_27_120843,VLAEAMSQV,94.2%,PASSED
HIV_p24,HIV_p24_Var_27_120843,ATLEEMMTA,94.2%,PASSED
HIV_p24,HIV_p24_Var_27_120843,TLNAWVKVV,94.2%,PASSED
HIV_p24,HIV_p24_Var_28_120840,VLAEAMSQV,94.2%,PASSED
HIV_p24,HIV_p24_Var_28_120840,ATLEEMMTA,94.2%,PASSED
HIV_p24,HIV_p24_Var_28_120840,TLNAWVKVV,94.2%,PASSED
HIV_p24,HIV_p24_Var_28_120840,YVDRFYKTL,94.2%,PASSED
HIV_p24,HIV_p24_Var_29_120836,VLAEAMSQV,94.2%,PASSED
HIV_p24,HIV_p24_Var_29_120836,ATLEEMMTA,94.2%,PASSED
HIV_p24,HIV_p24_Var_29_120836,YVDRFYKTL,94.2%,PASSED
HIV_p24,HIV_p24_Var_2_115502561,VLAEAMSQV,94.2%,PASSED
HIV_p24,HIV_p24_Var_2_115502561,ATLEEMMTA,94.2%,PASSED
HIV_p24,HIV_p24_Var_2_115502561,TLNAWVKVV,94.2%,PASSED
HIV_p24,HIV_p24_Var_2_115502561,YVDRFYKTL,94.2%,PASSED
HIV_p24,HIV_p24_Var_30_120833,VLAEAMSQV,94.2%,PASSED
HIV_p24,HIV_p24_Var_30_120833,ATLEEMMTA,94.2%,PASSED
HIV_p24,HIV_p24_Var_30_120833,YVDRFYKTL,94.2%,PASSED
HIV_p24,HIV_p24_Var_3_110815947,TLNAWVKVV,94.2%,PASSED
HIV_p24,HIV_p24_Var_4_110815944,YVDRFYKTL,94.2%,PASSED
HIV_p24,HIV_p24_Var_5_110815941,VLAEAMSQV,94.2%,PASSED
HIV_p24,HIV_p24_Var_5_110815941,TLNAWVKVV,94.2%,PASSED
HIV_p24,HIV_p24_Var_6_110815940,YVDRFYKTL,94.2%,PASSED
HIV_p24,HIV_p24_Var_7_82281206,VLAEAMSQV,94.2%,PASSED
HIV_p24,HIV_p24_Var_7_82281206,TLNAWVKVV,94.2%,PASSED
HIV_p24,HIV_p24_Var_8_82280741,VLAEAMSQV,94.2%,PASSED
HIV_p24,HIV_p24_Var_8_82280741,ATLEEMMTA,94.2%,PASSED
HIV_p24,HIV_p24_Var_8_82280741,YVDRFYKTL,94.2%,PASSED
HIV_p24,HIV_p24_Var_9_82280442,ATLEEMMTA,94.2%,PASSED
Mpox_A35R,Mpox_A35R_Var_10_2811178253,IMDFIGPYI,94.2%,PASSED
Mpox_A35R,Mpox_A35R_Var_10_2811178253,YIIGNIKIV,94.2%,PASSED
Mpox_A35R,Mpox_A35R_Var_11_2811178072,IMDFIGPYI,94.2%,PASSED
Mpox_A35R,Mpox_A35R_Var_11_2811178072,YIIGNIKIV,94.2%,PASSED
Mpox_A35R,Mpox_A35R_Var_12_2811177338,IMDFIGPYI,94.2%,PASSED
Mpox_A35R,Mpox_A35R_Var_12_2811177338,YIIGNIKIV,94.2%,PASSED
Mpox_A35R,Mpox_A35R_Var_13_2811177157,IMDFIGPYI,94.2%,PASSED
Mpox_A35R,Mpox_A35R_Var_13_2811177157,YIIGNIKIV,94.2%,PASSED
Mpox_A35R,Mpox_A35R_Var_14_2753775795,IMDFIGPYI,94.2%,PASSED
Mpox_A35R,Mpox_A35R_Var_14_2753775795,YIIGNIKIV,94.2%,PASSED
Mpox_A35R,Mpox_A35R_Var_15_2753775618,IMDFIGPYI,94.2%,PASSED
Mpox_A35R,Mpox_A35R_Var_15_2753775618,YIIGNIKIV,94.2%,PASSED
Mpox_A35R,Mpox_A35R_Var_16_2753775438,IMDFIGPYI,94.2%,PASSED
Mpox_A35R,Mpox_A35R_Var_16_2753775438,YIIGNIKIV,94.2%,PASSED
Mpox_A35R,Mpox_A35R_Var_1_2835480444,IMDFIGPYI,94.2%,PASSED
Mpox_A35R,Mpox_A35R_Var_1_2835480444,YIIGNIKIV,94.2%,PASSED
Mpox_A35R,Mpox_A35R_Var_2_2835479726,IMDFIGPYI,94.2%,PASSED
Mpox_A35R,Mpox_A35R_Var_2_2835479726,YIIGNIKIV,94.2%,PASSED
Mpox_A35R,Mpox_A35R_Var_3_2835479013,IMDFIGPYI,94.2%,PASSED
Mpox_A35R,Mpox_A35R_Var_3_2835479013,YIIGNIKIV,94.2%,PASSED
Mpox_A35R,Mpox_A35R_Var_4_2811179914,IMDFIGPYI,94.2%,PASSED
Mpox_A35R,Mpox_A35R_Var_4_2811179914,YIIGNIKIV,94.2%,PASSED
Mpox_A35R,Mpox_A35R_Var_5_2811179730,IMDFIGPYI,94.2%,PASSED
Mpox_A35R,Mpox_A35R_Var_5_2811179730,YIIGNIKIV,94.2%,PASSED
Mpox_A35R,Mpox_A35R_Var_6_2811179543,IMDFIGPYI,94.2%,PASSED
Mpox_A35R,Mpox_A35R_Var_6_2811179543,YIIGNIKIV,94.2%,PASSED
Mpox_A35R,Mpox_A35R_Var_7_2811179357,IMDFIGPYI,94.2%,PASSED
Mpox_A35R,Mpox_A35R_Var_7_2811179357,YIIGNIKIV,94.2%,PASSED
Mpox_A35R,Mpox_A35R_Var_8_2811179174,IMDFIGPYI,94.2%,PASSED
Mpox_A35R,Mpox_A35R_Var_8_2811179174,YIIGNIKIV,94.2%,PASSED
Mpox_A35R,Mpox_A35R_Var_9_2811178619,IMDFIGPYI,94.2%,PASSED
Mpox_A35R,Mpox_A35R_Var_9_2811178619,YIIGNIKIV,94.2%,PASSED
Mpox_B5R,Mpox_B5R_Var_10_2566844204,ILDTVNIYI,94.2%,PASSED
Mpox_B5R,Mpox_B5R_Var_10_2566844204,FLSYILDTV,94.2%,PASSED
Mpox_B5R,Mpox_B5R_Var_10_2566844204,IIFDAVESL,94.2%,PASSED
Mpox_B5R,Mpox_B5R_Var_10_2566844204,ILLSKRPSL,94.2%,PASSED
Mpox_B5R,Mpox_B5R_Var_10_2566844204,ILINHRFYI,94.2%,PASSED
Mpox_B5R,Mpox_B5R_Var_10_2566844204,IMIPSMIAI,94.2%,PASSED
Mpox_B5R,Mpox_B5R_Var_10_2566844204,SLHQYKWYI,94.2%,PASSED
Mpox_B5R,Mpox_B5R_Var_10_2566844204,LLISKGANV,94.2%,PASSED
Mpox_B5R,Mpox_B5R_Var_10_2566844204,SIYLFLHYI,94.2%,PASSED
Mpox_B5R,Mpox_B5R_Var_10_2566844204,NIKEYVYQL,94.2%,PASSED
Mpox_B5R,Mpox_B5R_Var_10_2566844204,EILDWSIYL,94.2%,PASSED
Mpox_B5R,Mpox_B5R_Var_10_2566844204,IMIFFLDRV,94.2%,PASSED
Mpox_B5R,Mpox_B5R_Var_10_2566844204,FIDAANTNI,94.2%,PASSED
Mpox_B5R,Mpox_B5R_Var_10_2566844204,HLDNSIRLM,94.2%,PASSED
Mpox_B5R,Mpox_B5R_Var_10_2566844204,ILDWSIYLF,94.2%,PASSED
Mpox_B5R,Mpox_B5R_Var_10_2566844204,FFLDRVLNI,94.2%,PASSED
Mpox_B5R,Mpox_B5R_Var_10_2566844204,GIIHGISLI,94.2%,PASSED
Mpox_B5R,Mpox_B5R_Var_11_2566844026,TLLCVLPAV,94.2%,PASSED
Mpox_B5R,Mpox_B5R_Var_11_2566844026,TVSDYVSEL,94.2%,PASSED
Mpox_B5R,Mpox_B5R_Var_11_2566844026,IMALTIMGV,94.2%,PASSED
Mpox_B5R,Mpox_B5R_Var_11_2566844026,TIMGVIFLI,94.2%,PASSED
Mpox_B5R,Mpox_B5R_Var_11_2566844026,FSIGGVIHL,94.2%,PASSED
Mpox_B5R,Mpox_B5R_Var_11_2566844026,KTISVVTLL,94.2%,PASSED
Mpox_B5R,Mpox_B5R_Var_11_2566844026,KMCTVSDYV,94.2%,PASSED
Mpox_B5R,Mpox_B5R_Var_11_2566844026,VLPAVVYST,94.2%,PASSED
Mpox_B5R,Mpox_B5R_Var_12_2566844025,ILDTVNIYI,94.2%,PASSED
Mpox_B5R,Mpox_B5R_Var_12_2566844025,FLSYILDTV,94.2%,PASSED
Mpox_B5R,Mpox_B5R_Var_12_2566844025,IIFDAVESL,94.2%,PASSED
Mpox_B5R,Mpox_B5R_Var_12_2566844025,ILLSKRPSL,94.2%,PASSED
Mpox_B5R,Mpox_B5R_Var_12_2566844025,ILINHRFYI,94.2%,PASSED
Mpox_B5R,Mpox_B5R_Var_12_2566844025,IMIPSMIAI,94.2%,PASSED
Mpox_B5R,Mpox_B5R_Var_12_2566844025,SLHQYKWYI,94.2%,PASSED
Mpox_B5R,Mpox_B5R_Var_12_2566844025,LLISKGANV,94.2%,PASSED
Mpox_B5R,Mpox_B5R_Var_12_2566844025,SIYLFLHYI,94.2%,PASSED
Mpox_B5R,Mpox_B5R_Var_12_2566844025,NIKEYVYQL,94.2%,PASSED
Mpox_B5R,Mpox_B5R_Var_12_2566844025,EILDWSIYL,94.2%,PASSED
Mpox_B5R,Mpox_B5R_Var_12_2566844025,IMIFFLDRV,94.2%,PASSED
Mpox_B5R,Mpox_B5R_Var_12_2566844025,FIDAANTNI,94.2%,PASSED
Mpox_B5R,Mpox_B5R_Var_12_2566844025,HLDNSIRLM,94.2%,PASSED
Mpox_B5R,Mpox_B5R_Var_12_2566844025,ILDWSIYLF,94.2%,PASSED
Mpox_B5R,Mpox_B5R_Var_12_2566844025,FFLDRVLNI,94.2%,PASSED
Mpox_B5R,Mpox_B5R_Var_12_2566844025,GIIHGISLI,94.2%,PASSED
Mpox_B5R,Mpox_B5R_Var_13_2566843847,TLLCVLPAV,94.2%,PASSED
Mpox_B5R,Mpox_B5R_Var_13_2566843847,TVSDYVSEL,94.2%,PASSED
Mpox_B5R,Mpox_B5R_Var_13_2566843847,IMALTIMGV,94.2%,PASSED
Mpox_B5R,Mpox_B5R_Var_13_2566843847,TIMGVIFLI,94.2%,PASSED
Mpox_B5R,Mpox_B5R_Var_13_2566843847,FSIGGVIHL,94.2%,PASSED
Mpox_B5R,Mpox_B5R_Var_13_2566843847,KTISVVTLL,94.2%,PASSED
Mpox_B5R,Mpox_B5R_Var_13_2566843847,KMCTVSDYV,94.2%,PASSED
Mpox_B5R,Mpox_B5R_Var_13_2566843847,VLPAVVYST,94.2%,PASSED
Mpox_B5R,Mpox_B5R_Var_14_2566843846,ILDTVNIYI,94.2%,PASSED
Mpox_B5R,Mpox_B5R_Var_14_2566843846,FLSYILDTV,94.2%,PASSED
Mpox_B5R,Mpox_B5R_Var_14_2566843846,IIFDAVESL,94.2%,PASSED
Mpox_B5R,Mpox_B5R_Var_14_2566843846,ILLSKRPSL,94.2%,PASSED
Mpox_B5R,Mpox_B5R_Var_14_2566843846,ILINHRFYI,94.2%,PASSED
Mpox_B5R,Mpox_B5R_Var_14_2566843846,IMIPSMIAI,94.2%,PASSED
Mpox_B5R,Mpox_B5R_Var_14_2566843846,SLHQYKWYI,94.2%,PASSED
Mpox_B5R,Mpox_B5R_Var_14_2566843846,LLISKGANV,94.2%,PASSED
Mpox_B5R,Mpox_B5R_Var_14_2566843846,SIYLFLHYI,94.2%,PASSED
Mpox_B5R,Mpox_B5R_Var_14_2566843846,NIKEYVYQL,94.2%,PASSED
Mpox_B5R,Mpox_B5R_Var_14_2566843846,EILDWSIYL,94.2%,PASSED
Mpox_B5R,Mpox_B5R_Var_14_2566843846,IMIFFLDRV,94.2%,PASSED
Mpox_B5R,Mpox_B5R_Var_14_2566843846,FIDAANTNI,94.2%,PASSED
Mpox_B5R,Mpox_B5R_Var_14_2566843846,HLDNSIRLM,94.2%,PASSED
Mpox_B5R,Mpox_B5R_Var_14_2566843846,ILDWSIYLF,94.2%,PASSED
Mpox_B5R,Mpox_B5R_Var_14_2566843846,FFLDRVLNI,94.2%,PASSED
Mpox_B5R,Mpox_B5R_Var_14_2566843846,GIIHGISLI,94.2%,PASSED
Mpox_B5R,Mpox_B5R_Var_15_2566843668,TLLCVLPAV,94.2%,PASSED
Mpox_B5R,Mpox_B5R_Var_15_2566843668,TVSDYVSEL,94.2%,PASSED
Mpox_B5R,Mpox_B5R_Var_15_2566843668,IMALTIMGV,94.2%,PASSED
Mpox_B5R,Mpox_B5R_Var_15_2566843668,TIMGVIFLI,94.2%,PASSED
Mpox_B5R,Mpox_B5R_Var_15_2566843668,FSIGGVIHL,94.2%,PASSED
Mpox_B5R,Mpox_B5R_Var_15_2566843668,KTISVVTLL,94.2%,PASSED
Mpox_B5R,Mpox_B5R_Var_15_2566843668,KMCTVSDYV,94.2%,PASSED
Mpox_B5R,Mpox_B5R_Var_15_2566843668,VLPAVVYST,94.2%,PASSED
Mpox_B5R,Mpox_B5R_Var_16_2566843667,ILDTVNIYI,94.2%,PASSED
Mpox_B5R,Mpox_B5R_Var_16_2566843667,FLSYILDTV,94.2%,PASSED
Mpox_B5R,Mpox_B5R_Var_16_2566843667,IIFDAVESL,94.2%,PASSED
Mpox_B5R,Mpox_B5R_Var_16_2566843667,ILLSKRPSL,94.2%,PASSED
Mpox_B5R,Mpox_B5R_Var_16_2566843667,ILINHRFYI,94.2%,PASSED
Mpox_B5R,Mpox_B5R_Var_16_2566843667,IMIPSMIAI,94.2%,PASSED
Mpox_B5R,Mpox_B5R_Var_16_2566843667,SLHQYKWYI,94.2%,PASSED
Mpox_B5R,Mpox_B5R_Var_16_2566843667,LLISKGANV,94.2%,PASSED
Mpox_B5R,Mpox_B5R_Var_16_2566843667,SIYLFLHYI,94.2%,PASSED
Mpox_B5R,Mpox_B5R_Var_16_2566843667,NIKEYVYQL,94.2%,PASSED
Mpox_B5R,Mpox_B5R_Var_16_2566843667,EILDWSIYL,94.2%,PASSED
Mpox_B5R,Mpox_B5R_Var_16_2566843667,IMIFFLDRV,94.2%,PASSED
Mpox_B5R,Mpox_B5R_Var_16_2566843667,FIDAANTNI,94.2%,PASSED
Mpox_B5R,Mpox_B5R_Var_16_2566843667,HLDNSIRLM,94.2%,PASSED
Mpox_B5R,Mpox_B5R_Var_16_2566843667,ILDWSIYLF,94.2%,PASSED
Mpox_B5R,Mpox_B5R_Var_16_2566843667,FFLDRVLNI,94.2%,PASSED
Mpox_B5R,Mpox_B5R_Var_16_2566843667,GIIHGISLI,94.2%,PASSED
Mpox_B5R,Mpox_B5R_Var_17_2566843489,TLLCVLPAV,94.2%,PASSED
Mpox_B5R,Mpox_B5R_Var_17_2566843489,TVSDYVSEL,94.2%,PASSED
Mpox_B5R,Mpox_B5R_Var_17_2566843489,IMALTIMGV,94.2%,PASSED
Mpox_B5R,Mpox_B5R_Var_17_2566843489,TIMGVIFLI,94.2%,PASSED
Mpox_B5R,Mpox_B5R_Var_17_2566843489,FSIGGVIHL,94.2%,PASSED
Mpox_B5R,Mpox_B5R_Var_17_2566843489,KTISVVTLL,94.2%,PASSED
Mpox_B5R,Mpox_B5R_Var_17_2566843489,KMCTVSDYV,94.2%,PASSED
Mpox_B5R,Mpox_B5R_Var_17_2566843489,VLPAVVYST,94.2%,PASSED
Mpox_B5R,Mpox_B5R_Var_18_2566843488,ILDTVNIYI,94.2%,PASSED
Mpox_B5R,Mpox_B5R_Var_18_2566843488,FLSYILDTV,94.2%,PASSED
Mpox_B5R,Mpox_B5R_Var_18_2566843488,IIFDAVESL,94.2%,PASSED
Mpox_B5R,Mpox_B5R_Var_18_2566843488,ILLSKRPSL,94.2%,PASSED
Mpox_B5R,Mpox_B5R_Var_18_2566843488,ILINHRFYI,94.2%,PASSED
Mpox_B5R,Mpox_B5R_Var_18_2566843488,IMIPSMIAI,94.2%,PASSED
Mpox_B5R,Mpox_B5R_Var_18_2566843488,SLHQYKWYI,94.2%,PASSED
Mpox_B5R,Mpox_B5R_Var_18_2566843488,LLISKGANV,94.2%,PASSED
Mpox_B5R,Mpox_B5R_Var_18_2566843488,SIYLFLHYI,94.2%,PASSED
Mpox_B5R,Mpox_B5R_Var_18_2566843488,NIKEYVYQL,94.2%,PASSED
Mpox_B5R,Mpox_B5R_Var_18_2566843488,EILDWSIYL,94.2%,PASSED
Mpox_B5R,Mpox_B5R_Var_18_2566843488,IMIFFLDRV,94.2%,PASSED
Mpox_B5R,Mpox_B5R_Var_18_2566843488,FIDAANTNI,94.2%,PASSED
Mpox_B5R,Mpox_B5R_Var_18_2566843488,HLDNSIRLM,94.2%,PASSED
Mpox_B5R,Mpox_B5R_Var_18_2566843488,ILDWSIYLF,94.2%,PASSED
Mpox_B5R,Mpox_B5R_Var_18_2566843488,FFLDRVLNI,94.2%,PASSED
Mpox_B5R,Mpox_B5R_Var_18_2566843488,GIIHGISLI,94.2%,PASSED
Mpox_B5R,Mpox_B5R_Var_19_2566843310,TLLCVLPAV,94.2%,PASSED
Mpox_B5R,Mpox_B5R_Var_19_2566843310,TVSDYVSEL,94.2%,PASSED
Mpox_B5R,Mpox_B5R_Var_19_2566843310,IMALTIMGV,94.2%,PASSED
Mpox_B5R,Mpox_B5R_Var_19_2566843310,TIMGVIFLI,94.2%,PASSED
Mpox_B5R,Mpox_B5R_Var_19_2566843310,FSIGGVIHL,94.2%,PASSED
Mpox_B5R,Mpox_B5R_Var_19_2566843310,KTISVVTLL,94.2%,PASSED
Mpox_B5R,Mpox_B5R_Var_19_2566843310,KMCTVSDYV,94.2%,PASSED
Mpox_B5R,Mpox_B5R_Var_19_2566843310,VLPAVVYST,94.2%,PASSED
Mpox_B5R,Mpox_B5R_Var_1_2637787204,TLLCVLPAV,94.2%,PASSED
Mpox_B5R,Mpox_B5R_Var_1_2637787204,TVSDYVSEL,94.2%,PASSED
Mpox_B5R,Mpox_B5R_Var_1_2637787204,IMALTIMGV,94.2%,PASSED
Mpox_B5R,Mpox_B5R_Var_1_2637787204,TIMGVIFLI,94.2%,PASSED
Mpox_B5R,Mpox_B5R_Var_1_2637787204,FSIGGVIHL,94.2%,PASSED
Mpox_B5R,Mpox_B5R_Var_1_2637787204,KTISVVTLL,94.2%,PASSED
Mpox_B5R,Mpox_B5R_Var_1_2637787204,KMCTVSDYV,94.2%,PASSED
Mpox_B5R,Mpox_B5R_Var_1_2637787204,VLPAVVYST,94.2%,PASSED
Mpox_B5R,Mpox_B5R_Var_20_2566843309,ILDTVNIYI,94.2%,PASSED
Mpox_B5R,Mpox_B5R_Var_20_2566843309,FLSYILDTV,94.2%,PASSED
Mpox_B5R,Mpox_B5R_Var_20_2566843309,IIFDAVESL,94.2%,PASSED
Mpox_B5R,Mpox_B5R_Var_20_2566843309,ILLSKRPSL,94.2%,PASSED
Mpox_B5R,Mpox_B5R_Var_20_2566843309,ILINHRFYI,94.2%,PASSED
Mpox_B5R,Mpox_B5R_Var_20_2566843309,IMIPSMIAI,94.2%,PASSED
Mpox_B5R,Mpox_B5R_Var_20_2566843309,SLHQYKWYI,94.2%,PASSED
Mpox_B5R,Mpox_B5R_Var_20_2566843309,LLISKGANV,94.2%,PASSED
Mpox_B5R,Mpox_B5R_Var_20_2566843309,SIYLFLHYI,94.2%,PASSED
Mpox_B5R,Mpox_B5R_Var_20_2566843309,NIKEYVYQL,94.2%,PASSED
Mpox_B5R,Mpox_B5R_Var_20_2566843309,EILDWSIYL,94.2%,PASSED
Mpox_B5R,Mpox_B5R_Var_20_2566843309,IMIFFLDRV,94.2%,PASSED
Mpox_B5R,Mpox_B5R_Var_20_2566843309,FIDAANTNI,94.2%,PASSED
Mpox_B5R,Mpox_B5R_Var_20_2566843309,HLDNSIRLM,94.2%,PASSED
Mpox_B5R,Mpox_B5R_Var_20_2566843309,ILDWSIYLF,94.2%,PASSED
Mpox_B5R,Mpox_B5R_Var_20_2566843309,FFLDRVLNI,94.2%,PASSED
Mpox_B5R,Mpox_B5R_Var_20_2566843309,GIIHGISLI,94.2%,PASSED
Mpox_B5R,Mpox_B5R_Var_21_2566843131,TLLCVLPAV,94.2%,PASSED
Mpox_B5R,Mpox_B5R_Var_21_2566843131,TVSDYVSEL,94.2%,PASSED
Mpox_B5R,Mpox_B5R_Var_21_2566843131,IMALTIMGV,94.2%,PASSED
Mpox_B5R,Mpox_B5R_Var_21_2566843131,TIMGVIFLI,94.2%,PASSED
Mpox_B5R,Mpox_B5R_Var_21_2566843131,FSIGGVIHL,94.2%,PASSED
Mpox_B5R,Mpox_B5R_Var_21_2566843131,KTISVVTLL,94.2%,PASSED
Mpox_B5R,Mpox_B5R_Var_21_2566843131,KMCTVSDYV,94.2%,PASSED
Mpox_B5R,Mpox_B5R_Var_21_2566843131,VLPAVVYST,94.2%,PASSED
Mpox_B5R,Mpox_B5R_Var_22_2566843130,ILDTVNIYI,94.2%,PASSED
Mpox_B5R,Mpox_B5R_Var_22_2566843130,FLSYILDTV,94.2%,PASSED
Mpox_B5R,Mpox_B5R_Var_22_2566843130,IIFDAVESL,94.2%,PASSED
Mpox_B5R,Mpox_B5R_Var_22_2566843130,ILLSKRPSL,94.2%,PASSED
Mpox_B5R,Mpox_B5R_Var_22_2566843130,ILINHRFYI,94.2%,PASSED
Mpox_B5R,Mpox_B5R_Var_22_2566843130,IMIPSMIAI,94.2%,PASSED
Mpox_B5R,Mpox_B5R_Var_22_2566843130,SLHQYKWYI,94.2%,PASSED
Mpox_B5R,Mpox_B5R_Var_22_2566843130,LLISKGANV,94.2%,PASSED
Mpox_B5R,Mpox_B5R_Var_22_2566843130,SIYLFLHYI,94.2%,PASSED
Mpox_B5R,Mpox_B5R_Var_22_2566843130,NIKEYVYQL,94.2%,PASSED
Mpox_B5R,Mpox_B5R_Var_22_2566843130,EILDWSIYL,94.2%,PASSED
Mpox_B5R,Mpox_B5R_Var_22_2566843130,IMIFFLDRV,94.2%,PASSED
Mpox_B5R,Mpox_B5R_Var_22_2566843130,FIDAANTNI,94.2%,PASSED
Mpox_B5R,Mpox_B5R_Var_22_2566843130,HLDNSIRLM,94.2%,PASSED
Mpox_B5R,Mpox_B5R_Var_22_2566843130,ILDWSIYLF,94.2%,PASSED
Mpox_B5R,Mpox_B5R_Var_22_2566843130,FFLDRVLNI,94.2%,PASSED
Mpox_B5R,Mpox_B5R_Var_22_2566843130,GIIHGISLI,94.2%,PASSED
Mpox_B5R,Mpox_B5R_Var_23_2566842952,TLLCVLPAV,94.2%,PASSED
Mpox_B5R,Mpox_B5R_Var_23_2566842952,TVSDYVSEL,94.2%,PASSED
Mpox_B5R,Mpox_B5R_Var_23_2566842952,IMALTIMGV,94.2%,PASSED
Mpox_B5R,Mpox_B5R_Var_23_2566842952,TIMGVIFLI,94.2%,PASSED
Mpox_B5R,Mpox_B5R_Var_23_2566842952,FSIGGVIHL,94.2%,PASSED
Mpox_B5R,Mpox_B5R_Var_23_2566842952,KTISVVTLL,94.2%,PASSED
Mpox_B5R,Mpox_B5R_Var_23_2566842952,KMCTVSDYV,94.2%,PASSED
Mpox_B5R,Mpox_B5R_Var_23_2566842952,VLPAVVYST,94.2%,PASSED
Mpox_B5R,Mpox_B5R_Var_24_2566842951,ILDTVNIYI,94.2%,PASSED
Mpox_B5R,Mpox_B5R_Var_24_2566842951,FLSYILDTV,94.2%,PASSED
Mpox_B5R,Mpox_B5R_Var_24_2566842951,IIFDAVESL,94.2%,PASSED
Mpox_B5R,Mpox_B5R_Var_24_2566842951,ILLSKRPSL,94.2%,PASSED
Mpox_B5R,Mpox_B5R_Var_24_2566842951,ILINHRFYI,94.2%,PASSED
Mpox_B5R,Mpox_B5R_Var_24_2566842951,IMIPSMIAI,94.2%,PASSED
Mpox_B5R,Mpox_B5R_Var_24_2566842951,SLHQYKWYI,94.2%,PASSED
Mpox_B5R,Mpox_B5R_Var_24_2566842951,LLISKGANV,94.2%,PASSED
Mpox_B5R,Mpox_B5R_Var_24_2566842951,SIYLFLHYI,94.2%,PASSED
Mpox_B5R,Mpox_B5R_Var_24_2566842951,NIKEYVYQL,94.2%,PASSED
Mpox_B5R,Mpox_B5R_Var_24_2566842951,EILDWSIYL,94.2%,PASSED
Mpox_B5R,Mpox_B5R_Var_24_2566842951,IMIFFLDRV,94.2%,PASSED
Mpox_B5R,Mpox_B5R_Var_24_2566842951,FIDAANTNI,94.2%,PASSED
Mpox_B5R,Mpox_B5R_Var_24_2566842951,HLDNSIRLM,94.2%,PASSED
Mpox_B5R,Mpox_B5R_Var_24_2566842951,ILDWSIYLF,94.2%,PASSED
Mpox_B5R,Mpox_B5R_Var_24_2566842951,FFLDRVLNI,94.2%,PASSED
Mpox_B5R,Mpox_B5R_Var_24_2566842951,GIIHGISLI,94.2%,PASSED
Mpox_B5R,Mpox_B5R_Var_25_2566842773,TLLCVLPAV,94.2%,PASSED
Mpox_B5R,Mpox_B5R_Var_25_2566842773,TVSDYVSEL,94.2%,PASSED
Mpox_B5R,Mpox_B5R_Var_25_2566842773,IMALTIMGV,94.2%,PASSED
Mpox_B5R,Mpox_B5R_Var_25_2566842773,TIMGVIFLI,94.2%,PASSED
Mpox_B5R,Mpox_B5R_Var_25_2566842773,FSIGGVIHL,94.2%,PASSED
Mpox_B5R,Mpox_B5R_Var_25_2566842773,KTISVVTLL,94.2%,PASSED
Mpox_B5R,Mpox_B5R_Var_25_2566842773,KMCTVSDYV,94.2%,PASSED
Mpox_B5R,Mpox_B5R_Var_25_2566842773,VLPAVVYST,94.2%,PASSED
Mpox_B5R,Mpox_B5R_Var_26_2566842772,ILDTVNIYI,94.2%,PASSED
Mpox_B5R,Mpox_B5R_Var_26_2566842772,FLSYILDTV,94.2%,PASSED
Mpox_B5R,Mpox_B5R_Var_26_2566842772,IIFDAVESL,94.2%,PASSED
Mpox_B5R,Mpox_B5R_Var_26_2566842772,ILLSKRPSL,94.2%,PASSED
Mpox_B5R,Mpox_B5R_Var_26_2566842772,ILINHRFYI,94.2%,PASSED
Mpox_B5R,Mpox_B5R_Var_26_2566842772,IMIPSMIAI,94.2%,PASSED
Mpox_B5R,Mpox_B5R_Var_26_2566842772,SLHQYKWYI,94.2%,PASSED
Mpox_B5R,Mpox_B5R_Var_26_2566842772,LLISKGANV,94.2%,PASSED
Mpox_B5R,Mpox_B5R_Var_26_2566842772,SIYLFLHYI,94.2%,PASSED
Mpox_B5R,Mpox_B5R_Var_26_2566842772,NIKEYVYQL,94.2%,PASSED
Mpox_B5R,Mpox_B5R_Var_26_2566842772,EILDWSIYL,94.2%,PASSED
Mpox_B5R,Mpox_B5R_Var_26_2566842772,IMIFFLDRV,94.2%,PASSED
Mpox_B5R,Mpox_B5R_Var_26_2566842772,FIDAANTNI,94.2%,PASSED
Mpox_B5R,Mpox_B5R_Var_26_2566842772,HLDNSIRLM,94.2%,PASSED
Mpox_B5R,Mpox_B5R_Var_26_2566842772,ILDWSIYLF,94.2%,PASSED
Mpox_B5R,Mpox_B5R_Var_26_2566842772,FFLDRVLNI,94.2%,PASSED
Mpox_B5R,Mpox_B5R_Var_26_2566842772,GIIHGISLI,94.2%,PASSED
Mpox_B5R,Mpox_B5R_Var_27_2566842594,TLLCVLPAV,94.2%,PASSED
Mpox_B5R,Mpox_B5R_Var_27_2566842594,TVSDYVSEL,94.2%,PASSED
Mpox_B5R,Mpox_B5R_Var_27_2566842594,IMALTIMGV,94.2%,PASSED
Mpox_B5R,Mpox_B5R_Var_27_2566842594,TIMGVIFLI,94.2%,PASSED
Mpox_B5R,Mpox_B5R_Var_27_2566842594,FSIGGVIHL,94.2%,PASSED
Mpox_B5R,Mpox_B5R_Var_27_2566842594,KTISVVTLL,94.2%,PASSED
Mpox_B5R,Mpox_B5R_Var_27_2566842594,KMCTVSDYV,94.2%,PASSED
Mpox_B5R,Mpox_B5R_Var_27_2566842594,VLPAVVYST,94.2%,PASSED
Mpox_B5R,Mpox_B5R_Var_28_2566842593,ILDTVNIYI,94.2%,PASSED
Mpox_B5R,Mpox_B5R_Var_28_2566842593,FLSYILDTV,94.2%,PASSED
Mpox_B5R,Mpox_B5R_Var_28_2566842593,IIFDAVESL,94.2%,PASSED
Mpox_B5R,Mpox_B5R_Var_28_2566842593,ILLSKRPSL,94.2%,PASSED
Mpox_B5R,Mpox_B5R_Var_28_2566842593,ILINHRFYI,94.2%,PASSED
Mpox_B5R,Mpox_B5R_Var_28_2566842593,IMIPSMIAI,94.2%,PASSED
Mpox_B5R,Mpox_B5R_Var_28_2566842593,SLHQYKWYI,94.2%,PASSED
Mpox_B5R,Mpox_B5R_Var_28_2566842593,LLISKGANV,94.2%,PASSED
Mpox_B5R,Mpox_B5R_Var_28_2566842593,SIYLFLHYI,94.2%,PASSED
Mpox_B5R,Mpox_B5R_Var_28_2566842593,NIKEYVYQL,94.2%,PASSED
Mpox_B5R,Mpox_B5R_Var_28_2566842593,EILDWSIYL,94.2%,PASSED
Mpox_B5R,Mpox_B5R_Var_28_2566842593,IMIFFLDRV,94.2%,PASSED
Mpox_B5R,Mpox_B5R_Var_28_2566842593,FIDAANTNI,94.2%,PASSED
Mpox_B5R,Mpox_B5R_Var_28_2566842593,HLDNSIRLM,94.2%,PASSED
Mpox_B5R,Mpox_B5R_Var_28_2566842593,ILDWSIYLF,94.2%,PASSED
Mpox_B5R,Mpox_B5R_Var_28_2566842593,FFLDRVLNI,94.2%,PASSED
Mpox_B5R,Mpox_B5R_Var_28_2566842593,GIIHGISLI,94.2%,PASSED
Mpox_B5R,Mpox_B5R_Var_29_2566842415,TLLCVLPAV,94.2%,PASSED
Mpox_B5R,Mpox_B5R_Var_29_2566842415,TVSDYVSEL,94.2%,PASSED
Mpox_B5R,Mpox_B5R_Var_29_2566842415,IMALTIMGV,94.2%,PASSED
Mpox_B5R,Mpox_B5R_Var_29_2566842415,TIMGVIFLI,94.2%,PASSED
Mpox_B5R,Mpox_B5R_Var_29_2566842415,FSIGGVIHL,94.2%,PASSED
Mpox_B5R,Mpox_B5R_Var_29_2566842415,KTISVVTLL,94.2%,PASSED
Mpox_B5R,Mpox_B5R_Var_29_2566842415,KMCTVSDYV,94.2%,PASSED
Mpox_B5R,Mpox_B5R_Var_29_2566842415,VLPAVVYST,94.2%,PASSED
Mpox_B5R,Mpox_B5R_Var_2_2637787203,ILDTVNIYI,94.2%,PASSED
Mpox_B5R,Mpox_B5R_Var_2_2637787203,FLSYILDTV,94.2%,PASSED
Mpox_B5R,Mpox_B5R_Var_2_2637787203,IIFDAVESL,94.2%,PASSED
Mpox_B5R,Mpox_B5R_Var_2_2637787203,ILLSKRPSL,94.2%,PASSED
Mpox_B5R,Mpox_B5R_Var_2_2637787203,ILINHRFYI,94.2%,PASSED
Mpox_B5R,Mpox_B5R_Var_2_2637787203,IMIPSMIAI,94.2%,PASSED
Mpox_B5R,Mpox_B5R_Var_2_2637787203,SLHQYKWYI,94.2%,PASSED
Mpox_B5R,Mpox_B5R_Var_2_2637787203,LLISKGANV,94.2%,PASSED
Mpox_B5R,Mpox_B5R_Var_2_2637787203,SIYLFLHYI,94.2%,PASSED
Mpox_B5R,Mpox_B5R_Var_2_2637787203,NIKEYVYQL,94.2%,PASSED
Mpox_B5R,Mpox_B5R_Var_2_2637787203,EILDWSIYL,94.2%,PASSED
Mpox_B5R,Mpox_B5R_Var_2_2637787203,IMIFFLDRV,94.2%,PASSED
Mpox_B5R,Mpox_B5R_Var_2_2637787203,FIDAANTNI,94.2%,PASSED
Mpox_B5R,Mpox_B5R_Var_2_2637787203,HLDNSIRLM,94.2%,PASSED
Mpox_B5R,Mpox_B5R_Var_2_2637787203,ILDWSIYLF,94.2%,PASSED
Mpox_B5R,Mpox_B5R_Var_2_2637787203,FFLDRVLNI,94.2%,PASSED
Mpox_B5R,Mpox_B5R_Var_2_2637787203,GIIHGISLI,94.2%,PASSED
Mpox_B5R,Mpox_B5R_Var_30_2566842414,ILDTVNIYI,94.2%,PASSED
Mpox_B5R,Mpox_B5R_Var_30_2566842414,FLSYILDTV,94.2%,PASSED
Mpox_B5R,Mpox_B5R_Var_30_2566842414,IIFDAVESL,94.2%,PASSED
Mpox_B5R,Mpox_B5R_Var_30_2566842414,ILLSKRPSL,94.2%,PASSED
Mpox_B5R,Mpox_B5R_Var_30_2566842414,ILINHRFYI,94.2%,PASSED
Mpox_B5R,Mpox_B5R_Var_30_2566842414,IMIPSMIAI,94.2%,PASSED
Mpox_B5R,Mpox_B5R_Var_30_2566842414,SLHQYKWYI,94.2%,PASSED
Mpox_B5R,Mpox_B5R_Var_30_2566842414,LLISKGANV,94.2%,PASSED
Mpox_B5R,Mpox_B5R_Var_30_2566842414,SIYLFLHYI,94.2%,PASSED
Mpox_B5R,Mpox_B5R_Var_30_2566842414,NIKEYVYQL,94.2%,PASSED
Mpox_B5R,Mpox_B5R_Var_30_2566842414,EILDWSIYL,94.2%,PASSED
Mpox_B5R,Mpox_B5R_Var_30_2566842414,IMIFFLDRV,94.2%,PASSED
Mpox_B5R,Mpox_B5R_Var_30_2566842414,FIDAANTNI,94.2%,PASSED
Mpox_B5R,Mpox_B5R_Var_30_2566842414,HLDNSIRLM,94.2%,PASSED
Mpox_B5R,Mpox_B5R_Var_30_2566842414,ILDWSIYLF,94.2%,PASSED
Mpox_B5R,Mpox_B5R_Var_30_2566842414,FFLDRVLNI,94.2%,PASSED
Mpox_B5R,Mpox_B5R_Var_30_2566842414,GIIHGISLI,94.2%,PASSED
Mpox_B5R,Mpox_B5R_Var_3_2566844742,TLLCVLPAV,94.2%,PASSED
Mpox_B5R,Mpox_B5R_Var_3_2566844742,TVSDYVSEL,94.2%,PASSED
Mpox_B5R,Mpox_B5R_Var_3_2566844742,IMALTIMGV,94.2%,PASSED
Mpox_B5R,Mpox_B5R_Var_3_2566844742,TIMGVIFLI,94.2%,PASSED
Mpox_B5R,Mpox_B5R_Var_3_2566844742,FSIGGVIHL,94.2%,PASSED
Mpox_B5R,Mpox_B5R_Var_3_2566844742,KTISVVTLL,94.2%,PASSED
Mpox_B5R,Mpox_B5R_Var_3_2566844742,KMCTVSDYV,94.2%,PASSED
Mpox_B5R,Mpox_B5R_Var_3_2566844742,VLPAVVYST,94.2%,PASSED
Mpox_B5R,Mpox_B5R_Var_4_2566844741,ILDTVNIYI,94.2%,PASSED
Mpox_B5R,Mpox_B5R_Var_4_2566844741,FLSYILDTV,94.2%,PASSED
Mpox_B5R,Mpox_B5R_Var_4_2566844741,IIFDAVESL,94.2%,PASSED
Mpox_B5R,Mpox_B5R_Var_4_2566844741,ILLSKRPSL,94.2%,PASSED
Mpox_B5R,Mpox_B5R_Var_4_2566844741,ILINHRFYI,94.2%,PASSED
Mpox_B5R,Mpox_B5R_Var_4_2566844741,IMIPSMIAI,94.2%,PASSED
Mpox_B5R,Mpox_B5R_Var_4_2566844741,SLHQYKWYI,94.2%,PASSED
Mpox_B5R,Mpox_B5R_Var_4_2566844741,LLISKGANV,94.2%,PASSED
Mpox_B5R,Mpox_B5R_Var_4_2566844741,SIYLFLHYI,94.2%,PASSED
Mpox_B5R,Mpox_B5R_Var_4_2566844741,NIKEYVYQL,94.2%,PASSED
Mpox_B5R,Mpox_B5R_Var_4_2566844741,EILDWSIYL,94.2%,PASSED
Mpox_B5R,Mpox_B5R_Var_4_2566844741,IMIFFLDRV,94.2%,PASSED
Mpox_B5R,Mpox_B5R_Var_4_2566844741,FIDAANTNI,94.2%,PASSED
Mpox_B5R,Mpox_B5R_Var_4_2566844741,HLDNSIRLM,94.2%,PASSED
Mpox_B5R,Mpox_B5R_Var_4_2566844741,ILDWSIYLF,94.2%,PASSED
Mpox_B5R,Mpox_B5R_Var_4_2566844741,FFLDRVLNI,94.2%,PASSED
Mpox_B5R,Mpox_B5R_Var_4_2566844741,GIIHGISLI,94.2%,PASSED
Mpox_B5R,Mpox_B5R_Var_5_2566844563,TLLCVLPAV,94.2%,PASSED
Mpox_B5R,Mpox_B5R_Var_5_2566844563,TVSDYVSEL,94.2%,PASSED
Mpox_B5R,Mpox_B5R_Var_5_2566844563,IMALTIMGV,94.2%,PASSED
Mpox_B5R,Mpox_B5R_Var_5_2566844563,TIMGVIFLI,94.2%,PASSED
Mpox_B5R,Mpox_B5R_Var_5_2566844563,FSIGGVIHL,94.2%,PASSED
Mpox_B5R,Mpox_B5R_Var_5_2566844563,KTISVVTLL,94.2%,PASSED
Mpox_B5R,Mpox_B5R_Var_5_2566844563,KMCTVSDYV,94.2%,PASSED
Mpox_B5R,Mpox_B5R_Var_5_2566844563,VLPAVVYST,94.2%,PASSED
Mpox_B5R,Mpox_B5R_Var_6_2566844562,ILDTVNIYI,94.2%,PASSED
Mpox_B5R,Mpox_B5R_Var_6_2566844562,FLSYILDTV,94.2%,PASSED
Mpox_B5R,Mpox_B5R_Var_6_2566844562,IIFDAVESL,94.2%,PASSED
Mpox_B5R,Mpox_B5R_Var_6_2566844562,ILLSKRPSL,94.2%,PASSED
Mpox_B5R,Mpox_B5R_Var_6_2566844562,ILINHRFYI,94.2%,PASSED
Mpox_B5R,Mpox_B5R_Var_6_2566844562,IMIPSMIAI,94.2%,PASSED
Mpox_B5R,Mpox_B5R_Var_6_2566844562,SLHQYKWYI,94.2%,PASSED
Mpox_B5R,Mpox_B5R_Var_6_2566844562,LLISKGANV,94.2%,PASSED
Mpox_B5R,Mpox_B5R_Var_6_2566844562,SIYLFLHYI,94.2%,PASSED
Mpox_B5R,Mpox_B5R_Var_6_2566844562,NIKEYVYQL,94.2%,PASSED
Mpox_B5R,Mpox_B5R_Var_6_2566844562,EILDWSIYL,94.2%,PASSED
Mpox_B5R,Mpox_B5R_Var_6_2566844562,IMIFFLDRV,94.2%,PASSED
Mpox_B5R,Mpox_B5R_Var_6_2566844562,FIDAANTNI,94.2%,PASSED
Mpox_B5R,Mpox_B5R_Var_6_2566844562,HLDNSIRLM,94.2%,PASSED
Mpox_B5R,Mpox_B5R_Var_6_2566844562,ILDWSIYLF,94.2%,PASSED
Mpox_B5R,Mpox_B5R_Var_6_2566844562,FFLDRVLNI,94.2%,PASSED
Mpox_B5R,Mpox_B5R_Var_6_2566844562,GIIHGISLI,94.2%,PASSED
Mpox_B5R,Mpox_B5R_Var_7_2566844384,TLLCVLPAV,94.2%,PASSED
Mpox_B5R,Mpox_B5R_Var_7_2566844384,TVSDYVSEL,94.2%,PASSED
Mpox_B5R,Mpox_B5R_Var_7_2566844384,IMALTIMGV,94.2%,PASSED
Mpox_B5R,Mpox_B5R_Var_7_2566844384,TIMGVIFLI,94.2%,PASSED
Mpox_B5R,Mpox_B5R_Var_7_2566844384,FSIGGVIHL,94.2%,PASSED
Mpox_B5R,Mpox_B5R_Var_7_2566844384,KTISVVTLL,94.2%,PASSED
Mpox_B5R,Mpox_B5R_Var_7_2566844384,KMCTVSDYV,94.2%,PASSED
Mpox_B5R,Mpox_B5R_Var_7_2566844384,VLPAVVYST,94.2%,PASSED
Mpox_B5R,Mpox_B5R_Var_8_2566844383,ILDTVNIYI,94.2%,PASSED
Mpox_B5R,Mpox_B5R_Var_8_2566844383,FLSYILDTV,94.2%,PASSED
Mpox_B5R,Mpox_B5R_Var_8_2566844383,IIFDAVESL,94.2%,PASSED
Mpox_B5R,Mpox_B5R_Var_8_2566844383,ILLSKRPSL,94.2%,PASSED
Mpox_B5R,Mpox_B5R_Var_8_2566844383,ILINHRFYI,94.2%,PASSED
Mpox_B5R,Mpox_B5R_Var_8_2566844383,IMIPSMIAI,94.2%,PASSED
Mpox_B5R,Mpox_B5R_Var_8_2566844383,SLHQYKWYI,94.2%,PASSED
Mpox_B5R,Mpox_B5R_Var_8_2566844383,LLISKGANV,94.2%,PASSED
Mpox_B5R,Mpox_B5R_Var_8_2566844383,SIYLFLHYI,94.2%,PASSED
Mpox_B5R,Mpox_B5R_Var_8_2566844383,NIKEYVYQL,94.2%,PASSED
Mpox_B5R,Mpox_B5R_Var_8_2566844383,EILDWSIYL,94.2%,PASSED
Mpox_B5R,Mpox_B5R_Var_8_2566844383,IMIFFLDRV,94.2%,PASSED
Mpox_B5R,Mpox_B5R_Var_8_2566844383,FIDAANTNI,94.2%,PASSED
Mpox_B5R,Mpox_B5R_Var_8_2566844383,HLDNSIRLM,94.2%,PASSED
Mpox_B5R,Mpox_B5R_Var_8_2566844383,ILDWSIYLF,94.2%,PASSED
Mpox_B5R,Mpox_B5R_Var_8_2566844383,FFLDRVLNI,94.2%,PASSED
Mpox_B5R,Mpox_B5R_Var_8_2566844383,GIIHGISLI,94.2%,PASSED
Mpox_B5R,Mpox_B5R_Var_9_2566844205,TLLCVLPAV,94.2%,PASSED
Mpox_B5R,Mpox_B5R_Var_9_2566844205,TVSDYVSEL,94.2%,PASSED
Mpox_B5R,Mpox_B5R_Var_9_2566844205,IMALTIMGV,94.2%,PASSED
Mpox_B5R,Mpox_B5R_Var_9_2566844205,TIMGVIFLI,94.2%,PASSED
Mpox_B5R,Mpox_B5R_Var_9_2566844205,FSIGGVIHL,94.2%,PASSED
Mpox_B5R,Mpox_B5R_Var_9_2566844205,KTISVVTLL,94.2%,PASSED
Mpox_B5R,Mpox_B5R_Var_9_2566844205,KMCTVSDYV,94.2%,PASSED
Mpox_B5R,Mpox_B5R_Var_9_2566844205,VLPAVVYST,94.2%,PASSED
Mpox_L1R,Mpox_L1R_Var_10_3250749888,FIDSYLQKL,94.2%,PASSED
Mpox_L1R,Mpox_L1R_Var_10_3250749888,LMVESFIEV,94.2%,PASSED
Mpox_L1R,Mpox_L1R_Var_10_3250749888,GLQTIVKSL,94.2%,PASSED
Mpox_L1R,Mpox_L1R_Var_10_3250749888,AQHSIPTNV,94.2%,PASSED
Mpox_L1R,Mpox_L1R_Var_10_3250749888,DLDDVPSVV,94.2%,PASSED
Mpox_L1R,Mpox_L1R_Var_11_3250749750,ALMQLTTKA,94.2%,PASSED
Mpox_L1R,Mpox_L1R_Var_11_3250749750,AQLDAVLSA,94.2%,PASSED
Mpox_L1R,Mpox_L1R_Var_11_3250749750,AMFTAALNI,94.2%,PASSED
Mpox_L1R,Mpox_L1R_Var_11_3250749750,AAASIQTTV,94.2%,PASSED
Mpox_L1R,Mpox_L1R_Var_11_3250749750,SIQTTVNTL,94.2%,PASSED
Mpox_L1R,Mpox_L1R_Var_11_3250749750,AALNIQTSV,94.2%,PASSED
Mpox_L1R,Mpox_L1R_Var_12_3250749709,FIDSYLQKL,94.2%,PASSED
Mpox_L1R,Mpox_L1R_Var_12_3250749709,LMVESFIEV,94.2%,PASSED
Mpox_L1R,Mpox_L1R_Var_12_3250749709,GLQTIVKSL,94.2%,PASSED
Mpox_L1R,Mpox_L1R_Var_12_3250749709,AQHSIPTNV,94.2%,PASSED
Mpox_L1R,Mpox_L1R_Var_12_3250749709,DLDDVPSVV,94.2%,PASSED
Mpox_L1R,Mpox_L1R_Var_13_3250749570,ALMQLTTKA,94.2%,PASSED
Mpox_L1R,Mpox_L1R_Var_13_3250749570,AQLDAVLSA,94.2%,PASSED
Mpox_L1R,Mpox_L1R_Var_13_3250749570,AMFTAALNI,94.2%,PASSED
Mpox_L1R,Mpox_L1R_Var_13_3250749570,AAASIQTTV,94.2%,PASSED
Mpox_L1R,Mpox_L1R_Var_13_3250749570,SIQTTVNTL,94.2%,PASSED
Mpox_L1R,Mpox_L1R_Var_13_3250749570,AALNIQTSV,94.2%,PASSED
Mpox_L1R,Mpox_L1R_Var_14_3250749529,FIDSYLQKL,94.2%,PASSED
Mpox_L1R,Mpox_L1R_Var_14_3250749529,LMVESFIEV,94.2%,PASSED
Mpox_L1R,Mpox_L1R_Var_14_3250749529,GLQTIVKSL,94.2%,PASSED
Mpox_L1R,Mpox_L1R_Var_14_3250749529,AQHSIPTNV,94.2%,PASSED
Mpox_L1R,Mpox_L1R_Var_14_3250749529,DLDDVPSVV,94.2%,PASSED
Mpox_L1R,Mpox_L1R_Var_15_3250749390,ALMQLTTKA,94.2%,PASSED
Mpox_L1R,Mpox_L1R_Var_15_3250749390,AQLDAVLSA,94.2%,PASSED
Mpox_L1R,Mpox_L1R_Var_15_3250749390,AMFTAALNI,94.2%,PASSED
Mpox_L1R,Mpox_L1R_Var_15_3250749390,AAASIQTTV,94.2%,PASSED
Mpox_L1R,Mpox_L1R_Var_15_3250749390,SIQTTVNTL,94.2%,PASSED
Mpox_L1R,Mpox_L1R_Var_15_3250749390,AALNIQTSV,94.2%,PASSED
Mpox_L1R,Mpox_L1R_Var_16_3250749349,FIDSYLQKL,94.2%,PASSED
Mpox_L1R,Mpox_L1R_Var_16_3250749349,LMVESFIEV,94.2%,PASSED
Mpox_L1R,Mpox_L1R_Var_16_3250749349,GLQTIVKSL,94.2%,PASSED
Mpox_L1R,Mpox_L1R_Var_16_3250749349,AQHSIPTNV,94.2%,PASSED
Mpox_L1R,Mpox_L1R_Var_16_3250749349,DLDDVPSVV,94.2%,PASSED
Mpox_L1R,Mpox_L1R_Var_17_3250749162,ALMQLTTKA,94.2%,PASSED
Mpox_L1R,Mpox_L1R_Var_17_3250749162,AQLDAVLSA,94.2%,PASSED
Mpox_L1R,Mpox_L1R_Var_17_3250749162,AMFTAALNI,94.2%,PASSED
Mpox_L1R,Mpox_L1R_Var_17_3250749162,AAASIQTTV,94.2%,PASSED
Mpox_L1R,Mpox_L1R_Var_17_3250749162,SIQTTVNTL,94.2%,PASSED
Mpox_L1R,Mpox_L1R_Var_17_3250749162,AALNIQTSV,94.2%,PASSED
Mpox_L1R,Mpox_L1R_Var_18_3250749121,FIDSYLQKL,94.2%,PASSED
Mpox_L1R,Mpox_L1R_Var_18_3250749121,LMVESFIEV,94.2%,PASSED
Mpox_L1R,Mpox_L1R_Var_18_3250749121,GLQTIVKSL,94.2%,PASSED
Mpox_L1R,Mpox_L1R_Var_18_3250749121,AQHSIPTNV,94.2%,PASSED
Mpox_L1R,Mpox_L1R_Var_18_3250749121,DLDDVPSVV,94.2%,PASSED
Mpox_L1R,Mpox_L1R_Var_19_3250748996,ALMQLTTKA,94.2%,PASSED
Mpox_L1R,Mpox_L1R_Var_19_3250748996,AQLDAVLSA,94.2%,PASSED
Mpox_L1R,Mpox_L1R_Var_19_3250748996,AMFTAALNI,94.2%,PASSED
Mpox_L1R,Mpox_L1R_Var_19_3250748996,AAASIQTTV,94.2%,PASSED
Mpox_L1R,Mpox_L1R_Var_19_3250748996,SIQTTVNTL,94.2%,PASSED
Mpox_L1R,Mpox_L1R_Var_19_3250748996,AALNIQTSV,94.2%,PASSED
Mpox_L1R,Mpox_L1R_Var_1_3062938959,ALMQLTTKA,94.2%,PASSED
Mpox_L1R,Mpox_L1R_Var_1_3062938959,AQLDAVLSA,94.2%,PASSED
Mpox_L1R,Mpox_L1R_Var_1_3062938959,AMFTAALNI,94.2%,PASSED
Mpox_L1R,Mpox_L1R_Var_1_3062938959,AAASIQTTV,94.2%,PASSED
Mpox_L1R,Mpox_L1R_Var_1_3062938959,SIQTTVNTL,94.2%,PASSED
Mpox_L1R,Mpox_L1R_Var_1_3062938959,AALNIQTSV,94.2%,PASSED
Mpox_L1R,Mpox_L1R_Var_20_3250748955,FIDSYLQKL,94.2%,PASSED
Mpox_L1R,Mpox_L1R_Var_20_3250748955,LMVESFIEV,94.2%,PASSED
Mpox_L1R,Mpox_L1R_Var_20_3250748955,GLQTIVKSL,94.2%,PASSED
Mpox_L1R,Mpox_L1R_Var_20_3250748955,AQHSIPTNV,94.2%,PASSED
Mpox_L1R,Mpox_L1R_Var_20_3250748955,DLDDVPSVV,94.2%,PASSED
Mpox_L1R,Mpox_L1R_Var_21_3250748834,ALMQLTTKA,94.2%,PASSED
Mpox_L1R,Mpox_L1R_Var_21_3250748834,AQLDAVLSA,94.2%,PASSED
Mpox_L1R,Mpox_L1R_Var_21_3250748834,AMFTAALNI,94.2%,PASSED
Mpox_L1R,Mpox_L1R_Var_21_3250748834,AAASIQTTV,94.2%,PASSED
Mpox_L1R,Mpox_L1R_Var_21_3250748834,SIQTTVNTL,94.2%,PASSED
Mpox_L1R,Mpox_L1R_Var_21_3250748834,AALNIQTSV,94.2%,PASSED
Mpox_L1R,Mpox_L1R_Var_22_3250748793,FIDSYLQKL,94.2%,PASSED
Mpox_L1R,Mpox_L1R_Var_22_3250748793,LMVESFIEV,94.2%,PASSED
Mpox_L1R,Mpox_L1R_Var_22_3250748793,GLQTIVKSL,94.2%,PASSED
Mpox_L1R,Mpox_L1R_Var_22_3250748793,AQHSIPTNV,94.2%,PASSED
Mpox_L1R,Mpox_L1R_Var_22_3250748793,DLDDVPSVV,94.2%,PASSED
Mpox_L1R,Mpox_L1R_Var_23_3243982241,ALMQLTTKA,94.2%,PASSED
Mpox_L1R,Mpox_L1R_Var_23_3243982241,AQLDAVLSA,94.2%,PASSED
Mpox_L1R,Mpox_L1R_Var_23_3243982241,AMFTAALNI,94.2%,PASSED
Mpox_L1R,Mpox_L1R_Var_23_3243982241,AAASIQTTV,94.2%,PASSED
Mpox_L1R,Mpox_L1R_Var_23_3243982241,SIQTTVNTL,94.2%,PASSED
Mpox_L1R,Mpox_L1R_Var_23_3243982241,AALNIQTSV,94.2%,PASSED
Mpox_L1R,Mpox_L1R_Var_24_3243982200,FIDSYLQKL,94.2%,PASSED
Mpox_L1R,Mpox_L1R_Var_24_3243982200,LMVESFIEV,94.2%,PASSED
Mpox_L1R,Mpox_L1R_Var_24_3243982200,GLQTIVKSL,94.2%,PASSED
Mpox_L1R,Mpox_L1R_Var_24_3243982200,AQHSIPTNV,94.2%,PASSED
Mpox_L1R,Mpox_L1R_Var_24_3243982200,DLDDVPSVV,94.2%,PASSED
Mpox_L1R,Mpox_L1R_Var_25_3243981888,ALMQLTTKA,94.2%,PASSED
Mpox_L1R,Mpox_L1R_Var_25_3243981888,AQLDAVLSA,94.2%,PASSED
Mpox_L1R,Mpox_L1R_Var_25_3243981888,AMFTAALNI,94.2%,PASSED
Mpox_L1R,Mpox_L1R_Var_25_3243981888,AAASIQTTV,94.2%,PASSED
Mpox_L1R,Mpox_L1R_Var_25_3243981888,SIQTTVNTL,94.2%,PASSED
Mpox_L1R,Mpox_L1R_Var_25_3243981888,AALNIQTSV,94.2%,PASSED
Mpox_L1R,Mpox_L1R_Var_26_3243981847,FIDSYLQKL,94.2%,PASSED
Mpox_L1R,Mpox_L1R_Var_26_3243981847,LMVESFIEV,94.2%,PASSED
Mpox_L1R,Mpox_L1R_Var_26_3243981847,GLQTIVKSL,94.2%,PASSED
Mpox_L1R,Mpox_L1R_Var_26_3243981847,AQHSIPTNV,94.2%,PASSED
Mpox_L1R,Mpox_L1R_Var_26_3243981847,DLDDVPSVV,94.2%,PASSED
Mpox_L1R,Mpox_L1R_Var_27_3243981653,ALMQLTTKA,94.2%,PASSED
Mpox_L1R,Mpox_L1R_Var_27_3243981653,AQLDAVLSA,94.2%,PASSED
Mpox_L1R,Mpox_L1R_Var_27_3243981653,AMFTAALNI,94.2%,PASSED
Mpox_L1R,Mpox_L1R_Var_27_3243981653,AAASIQTTV,94.2%,PASSED
Mpox_L1R,Mpox_L1R_Var_27_3243981653,SIQTTVNTL,94.2%,PASSED
Mpox_L1R,Mpox_L1R_Var_27_3243981653,AALNIQTSV,94.2%,PASSED
Mpox_L1R,Mpox_L1R_Var_28_3243981612,FIDSYLQKL,94.2%,PASSED
Mpox_L1R,Mpox_L1R_Var_28_3243981612,LMVESFIEV,94.2%,PASSED
Mpox_L1R,Mpox_L1R_Var_28_3243981612,GLQTIVKSL,94.2%,PASSED
Mpox_L1R,Mpox_L1R_Var_28_3243981612,AQHSIPTNV,94.2%,PASSED
Mpox_L1R,Mpox_L1R_Var_28_3243981612,DLDDVPSVV,94.2%,PASSED
Mpox_L1R,Mpox_L1R_Var_29_3243981454,ALMQLTTKA,94.2%,PASSED
Mpox_L1R,Mpox_L1R_Var_29_3243981454,AQLDAVLSA,94.2%,PASSED
Mpox_L1R,Mpox_L1R_Var_29_3243981454,AMFTAALNI,94.2%,PASSED
Mpox_L1R,Mpox_L1R_Var_29_3243981454,AAASIQTTV,94.2%,PASSED
Mpox_L1R,Mpox_L1R_Var_29_3243981454,SIQTTVNTL,94.2%,PASSED
Mpox_L1R,Mpox_L1R_Var_29_3243981454,AALNIQTSV,94.2%,PASSED
Mpox_L1R,Mpox_L1R_Var_2_3062938918,FIDSYLQKL,94.2%,PASSED
Mpox_L1R,Mpox_L1R_Var_2_3062938918,LMVESFIEV,94.2%,PASSED
Mpox_L1R,Mpox_L1R_Var_2_3062938918,GLQTIVKSL,94.2%,PASSED
Mpox_L1R,Mpox_L1R_Var_2_3062938918,AQHSIPTNV,94.2%,PASSED
Mpox_L1R,Mpox_L1R_Var_2_3062938918,DLDDVPSVV,94.2%,PASSED
Mpox_L1R,Mpox_L1R_Var_30_3243981413,FIDSYLQKL,94.2%,PASSED
Mpox_L1R,Mpox_L1R_Var_30_3243981413,LMVESFIEV,94.2%,PASSED
Mpox_L1R,Mpox_L1R_Var_30_3243981413,GLQTIVKSL,94.2%,PASSED
Mpox_L1R,Mpox_L1R_Var_30_3243981413,AQHSIPTNV,94.2%,PASSED
Mpox_L1R,Mpox_L1R_Var_30_3243981413,DLDDVPSVV,94.2%,PASSED
Mpox_L1R,Mpox_L1R_Var_3_3062938780,ALMQLTTKA,94.2%,PASSED
Mpox_L1R,Mpox_L1R_Var_3_3062938780,AQLDAVLSA,94.2%,PASSED
Mpox_L1R,Mpox_L1R_Var_3_3062938780,AMFTAALNI,94.2%,PASSED
Mpox_L1R,Mpox_L1R_Var_3_3062938780,AAASIQTTV,94.2%,PASSED
Mpox_L1R,Mpox_L1R_Var_3_3062938780,SIQTTVNTL,94.2%,PASSED
Mpox_L1R,Mpox_L1R_Var_3_3062938780,AALNIQTSV,94.2%,PASSED
Mpox_L1R,Mpox_L1R_Var_4_3062938739,FIDSYLQKL,94.2%,PASSED
Mpox_L1R,Mpox_L1R_Var_4_3062938739,LMVESFIEV,94.2%,PASSED
Mpox_L1R,Mpox_L1R_Var_4_3062938739,GLQTIVKSL,94.2%,PASSED
Mpox_L1R,Mpox_L1R_Var_4_3062938739,AQHSIPTNV,94.2%,PASSED
Mpox_L1R,Mpox_L1R_Var_4_3062938739,DLDDVPSVV,94.2%,PASSED
Mpox_L1R,Mpox_L1R_Var_5_3062938601,ALMQLTTKA,94.2%,PASSED
Mpox_L1R,Mpox_L1R_Var_5_3062938601,AQLDAVLSA,94.2%,PASSED
Mpox_L1R,Mpox_L1R_Var_5_3062938601,AMFTAALNI,94.2%,PASSED
Mpox_L1R,Mpox_L1R_Var_5_3062938601,AAASIQTTV,94.2%,PASSED
Mpox_L1R,Mpox_L1R_Var_5_3062938601,SIQTTVNTL,94.2%,PASSED
Mpox_L1R,Mpox_L1R_Var_5_3062938601,AALNIQTSV,94.2%,PASSED
Mpox_L1R,Mpox_L1R_Var_6_3062938560,FIDSYLQKL,94.2%,PASSED
Mpox_L1R,Mpox_L1R_Var_6_3062938560,LMVESFIEV,94.2%,PASSED
Mpox_L1R,Mpox_L1R_Var_6_3062938560,GLQTIVKSL,94.2%,PASSED
Mpox_L1R,Mpox_L1R_Var_6_3062938560,AQHSIPTNV,94.2%,PASSED
Mpox_L1R,Mpox_L1R_Var_6_3062938560,DLDDVPSVV,94.2%,PASSED
Mpox_L1R,Mpox_L1R_Var_7_3250750106,ALMQLTTKA,94.2%,PASSED
Mpox_L1R,Mpox_L1R_Var_7_3250750106,AQLDAVLSA,94.2%,PASSED
Mpox_L1R,Mpox_L1R_Var_7_3250750106,AMFTAALNI,94.2%,PASSED
Mpox_L1R,Mpox_L1R_Var_7_3250750106,AAASIQTTV,94.2%,PASSED
Mpox_L1R,Mpox_L1R_Var_7_3250750106,SIQTTVNTL,94.2%,PASSED
Mpox_L1R,Mpox_L1R_Var_7_3250750106,AALNIQTSV,94.2%,PASSED
Mpox_L1R,Mpox_L1R_Var_8_3250750065,FIDSYLQKL,94.2%,PASSED
Mpox_L1R,Mpox_L1R_Var_8_3250750065,LMVESFIEV,94.2%,PASSED
Mpox_L1R,Mpox_L1R_Var_8_3250750065,GLQTIVKSL,94.2%,PASSED
Mpox_L1R,Mpox_L1R_Var_8_3250750065,AQHSIPTNV,94.2%,PASSED
Mpox_L1R,Mpox_L1R_Var_8_3250750065,DLDDVPSVV,94.2%,PASSED
Mpox_L1R,Mpox_L1R_Var_9_3250749929,ALMQLTTKA,94.2%,PASSED
Mpox_L1R,Mpox_L1R_Var_9_3250749929,AQLDAVLSA,94.2%,PASSED
Mpox_L1R,Mpox_L1R_Var_9_3250749929,AMFTAALNI,94.2%,PASSED
Mpox_L1R,Mpox_L1R_Var_9_3250749929,AAASIQTTV,94.2%,PASSED
Mpox_L1R,Mpox_L1R_Var_9_3250749929,SIQTTVNTL,94.2%,PASSED
Mpox_L1R,Mpox_L1R_Var_9_3250749929,AALNIQTSV,94.2%,PASSED
