Target,Peptide,Rank,Conservancy,Hit_Ratio
HIV_gp120,QMHEDIISL,0.03,30.0,9/30
HIV_gp120,LLNETINEM,0.08,3.33,1/30
HIV_gp120,NLISGIRRL,0.21,3.33,1/30
HIV_gp120,KMSRPIINI,0.21,3.33,1/30
HIV_gp120,ALTVRTHSV,0.24,3.33,1/30
HIV_gp120,ILGQKTIEA,0.24,3.33,1/30
HIV_gp120,TLIQNQQRL,0.27,3.33,1/30
HIV_gp120,QLYTDLRTI,0.28,3.33,1/30
HIV_gp120,VMQYWLQEL,0.38,3.33,1/30
HIV_gp120,NLVNQTENV,0.41,3.33,1/30
HIV_gp120,FLQQLYTDL,0.41,3.33,1/30
HIV_gp120,SLWEQSLKP,0.72,10.0,3/30
HIV_gp120,ALLELDEWA,0.72,3.33,1/30
HIV_gp120,QMQEDIISL,0.03,13.33,4/30
HIV_gp120,NLASGIQKV,0.03,3.33,1/30
HIV_gp120,TIYEEIQKA,0.11,3.33,1/30
HIV_gp120,TLLQNQQLL,0.22,3.33,1/30
HIV_gp120,KMFNYTFSC,0.25,3.33,1/30
HIV_gp120,RLSWGIRQL,0.29,3.33,1/30
HIV_gp120,KLLELDEWA,0.57,3.33,1/30
HIV_gp120,TLPCKLRQV,0.62,3.33,1/30
HIV_gp120,SLWDQSLKP,0.7,43.33,13/30
HIV_gp120,WLQELQNSA,0.7,3.33,1/30
HIV_gp120,SLWGCKGKL,0.81,3.33,1/30
HIV_gp120,LQNQQLLSL,0.82,3.33,1/30
HIV_gp120,KTNSKMYTL,0.86,3.33,1/30
HIV_gp120,FLIRQLRNL,0.12,3.33,1/30
HIV_gp120,WQIEYAHFL,0.15,3.33,1/30
HIV_gp120,FLGHKKNYV,0.17,3.33,1/30
HIV_gp120,YLPPREGTL,0.36,3.33,1/30
HIV_gp120,RMMETQTST,0.58,23.33,7/30
HIV_gp120,RLELGDYKL,0.63,23.33,7/30
HIV_gp120,WLYNGCRNL,0.63,3.33,1/30
HIV_gp120,GLNFHSQPL,0.68,3.33,1/30
HIV_gp120,NLLLKTSQI,0.77,3.33,1/30
HIV_gp120,SLFETSIKP,0.91,13.33,4/30
HIV_gp120,TLSAQSRTL,0.98,16.67,5/30
HIV_gp120,QAVDDVWSL,1.0,3.33,1/30
HIV_gp120,QMHQDIISL,0.13,3.33,1/30
HIV_gp120,ELIQRIWRA,0.31,3.33,1/30
HIV_gp120,SLDPIPIHY,0.32,3.33,1/30
HIV_gp120,GLQRGWETL,0.5,3.33,1/30
HIV_gp120,TLQKVKEKL,0.61,3.33,1/30
HIV_gp120,NITNWLWYI,0.83,10.0,3/30
HIV_gp120,ELFNSSTNL,0.86,3.33,1/30
HIV_gp120,VQLNESVEI,0.88,3.33,1/30
HIV_gp120,SLWDQGLKP,0.98,3.33,1/30
HIV_gp120,QMHEDIISL,0.03,30.0,9/30
HIV_gp120,QLFNSTWNV,0.03,6.67,2/30
HIV_gp120,LLQYWSQEL,0.3,23.33,7/30
HIV_gp120,AVAEGTDRV,0.33,23.33,7/30
HIV_gp120,SLWDESLKP,0.66,3.33,1/30
HIV_gp120,QMQEDIISL,0.03,13.33,4/30
HIV_gp120,LLNELRTHL,0.12,3.33,1/30
HIV_gp120,LLVQWNETV,0.17,3.33,1/30
HIV_gp120,KQVYSLFYV,0.28,3.33,1/30
HIV_gp120,LVWEDLRNL,0.34,3.33,1/30
HIV_gp120,RIIELAQRI,0.52,3.33,1/30
HIV_gp120,VQWNETVPI,0.62,3.33,1/30
HIV_gp120,LLNETGEPI,0.65,3.33,1/30
HIV_gp120,SLWEQSLKP,0.72,10.0,3/30
HIV_gp120,RLINCNTTA,0.92,6.67,2/30
HIV_gp120,ILAYWGKEL,0.95,3.33,1/30
HIV_gp120,KIVGDIRQA,0.96,3.33,1/30
HIV_gp120,QMHTDIISL,0.19,6.67,2/30
HIV_gp120,AVAEWTDRV,0.2,3.33,1/30
HIV_gp120,KLGSYFPNA,0.21,3.33,1/30
HIV_gp120,TLAKVKAKL,0.37,3.33,1/30
HIV_gp120,TLKEDPEAI,0.39,3.33,1/30
HIV_gp120,RVIEALQRA,0.48,3.33,1/30
HIV_gp120,GLWGCSGKL,0.58,6.67,2/30
HIV_gp120,SLWDQSLKP,0.7,43.33,13/30
HIV_gp120,KVHALFYKL,0.86,3.33,1/30
HIV_gp120,TLHQVVTQL,0.06,3.33,1/30
HIV_gp120,GLFNSSWEM,0.09,3.33,1/30
HIV_gp120,QMHTDIISL,0.19,6.67,2/30
HIV_gp120,RLINCNTSV,0.21,3.33,1/30
HIV_gp120,VVWDDLRSL,0.23,3.33,1/30
HIV_gp120,SLWRWGTLI,0.34,3.33,1/30
HIV_gp120,VLRDKQQKV,0.5,3.33,1/30
HIV_gp120,LLQYWGQEL,0.59,3.33,1/30
HIV_gp120,SLWDQSLKP,0.7,43.33,13/30
HIV_gp120,VQLKTPVNI,0.92,3.33,1/30
HIV_gp120,QMHEDIISL,0.03,30.0,9/30
HIV_gp120,LIWDDLRSL,0.19,16.67,5/30
HIV_gp120,LLQYWSQEL,0.3,23.33,7/30
HIV_gp120,AVAEGTDRV,0.33,23.33,7/30
HIV_gp120,TLTSCNTSV,0.66,3.33,1/30
HIV_gp120,NLTDNVKTI,0.67,3.33,1/30
HIV_gp120,SLWDQSLKP,0.7,43.33,13/30
HIV_gp120,NITNWLWYI,0.83,10.0,3/30
HIV_gp120,VQLNQSVEI,0.84,3.33,1/30
HIV_gp120,AMQEVKQTL,0.06,10.0,3/30
HIV_gp120,YMNHCNTSV,0.23,20.0,6/30
HIV_gp120,YLPPREGEL,0.32,6.67,2/30
HIV_gp120,SLQRALTTI,0.34,3.33,1/30
HIV_gp120,FLNWIENRA,0.43,3.33,1/30
HIV_gp120,RMMETQTST,0.58,23.33,7/30
HIV_gp120,RLELGDYKL,0.63,23.33,7/30
HIV_gp120,AQNPEVHNV,0.03,3.33,1/30
HIV_gp120,QMHEDIVNL,0.04,3.33,1/30
HIV_gp120,TLEEKVTVL,0.19,3.33,1/30
HIV_gp120,GTLEEKVTV,0.28,3.33,1/30
HIV_gp120,FLYHRLRDL,0.32,3.33,1/30
HIV_gp120,ILQYWGQEL,0.4,3.33,1/30
HIV_gp120,RLYNCNTTA,0.43,3.33,1/30
HIV_gp120,GLWGCSGKL,0.58,6.67,2/30
HIV_gp120,YLGNETITF,0.82,3.33,1/30
HIV_gp120,QMQEDIISL,0.03,13.33,4/30
HIV_gp120,SLQTLIPTT,0.32,3.33,1/30
HIV_gp120,FLYHRLTDC,0.54,3.33,1/30
HIV_gp120,SILRRTLEL,0.63,3.33,1/30
HIV_gp120,SLWEQSLKP,0.72,10.0,3/30
HIV_gp120,RTWEQIWNT,0.74,3.33,1/30
HIV_gp120,RLINCNTTA,0.92,6.67,2/30
HIV_gp120,QMQNCSFNV,0.99,3.33,1/30
HIV_gp120,AMKEVKLTL,0.21,6.67,2/30
HIV_gp120,YMNHCNTSV,0.23,20.0,6/30
HIV_gp120,YLPPREGQL,0.32,10.0,3/30
HIV_gp120,KLYNETWYS,0.36,6.67,2/30
HIV_gp120,RMMETQTST,0.58,23.33,7/30
HIV_gp120,RLELGDYKL,0.63,23.33,7/30
HIV_gp120,QIINTWHKV,0.84,16.67,5/30
HIV_gp120,SLFETSIKP,0.91,13.33,4/30
HIV_gp120,QAVEDVWSL,0.99,10.0,3/30
HIV_gp120,QMHEDIISL,0.03,30.0,9/30
HIV_gp120,QLFNSTWNV,0.03,6.67,2/30
HIV_gp120,LIWDDLRSL,0.19,16.67,5/30
HIV_gp120,TLKQIVEKL,0.24,6.67,2/30
HIV_gp120,RLIHCNTSV,0.24,3.33,1/30
HIV_gp120,AVAEGTDRV,0.33,23.33,7/30
HIV_gp120,SLWDQSLKP,0.7,43.33,13/30
HIV_gp120,SMDQIWNNM,0.91,3.33,1/30
HIV_gp120,QMHENIISL,0.03,3.33,1/30
HIV_gp120,AIDAQQHLL,0.25,3.33,1/30
HIV_gp120,HLWRWGIML,0.26,3.33,1/30
HIV_gp120,LLGRKGWEV,0.27,3.33,1/30
HIV_gp120,LLQYWSQEL,0.3,23.33,7/30
HIV_gp120,AVAEGTDRV,0.33,23.33,7/30
HIV_gp120,KQFENKTIV,0.35,3.33,1/30
HIV_gp120,SITKWLWYI,0.52,6.67,2/30
HIV_gp120,SLWDQSLKP,0.7,43.33,13/30
HIV_gp120,VQLNETVKI,0.72,3.33,1/30
HIV_gp120,TLEQIANKL,0.93,3.33,1/30
HIV_gp120,TLSPQIETI,0.05,6.67,2/30
HIV_gp120,VLFNKHYNL,0.05,3.33,1/30
HIV_gp120,KMDWFLNYL,0.11,6.67,2/30
HIV_gp120,RLFGDPEAA,0.13,3.33,1/30
HIV_gp120,RLWATTNSI,0.15,3.33,1/30
HIV_gp120,NLNARVTAL,0.35,6.67,2/30
HIV_gp120,YMIHCNDSV,0.35,6.67,2/30
HIV_gp120,AQAGSNIHL,0.61,6.67,2/30
HIV_gp120,ILQQQKNLL,0.7,6.67,2/30
HIV_gp120,ALTVQSQHL,0.7,6.67,2/30
HIV_gp120,VLNTRQQWV,0.72,3.33,1/30
HIV_gp120,SVINDWYTL,0.75,3.33,1/30
HIV_gp120,AIINSPRRV,0.8,3.33,1/30
HIV_gp120,RVSNDSVLV,0.95,3.33,1/30
HIV_gp120,TLSPQIETI,0.05,6.67,2/30
HIV_gp120,ILLNKHYNL,0.09,3.33,1/30
HIV_gp120,KMDWFLNYL,0.11,6.67,2/30
HIV_gp120,NLNARVTAL,0.35,6.67,2/30
HIV_gp120,YMIHCNDSV,0.35,6.67,2/30
HIV_gp120,RLWATTNCI,0.43,3.33,1/30
HIV_gp120,TLMNTTVTT,0.58,3.33,1/30
HIV_gp120,AQAGSNIHL,0.61,6.67,2/30
HIV_gp120,YLNNLTVDA,0.62,3.33,1/30
HIV_gp120,ILQQQKNLL,0.7,6.67,2/30
HIV_gp120,ALTVQSQHL,0.7,6.67,2/30
HIV_gp120,AMQEVKQTL,0.06,10.0,3/30
HIV_gp120,YMNHCNTSV,0.23,20.0,6/30
HIV_gp120,YLPPREGQL,0.32,10.0,3/30
HIV_gp120,RMMETQTST,0.58,23.33,7/30
HIV_gp120,YLQQIHIHT,0.61,3.33,1/30
HIV_gp120,RLELGDYKL,0.63,23.33,7/30
HIV_gp120,QIINTWHKV,0.84,16.67,5/30
HIV_gp120,SLFETSIKP,0.91,13.33,4/30
HIV_gp120,SLSPDWNNM,0.97,3.33,1/30
HIV_gp120,TLSAQSRTL,0.98,16.67,5/30
HIV_gp120,QAVEDVWSL,0.99,10.0,3/30
HIV_gp120,RLLNRLYNI,0.07,3.33,1/30
HIV_gp120,AMKEVKLTL,0.21,6.67,2/30
HIV_gp120,YMNHCNTSV,0.23,20.0,6/30
HIV_gp120,YLPPREGQL,0.32,10.0,3/30
HIV_gp120,QLIRLLNRL,0.35,3.33,1/30
HIV_gp120,KLYNETWYS,0.36,6.67,2/30
HIV_gp120,LLSRSFQTL,0.43,3.33,1/30
HIV_gp120,RMMETQTST,0.58,23.33,7/30
HIV_gp120,RLELGDYKL,0.63,23.33,7/30
HIV_gp120,QIINTWHKV,0.84,16.67,5/30
HIV_gp120,SLFETSIKP,0.91,13.33,4/30
HIV_gp120,TLSAQSRTL,0.98,16.67,5/30
HIV_gp120,QAVEDVWSL,0.99,10.0,3/30
HIV_gp120,YLQYGGEWI,1.0,3.33,1/30
HIV_gp120,WQIEYIHFL,0.05,6.67,2/30
HIV_gp120,YMNHCNTSV,0.23,20.0,6/30
HIV_gp120,AIQEVKETL,0.41,3.33,1/30
HIV_gp120,YLQYGWRYL,0.43,3.33,1/30
HIV_gp120,KMNWFLNWV,0.55,3.33,1/30
HIV_gp120,RMMETQTST,0.58,23.33,7/30
HIV_gp120,RLELGDYKL,0.63,23.33,7/30
HIV_gp120,QAIEDVWNL,0.67,6.67,2/30
HIV_gp120,SLSRTLQRA,0.82,3.33,1/30
HIV_gp120,QIINTWHKV,0.84,16.67,5/30
HIV_gp120,WLLRNCQTL,0.95,3.33,1/30
HIV_gp120,TLSAQSRTL,0.98,16.67,5/30
HIV_gp120,KLYEGKYEV,0.01,3.33,1/30
HIV_gp120,KLIEQQSEL,0.02,3.33,1/30
HIV_gp120,YLQQNITEM,0.05,3.33,1/30
HIV_gp120,SLAKELNKL,0.09,3.33,1/30
HIV_gp120,YMNHCNESV,0.24,3.33,1/30
HIV_gp120,VMLRYNEKL,0.38,3.33,1/30
HIV_gp120,NLQTRLTSL,0.41,3.33,1/30
HIV_gp120,QIVDDWMQV,0.45,3.33,1/30
HIV_gp120,KLGDLTSWA,0.57,3.33,1/30
HIV_gp120,RLTSLENYI,0.58,3.33,1/30
HIV_gp120,ALTVQSQSL,0.64,3.33,1/30
HIV_gp120,GLIRENQIV,0.66,3.33,1/30
HIV_gp120,ALWNTISRF,0.81,3.33,1/30
HIV_gp120,SMLDTILKP,0.91,3.33,1/30
HIV_gp120,TLQPILQNL,0.03,3.33,1/30
HIV_gp120,WQIEYIHFL,0.05,6.67,2/30
HIV_gp120,AMQEVKQTL,0.06,10.0,3/30
HIV_gp120,YMNHCNTSV,0.23,20.0,6/30
HIV_gp120,NLLSRIFQT,0.26,3.33,1/30
HIV_gp120,YLPPREGEL,0.32,6.67,2/30
HIV_gp120,GLYNICRNL,0.5,3.33,1/30
HIV_gp120,RMMETQTST,0.58,23.33,7/30
HIV_gp120,RLELGDYKL,0.63,23.33,7/30
HIV_gp120,QAIEDVWNL,0.67,6.67,2/30
HIV_gp120,LIYCRQQYV,0.76,3.33,1/30
HIV_gp120,QIINTWHKV,0.84,16.67,5/30
HIV_gp120,RIFQTLQPI,0.88,3.33,1/30
HIV_gp120,TLSAQSRTL,0.98,16.67,5/30
HIV_gp120,QMHEDIISL,0.03,30.0,9/30
HIV_gp120,LIWDDLRSL,0.19,16.67,5/30
HIV_gp120,LLQYWSQEL,0.3,23.33,7/30
HIV_gp120,AVAEGTDRV,0.33,23.33,7/30
HIV_gp120,SLWDQSLKP,0.7,43.33,13/30
HIV_gp120,NITNWLWYI,0.83,10.0,3/30
HIV_gp120,QMQEDIISL,0.03,13.33,4/30
HIV_gp120,RLWRWGTML,0.18,3.33,1/30
HIV_gp120,LIWDDLRSL,0.19,16.67,5/30
HIV_gp120,RVIEIVQRA,0.26,3.33,1/30
HIV_gp120,LLQYWSQEL,0.3,23.33,7/30
HIV_gp120,AVAEGTDRV,0.33,23.33,7/30
HIV_gp120,LLGRRGWEV,0.55,6.67,2/30
HIV_gp120,SLNEIWDNM,0.55,3.33,1/30
HIV_gp120,SLWDQSLKP,0.7,43.33,13/30
HIV_gp120,VQLNKSVEI,0.7,3.33,1/30
HIV_gp120,TLEQIATKL,0.72,3.33,1/30
HIV_gp120,QMHEDIISL,0.03,30.0,9/30
HIV_gp120,SLDEIWQNM,0.12,3.33,1/30
HIV_gp120,ALQQVATKL,0.21,3.33,1/30
HIV_gp120,NLWKWGIML,0.26,3.33,1/30
HIV_gp120,RVIEVVQRA,0.29,3.33,1/30
HIV_gp120,LLQYWSQEL,0.3,23.33,7/30
HIV_gp120,SITKWLWYI,0.52,6.67,2/30
HIV_gp120,AVAERTDRV,0.57,3.33,1/30
HIV_gp120,SLWDQSLKP,0.7,43.33,13/30
HIV_gp120,GLRQSLYTI,0.7,3.33,1/30
HIV_gp120,QMHEDIISL,0.03,30.0,9/30
HIV_gp120,KLINCNTSV,0.12,3.33,1/30
HIV_gp120,LLQYWIQEL,0.15,3.33,1/30
HIV_gp120,LIWDDLRSL,0.19,16.67,5/30
HIV_gp120,HLWRGGTLL,0.2,3.33,1/30
HIV_gp120,TLKQIVTKL,0.28,3.33,1/30
HIV_gp120,RIIEVAQRI,0.4,3.33,1/30
HIV_gp120,SLDQIWNNM,0.58,3.33,1/30
HIV_gp120,SLWDQSLKP,0.7,43.33,13/30
HIV_gp120,VQLKESVEI,0.97,3.33,1/30
HIV_gp120,QMHEDIVSL,0.03,3.33,1/30
HIV_gp120,AVAEGTDRV,0.33,23.33,7/30
HIV_gp120,RLIHCNSSV,0.4,3.33,1/30
HIV_gp120,LLGRRGWEV,0.55,6.67,2/30
HIV_gp120,SLDKIWNNM,0.62,3.33,1/30
HIV_gp120,SLWDQSLKP,0.7,43.33,13/30
HIV_gp120,TLEQVATKL,0.82,3.33,1/30
HIV_gp120,KAYAYFYKL,0.88,3.33,1/30
HIV_gp120,QMQEDVINL,0.04,3.33,1/30
HIV_gp120,TLKQIVEKL,0.24,6.67,2/30
HIV_gp120,LLQYWSQEL,0.3,23.33,7/30
HIV_gp120,SLDSIWNNM,0.54,3.33,1/30
HIV_gp120,QMHEDIISL,0.03,30.0,9/30
HIV_gp120,KVYSLFYRL,0.25,6.67,2/30
HIV_gp120,TLGKVVKQL,0.35,6.67,2/30
HIV_gp120,VQLNTPVQI,0.54,6.67,2/30
HIV_gp120,SLWDQSLKP,0.7,43.33,13/30
HIV_gp120,QMHEDIISL,0.03,30.0,9/30
HIV_gp120,KVYSLFYRL,0.25,6.67,2/30
HIV_gp120,TLGKVVKQL,0.35,6.67,2/30
HIV_gp120,VQLNTPVQI,0.54,6.67,2/30
HIV_gp120,SLWDQSLKP,0.7,43.33,13/30
HIV_gp41,QMHEDIISL,0.03,23.33,7/30
HIV_gp41,LLNETINEM,0.08,3.33,1/30
HIV_gp41,NLISGIRRL,0.21,3.33,1/30
HIV_gp41,KMSRPIINI,0.21,3.33,1/30
HIV_gp41,ALTVRTHSV,0.24,3.33,1/30
HIV_gp41,ILGQKTIEA,0.24,3.33,1/30
HIV_gp41,TLIQNQQRL,0.27,3.33,1/30
HIV_gp41,QLYTDLRTI,0.28,3.33,1/30
HIV_gp41,VMQYWLQEL,0.38,3.33,1/30
HIV_gp41,NLVNQTENV,0.41,3.33,1/30
HIV_gp41,FLQQLYTDL,0.41,3.33,1/30
HIV_gp41,SLWEQSLKP,0.72,10.0,3/30
HIV_gp41,ALLELDEWA,0.72,3.33,1/30
HIV_gp41,QMQEDIISL,0.03,13.33,4/30
HIV_gp41,NLASGIQKV,0.03,3.33,1/30
HIV_gp41,TIYEEIQKA,0.11,3.33,1/30
HIV_gp41,TLLQNQQLL,0.22,3.33,1/30
HIV_gp41,KMFNYTFSC,0.25,3.33,1/30
HIV_gp41,RLSWGIRQL,0.29,3.33,1/30
HIV_gp41,KLLELDEWA,0.57,3.33,1/30
HIV_gp41,TLPCKLRQV,0.62,3.33,1/30
HIV_gp41,SLWDQSLKP,0.7,36.67,11/30
HIV_gp41,WLQELQNSA,0.7,3.33,1/30
HIV_gp41,SLWGCKGKL,0.81,3.33,1/30
HIV_gp41,LQNQQLLSL,0.82,3.33,1/30
HIV_gp41,KTNSKMYTL,0.86,3.33,1/30
HIV_gp41,FLIRQLRNL,0.12,3.33,1/30
HIV_gp41,WQIEYAHFL,0.15,3.33,1/30
HIV_gp41,FLGHKKNYV,0.17,3.33,1/30
HIV_gp41,YLPPREGTL,0.36,3.33,1/30
HIV_gp41,RMMETQTST,0.58,23.33,7/30
HIV_gp41,RLELGDYKL,0.63,23.33,7/30
HIV_gp41,WLYNGCRNL,0.63,3.33,1/30
HIV_gp41,GLNFHSQPL,0.68,3.33,1/30
HIV_gp41,NLLLKTSQI,0.77,3.33,1/30
HIV_gp41,SLFETSIKP,0.91,13.33,4/30
HIV_gp41,TLSAQSRTL,0.98,16.67,5/30
HIV_gp41,QAVDDVWSL,1.0,3.33,1/30
HIV_gp41,QMHQDIISL,0.13,3.33,1/30
HIV_gp41,ELIQRIWRA,0.31,3.33,1/30
HIV_gp41,SLDPIPIHY,0.32,3.33,1/30
HIV_gp41,GLQRGWETL,0.5,3.33,1/30
HIV_gp41,TLQKVKEKL,0.61,3.33,1/30
HIV_gp41,NITNWLWYI,0.83,10.0,3/30
HIV_gp41,ELFNSSTNL,0.86,3.33,1/30
HIV_gp41,VQLNESVEI,0.88,3.33,1/30
HIV_gp41,SLWDQGLKP,0.98,3.33,1/30
HIV_gp41,QMHEDIISL,0.03,23.33,7/30
HIV_gp41,QLFNSTWNV,0.03,6.67,2/30
HIV_gp41,LLQYWSQEL,0.3,23.33,7/30
HIV_gp41,AVAEGTDRV,0.33,23.33,7/30
HIV_gp41,SLWDESLKP,0.66,3.33,1/30
HIV_gp41,QMQEDIISL,0.03,13.33,4/30
HIV_gp41,LLNELRTHL,0.12,3.33,1/30
HIV_gp41,LLVQWNETV,0.17,3.33,1/30
HIV_gp41,KQVYSLFYV,0.28,3.33,1/30
HIV_gp41,LVWEDLRNL,0.34,3.33,1/30
HIV_gp41,RIIELAQRI,0.52,3.33,1/30
HIV_gp41,VQWNETVPI,0.62,3.33,1/30
HIV_gp41,LLNETGEPI,0.65,3.33,1/30
HIV_gp41,SLWEQSLKP,0.72,10.0,3/30
HIV_gp41,RLINCNTTA,0.92,6.67,2/30
HIV_gp41,ILAYWGKEL,0.95,3.33,1/30
HIV_gp41,KIVGDIRQA,0.96,3.33,1/30
HIV_gp41,QMHTDIISL,0.19,6.67,2/30
HIV_gp41,AVAEWTDRV,0.2,3.33,1/30
HIV_gp41,KLGSYFPNA,0.21,3.33,1/30
HIV_gp41,TLAKVKAKL,0.37,3.33,1/30
HIV_gp41,TLKEDPEAI,0.39,3.33,1/30
HIV_gp41,RVIEALQRA,0.48,3.33,1/30
HIV_gp41,GLWGCSGKL,0.58,6.67,2/30
HIV_gp41,SLWDQSLKP,0.7,36.67,11/30
HIV_gp41,KVHALFYKL,0.86,3.33,1/30
HIV_gp41,TLHQVVTQL,0.06,3.33,1/30
HIV_gp41,GLFNSSWEM,0.09,3.33,1/30
HIV_gp41,QMHTDIISL,0.19,6.67,2/30
HIV_gp41,RLINCNTSV,0.21,3.33,1/30
HIV_gp41,VVWDDLRSL,0.23,3.33,1/30
HIV_gp41,SLWRWGTLI,0.34,3.33,1/30
HIV_gp41,VLRDKQQKV,0.5,3.33,1/30
HIV_gp41,LLQYWGQEL,0.59,3.33,1/30
HIV_gp41,SLWDQSLKP,0.7,36.67,11/30
HIV_gp41,VQLKTPVNI,0.92,3.33,1/30
HIV_gp41,QMHEDIISL,0.03,23.33,7/30
HIV_gp41,LIWDDLRSL,0.19,16.67,5/30
HIV_gp41,LLQYWSQEL,0.3,23.33,7/30
HIV_gp41,AVAEGTDRV,0.33,23.33,7/30
HIV_gp41,TLTSCNTSV,0.66,3.33,1/30
HIV_gp41,NLTDNVKTI,0.67,3.33,1/30
HIV_gp41,SLWDQSLKP,0.7,36.67,11/30
HIV_gp41,NITNWLWYI,0.83,10.0,3/30
HIV_gp41,VQLNQSVEI,0.84,3.33,1/30
HIV_gp41,AMQEVKQTL,0.06,10.0,3/30
HIV_gp41,YMNHCNTSV,0.23,20.0,6/30
HIV_gp41,YLPPREGEL,0.32,6.67,2/30
HIV_gp41,SLQRALTTI,0.34,3.33,1/30
HIV_gp41,FLNWIENRA,0.43,3.33,1/30
HIV_gp41,RMMETQTST,0.58,23.33,7/30
HIV_gp41,RLELGDYKL,0.63,23.33,7/30
HIV_gp41,AQNPEVHNV,0.03,3.33,1/30
HIV_gp41,QMHEDIVNL,0.04,3.33,1/30
HIV_gp41,TLEEKVTVL,0.19,3.33,1/30
HIV_gp41,GTLEEKVTV,0.28,3.33,1/30
HIV_gp41,FLYHRLRDL,0.32,3.33,1/30
HIV_gp41,ILQYWGQEL,0.4,3.33,1/30
HIV_gp41,RLYNCNTTA,0.43,3.33,1/30
HIV_gp41,GLWGCSGKL,0.58,6.67,2/30
HIV_gp41,YLGNETITF,0.82,3.33,1/30
HIV_gp41,QMQEDIISL,0.03,13.33,4/30
HIV_gp41,SLQTLIPTT,0.32,3.33,1/30
HIV_gp41,FLYHRLTDC,0.54,3.33,1/30
HIV_gp41,SILRRTLEL,0.63,3.33,1/30
HIV_gp41,SLWEQSLKP,0.72,10.0,3/30
HIV_gp41,RTWEQIWNT,0.74,3.33,1/30
HIV_gp41,RLINCNTTA,0.92,6.67,2/30
HIV_gp41,QMQNCSFNV,0.99,3.33,1/30
HIV_gp41,AMKEVKLTL,0.21,6.67,2/30
HIV_gp41,YMNHCNTSV,0.23,20.0,6/30
HIV_gp41,YLPPREGQL,0.32,10.0,3/30
HIV_gp41,KLYNETWYS,0.36,6.67,2/30
HIV_gp41,RMMETQTST,0.58,23.33,7/30
HIV_gp41,RLELGDYKL,0.63,23.33,7/30
HIV_gp41,QIINTWHKV,0.84,16.67,5/30
HIV_gp41,SLFETSIKP,0.91,13.33,4/30
HIV_gp41,QAVEDVWSL,0.99,10.0,3/30
HIV_gp41,QMHEDIISL,0.03,23.33,7/30
HIV_gp41,QLFNSTWNV,0.03,6.67,2/30
HIV_gp41,LIWDDLRSL,0.19,16.67,5/30
HIV_gp41,TLKQIVEKL,0.24,6.67,2/30
HIV_gp41,RLIHCNTSV,0.24,3.33,1/30
HIV_gp41,AVAEGTDRV,0.33,23.33,7/30
HIV_gp41,SLWDQSLKP,0.7,36.67,11/30
HIV_gp41,SMDQIWNNM,0.91,3.33,1/30
HIV_gp41,QMHENIISL,0.03,3.33,1/30
HIV_gp41,AIDAQQHLL,0.25,3.33,1/30
HIV_gp41,HLWRWGIML,0.26,3.33,1/30
HIV_gp41,LLGRKGWEV,0.27,3.33,1/30
HIV_gp41,LLQYWSQEL,0.3,23.33,7/30
HIV_gp41,AVAEGTDRV,0.33,23.33,7/30
HIV_gp41,KQFENKTIV,0.35,3.33,1/30
HIV_gp41,SITKWLWYI,0.52,6.67,2/30
HIV_gp41,SLWDQSLKP,0.7,36.67,11/30
HIV_gp41,VQLNETVKI,0.72,3.33,1/30
HIV_gp41,TLEQIANKL,0.93,3.33,1/30
HIV_gp41,TLSPQIETI,0.05,6.67,2/30
HIV_gp41,VLFNKHYNL,0.05,3.33,1/30
HIV_gp41,KMDWFLNYL,0.11,6.67,2/30
HIV_gp41,RLFGDPEAA,0.13,3.33,1/30
HIV_gp41,RLWATTNSI,0.15,3.33,1/30
HIV_gp41,NLNARVTAL,0.35,6.67,2/30
HIV_gp41,YMIHCNDSV,0.35,6.67,2/30
HIV_gp41,AQAGSNIHL,0.61,6.67,2/30
HIV_gp41,ILQQQKNLL,0.7,6.67,2/30
HIV_gp41,ALTVQSQHL,0.7,6.67,2/30
HIV_gp41,VLNTRQQWV,0.72,3.33,1/30
HIV_gp41,SVINDWYTL,0.75,3.33,1/30
HIV_gp41,AIINSPRRV,0.8,3.33,1/30
HIV_gp41,RVSNDSVLV,0.95,3.33,1/30
HIV_gp41,TLSPQIETI,0.05,6.67,2/30
HIV_gp41,ILLNKHYNL,0.09,3.33,1/30
HIV_gp41,KMDWFLNYL,0.11,6.67,2/30
HIV_gp41,NLNARVTAL,0.35,6.67,2/30
HIV_gp41,YMIHCNDSV,0.35,6.67,2/30
HIV_gp41,RLWATTNCI,0.43,3.33,1/30
HIV_gp41,TLMNTTVTT,0.58,3.33,1/30
HIV_gp41,AQAGSNIHL,0.61,6.67,2/30
HIV_gp41,YLNNLTVDA,0.62,3.33,1/30
HIV_gp41,ILQQQKNLL,0.7,6.67,2/30
HIV_gp41,ALTVQSQHL,0.7,6.67,2/30
HIV_gp41,AMQEVKQTL,0.06,10.0,3/30
HIV_gp41,YMNHCNTSV,0.23,20.0,6/30
HIV_gp41,YLPPREGQL,0.32,10.0,3/30
HIV_gp41,RMMETQTST,0.58,23.33,7/30
HIV_gp41,YLQQIHIHT,0.61,3.33,1/30
HIV_gp41,RLELGDYKL,0.63,23.33,7/30
HIV_gp41,QIINTWHKV,0.84,16.67,5/30
HIV_gp41,SLFETSIKP,0.91,13.33,4/30
HIV_gp41,SLSPDWNNM,0.97,3.33,1/30
HIV_gp41,TLSAQSRTL,0.98,16.67,5/30
HIV_gp41,QAVEDVWSL,0.99,10.0,3/30
HIV_gp41,RLLNRLYNI,0.07,3.33,1/30
HIV_gp41,AMKEVKLTL,0.21,6.67,2/30
HIV_gp41,YMNHCNTSV,0.23,20.0,6/30
HIV_gp41,YLPPREGQL,0.32,10.0,3/30
HIV_gp41,QLIRLLNRL,0.35,3.33,1/30
HIV_gp41,KLYNETWYS,0.36,6.67,2/30
HIV_gp41,LLSRSFQTL,0.43,3.33,1/30
HIV_gp41,RMMETQTST,0.58,23.33,7/30
HIV_gp41,RLELGDYKL,0.63,23.33,7/30
HIV_gp41,QIINTWHKV,0.84,16.67,5/30
HIV_gp41,SLFETSIKP,0.91,13.33,4/30
HIV_gp41,TLSAQSRTL,0.98,16.67,5/30
HIV_gp41,QAVEDVWSL,0.99,10.0,3/30
HIV_gp41,YLQYGGEWI,1.0,3.33,1/30
HIV_gp41,WQIEYIHFL,0.05,6.67,2/30
HIV_gp41,YMNHCNTSV,0.23,20.0,6/30
HIV_gp41,AIQEVKETL,0.41,3.33,1/30
HIV_gp41,YLQYGWRYL,0.43,3.33,1/30
HIV_gp41,KMNWFLNWV,0.55,3.33,1/30
HIV_gp41,RMMETQTST,0.58,23.33,7/30
HIV_gp41,RLELGDYKL,0.63,23.33,7/30
HIV_gp41,QAIEDVWNL,0.67,6.67,2/30
HIV_gp41,SLSRTLQRA,0.82,3.33,1/30
HIV_gp41,QIINTWHKV,0.84,16.67,5/30
HIV_gp41,WLLRNCQTL,0.95,3.33,1/30
HIV_gp41,TLSAQSRTL,0.98,16.67,5/30
HIV_gp41,KLYEGKYEV,0.01,3.33,1/30
HIV_gp41,KLIEQQSEL,0.02,3.33,1/30
HIV_gp41,YLQQNITEM,0.05,3.33,1/30
HIV_gp41,SLAKELNKL,0.09,3.33,1/30
HIV_gp41,YMNHCNESV,0.24,3.33,1/30
HIV_gp41,VMLRYNEKL,0.38,3.33,1/30
HIV_gp41,NLQTRLTSL,0.41,3.33,1/30
HIV_gp41,QIVDDWMQV,0.45,3.33,1/30
HIV_gp41,KLGDLTSWA,0.57,3.33,1/30
HIV_gp41,RLTSLENYI,0.58,3.33,1/30
HIV_gp41,ALTVQSQSL,0.64,3.33,1/30
HIV_gp41,GLIRENQIV,0.66,3.33,1/30
HIV_gp41,ALWNTISRF,0.81,3.33,1/30
HIV_gp41,SMLDTILKP,0.91,3.33,1/30
HIV_gp41,TLQPILQNL,0.03,3.33,1/30
HIV_gp41,WQIEYIHFL,0.05,6.67,2/30
HIV_gp41,AMQEVKQTL,0.06,10.0,3/30
HIV_gp41,YMNHCNTSV,0.23,20.0,6/30
HIV_gp41,NLLSRIFQT,0.26,3.33,1/30
HIV_gp41,YLPPREGEL,0.32,6.67,2/30
HIV_gp41,GLYNICRNL,0.5,3.33,1/30
HIV_gp41,RMMETQTST,0.58,23.33,7/30
HIV_gp41,RLELGDYKL,0.63,23.33,7/30
HIV_gp41,QAIEDVWNL,0.67,6.67,2/30
HIV_gp41,LIYCRQQYV,0.76,3.33,1/30
HIV_gp41,QIINTWHKV,0.84,16.67,5/30
HIV_gp41,RIFQTLQPI,0.88,3.33,1/30
HIV_gp41,TLSAQSRTL,0.98,16.67,5/30
HIV_gp41,QMHEDIISL,0.03,23.33,7/30
HIV_gp41,LIWDDLRSL,0.19,16.67,5/30
HIV_gp41,LLQYWSQEL,0.3,23.33,7/30
HIV_gp41,AVAEGTDRV,0.33,23.33,7/30
HIV_gp41,SLWDQSLKP,0.7,36.67,11/30
HIV_gp41,NITNWLWYI,0.83,10.0,3/30
HIV_gp41,QMQEDIISL,0.03,13.33,4/30
HIV_gp41,RLWRWGTML,0.18,3.33,1/30
HIV_gp41,LIWDDLRSL,0.19,16.67,5/30
HIV_gp41,RVIEIVQRA,0.26,3.33,1/30
HIV_gp41,LLQYWSQEL,0.3,23.33,7/30
HIV_gp41,AVAEGTDRV,0.33,23.33,7/30
HIV_gp41,LLGRRGWEV,0.55,6.67,2/30
HIV_gp41,SLNEIWDNM,0.55,3.33,1/30
HIV_gp41,SLWDQSLKP,0.7,36.67,11/30
HIV_gp41,VQLNKSVEI,0.7,3.33,1/30
HIV_gp41,TLEQIATKL,0.72,3.33,1/30
HIV_gp41,QMHEDIISL,0.03,23.33,7/30
HIV_gp41,SLDEIWQNM,0.12,3.33,1/30
HIV_gp41,ALQQVATKL,0.21,3.33,1/30
HIV_gp41,NLWKWGIML,0.26,3.33,1/30
HIV_gp41,RVIEVVQRA,0.29,3.33,1/30
HIV_gp41,LLQYWSQEL,0.3,23.33,7/30
HIV_gp41,SITKWLWYI,0.52,6.67,2/30
HIV_gp41,AVAERTDRV,0.57,3.33,1/30
HIV_gp41,SLWDQSLKP,0.7,36.67,11/30
HIV_gp41,GLRQSLYTI,0.7,3.33,1/30
HIV_gp41,QMHEDIISL,0.03,23.33,7/30
HIV_gp41,KLINCNTSV,0.12,3.33,1/30
HIV_gp41,LLQYWIQEL,0.15,3.33,1/30
HIV_gp41,LIWDDLRSL,0.19,16.67,5/30
HIV_gp41,HLWRGGTLL,0.2,3.33,1/30
HIV_gp41,TLKQIVTKL,0.28,3.33,1/30
HIV_gp41,RIIEVAQRI,0.4,3.33,1/30
HIV_gp41,SLDQIWNNM,0.58,3.33,1/30
HIV_gp41,SLWDQSLKP,0.7,36.67,11/30
HIV_gp41,VQLKESVEI,0.97,3.33,1/30
HIV_gp41,QMHEDIVSL,0.03,3.33,1/30
HIV_gp41,AVAEGTDRV,0.33,23.33,7/30
HIV_gp41,RLIHCNSSV,0.4,3.33,1/30
HIV_gp41,LLGRRGWEV,0.55,6.67,2/30
HIV_gp41,SLDKIWNNM,0.62,3.33,1/30
HIV_gp41,SLWDQSLKP,0.7,36.67,11/30
HIV_gp41,TLEQVATKL,0.82,3.33,1/30
HIV_gp41,KAYAYFYKL,0.88,3.33,1/30
HIV_gp41,QMQEDVINL,0.04,3.33,1/30
HIV_gp41,TLKQIVEKL,0.24,6.67,2/30
HIV_gp41,LLQYWSQEL,0.3,23.33,7/30
HIV_gp41,SLDSIWNNM,0.54,3.33,1/30
HIV_gp41,YLQQKFYEI,0.03,3.33,1/30
HIV_gp41,ALDKITEAL,0.04,3.33,1/30
HIV_gp41,ILQPRLQEI,0.05,3.33,1/30
HIV_gp41,YLDRVDTWL,0.12,3.33,1/30
HIV_gp41,YSDESILSL,0.15,3.33,1/30
HIV_gp41,LQNGFTMKV,0.21,3.33,1/30
HIV_gp41,IMDIEQNNV,0.23,3.33,1/30
HIV_gp41,RLQEIRNEI,0.31,3.33,1/30
HIV_gp41,YLGTTNAQI,0.33,3.33,1/30
HIV_gp41,GMVTQYQQV,0.33,3.33,1/30
HIV_gp41,RLVTLEHQM,0.36,3.33,1/30
HIV_gp41,KVDDLIMHF,0.37,3.33,1/30
HIV_gp41,IQDPEIPKC,0.53,3.33,1/30
HIV_gp41,IIPDYQCYL,0.6,3.33,1/30
HIV_gp41,FLDGQLSQL,0.01,3.33,1/30
HIV_gp41,YVMERHLEI,0.09,3.33,1/30
HIV_gp41,QQPPDFPYV,0.21,3.33,1/30
HIV_gp41,VLHHRVSYL,0.26,3.33,1/30
HIV_gp41,GLGETSREL,0.28,3.33,1/30
HIV_gp41,RLNVLHHRV,0.34,3.33,1/30
HIV_gp41,KIEEKILKI,0.39,3.33,1/30
HIV_gp41,WLARREWNV,0.42,3.33,1/30
HIV_gp41,QLSQLKNTL,0.68,3.33,1/30
HIV_gp41,LLEEIGRWL,0.88,3.33,1/30
HIV_gp41,RVDWLNSSL,0.96,3.33,1/30
HIV_p17,ILKEPVHGV,0.03,20.0,6/30
HIV_p17,ALQDSGLEV,0.06,20.0,6/30
HIV_p17,YQLEKEPIV,0.06,6.67,2/30
HIV_p17,QLTEAVQKI,0.2,23.33,7/30
HIV_p17,YQYMDDLYV,0.21,43.33,13/30
HIV_p17,SLQTGSEEL,0.22,16.67,5/30
HIV_p17,KLVGKLNWA,0.31,40.0,12/30
HIV_p17,KLLRGTKAL,0.31,16.67,5/30
HIV_p17,ELHPDKWTV,0.43,50.0,15/30
HIV_p17,RMYSPSSIL,0.45,6.67,2/30
HIV_p17,ATLEEMMTA,0.49,53.33,16/30
HIV_p17,TLWQRPLVT,0.57,30.0,9/30
HIV_p17,TQDFWEVQL,0.58,46.67,14/30
HIV_p17,AMSQVTNSA,0.65,10.0,3/30
HIV_p17,PLWKGPAKL,0.66,6.67,2/30
HIV_p17,IQDNSDIKV,0.74,23.33,7/30
HIV_p17,GQGQWTYQI,0.74,30.0,9/30
HIV_p17,YVDRFYKTL,0.75,66.67,20/30
HIV_p17,SLLETSEGC,0.77,6.67,2/30
HIV_p17,GQVDCSPGI,0.8,33.33,10/30
HIV_p17,SINNETPGI,0.84,23.33,7/30
HIV_p17,HLLKWGFTT,0.91,23.33,7/30
HIV_p17,MTNNPPIPV,0.97,23.33,7/30
HIV_p17,ILREPVHGV,0.06,3.33,1/30
HIV_p17,GLDQWTYQI,0.06,3.33,1/30
HIV_p17,QLTEVVQKI,0.08,3.33,1/30
HIV_p17,SLQEQITWM,0.18,6.67,2/30
HIV_p17,YQYMDDLYV,0.21,43.33,13/30
HIV_p17,SINNETPGV,0.26,6.67,2/30
HIV_p17,ALQDSRSEV,0.26,3.33,1/30
HIV_p17,ALNPDLLET,0.26,6.67,2/30
HIV_p17,SLQTGTEEI,0.28,6.67,2/30
HIV_p17,KLVGKLNWA,0.31,40.0,12/30
HIV_p17,IQDNNEIKV,0.36,3.33,1/30
HIV_p17,ELHPDKWTV,0.43,50.0,15/30
HIV_p17,TLWQRPLVT,0.57,30.0,9/30
HIV_p17,TQDFWEVQL,0.58,46.67,14/30
HIV_p17,KLLRGAKAL,0.59,16.67,5/30
HIV_p17,SQIYPGIKV,0.61,13.33,4/30
HIV_p17,ALTEICKEM,0.62,3.33,1/30
HIV_p17,KIGGQLIEA,0.63,6.67,2/30
HIV_p17,IMRQLQPSL,0.7,6.67,2/30
HIV_p17,GQVDCSPGI,0.8,33.33,10/30
HIV_p17,HLLKWGFTT,0.91,23.33,7/30
HIV_p17,QLAEVVQKV,0.01,3.33,1/30
HIV_p17,KLKEPVHGV,0.02,3.33,1/30
HIV_p17,ALQDSKEQV,0.08,3.33,1/30
HIV_p17,YQLETEPIV,0.14,6.67,2/30
HIV_p17,GQVDYSPEI,0.19,3.33,1/30
HIV_p17,YQYIDDLYV,0.24,3.33,1/30
HIV_p17,KLIRGTKSL,0.24,6.67,2/30
HIV_p17,KLVGKLNWA,0.31,40.0,12/30
HIV_p17,SVNNETPGV,0.37,3.33,1/30
HIV_p17,ELHPDKWTV,0.43,50.0,15/30
HIV_p17,YQPDKDLWV,0.45,6.67,2/30
HIV_p17,KLPKFRLPV,0.47,3.33,1/30
HIV_p17,VLASGGHEA,0.48,3.33,1/30
HIV_p17,RQANFFREV,0.5,3.33,1/30
HIV_p17,ELKSIIQQV,0.51,6.67,2/30
HIV_p17,HLYQWGFTT,0.57,6.67,2/30
HIV_p17,TQDFWEVQL,0.58,46.67,14/30
HIV_p17,IQDKGDIKV,0.58,6.67,2/30
HIV_p17,QLLQQLEPA,0.6,13.33,4/30
HIV_p17,AMNKELKSI,0.64,6.67,2/30
HIV_p17,YVDRFYKTL,0.75,66.67,20/30
HIV_p17,ILKINNFRV,0.99,3.33,1/30
HIV_p17,ILKEPVHGV,0.03,20.0,6/30
HIV_p17,ALQDSGSEV,0.15,10.0,3/30
HIV_p17,ALQTGTEEL,0.16,13.33,4/30
HIV_p17,YQYMDDLYV,0.21,43.33,13/30
HIV_p17,KLVGKLNWA,0.31,40.0,12/30
HIV_p17,TLQEQIAWM,0.36,20.0,6/30
HIV_p17,ELHPDKWTV,0.43,50.0,15/30
HIV_p17,YVDRFFKTL,0.51,26.67,8/30
HIV_p17,TLWQRPLVT,0.57,30.0,9/30
HIV_p17,TQDFWEVQL,0.58,46.67,14/30
HIV_p17,YQLEKEPIA,0.58,3.33,1/30
HIV_p17,KLLRGAKAL,0.59,16.67,5/30
HIV_p17,SQIYPGIKV,0.61,13.33,4/30
HIV_p17,IQDNSDIKV,0.74,23.33,7/30
HIV_p17,FQSSMPQIL,0.77,3.33,1/30
HIV_p17,HLLKWGFTT,0.91,23.33,7/30
HIV_p17,ILKIQNFRV,0.95,3.33,1/30
HIV_p17,QLAEVIQKV,0.01,3.33,1/30
HIV_p17,ALQDSKETV,0.08,3.33,1/30
HIV_p17,KLIGKLNWA,0.14,6.67,2/30
HIV_p17,RLKQPVHGV,0.17,3.33,1/30
HIV_p17,KLLQQLEPA,0.2,6.67,2/30
HIV_p17,GQVDCSPEV,0.24,3.33,1/30
HIV_p17,KLIRGTKSL,0.24,6.67,2/30
HIV_p17,KLPKFKLPV,0.26,3.33,1/30
HIV_p17,ILASGGHEA,0.35,3.33,1/30
HIV_p17,ELHPDKWTV,0.43,50.0,15/30
HIV_p17,YQPDKDLWV,0.45,6.67,2/30
HIV_p17,ELKSIIQQV,0.51,6.67,2/30
HIV_p17,RVGGHLCEV,0.52,3.33,1/30
HIV_p17,HLYQWGFTT,0.57,6.67,2/30
HIV_p17,IQDKGDIKV,0.58,6.67,2/30
HIV_p17,AMNKELKSI,0.64,6.67,2/30
HIV_p17,YVDRFYKTL,0.75,66.67,20/30
HIV_p17,ALKTGSDSL,0.91,6.67,2/30
HIV_p17,QILKHKFRV,0.99,3.33,1/30
HIV_p17,ILREPIHGV,0.04,3.33,1/30
HIV_p17,ALQDSGLEV,0.06,20.0,6/30
HIV_p17,QLTEAVQKI,0.2,23.33,7/30
HIV_p17,YQYMDDLYV,0.21,43.33,13/30
HIV_p17,ALNPGLLET,0.23,6.67,2/30
HIV_p17,KLVGKLNWA,0.31,40.0,12/30
HIV_p17,YLALQDSGL,0.35,3.33,1/30
HIV_p17,TLQEQIAWM,0.36,20.0,6/30
HIV_p17,SQIYPNIKV,0.4,3.33,1/30
HIV_p17,HLVKLWYQL,0.41,3.33,1/30
HIV_p17,ELHPDKWTV,0.43,50.0,15/30
HIV_p17,IQDNSEIKV,0.43,6.67,2/30
HIV_p17,GLLETPEGC,0.48,6.67,2/30
HIV_p17,YVDRFFKTL,0.51,26.67,8/30
HIV_p17,TLWQRPLVT,0.57,30.0,9/30
HIV_p17,TQDFWEVQL,0.58,46.67,14/30
HIV_p17,KLLRGAKAL,0.59,16.67,5/30
HIV_p17,QIIEQIQPA,0.6,6.67,2/30
HIV_p17,GQGQWTYQI,0.74,30.0,9/30
HIV_p17,GQVDCSPGI,0.8,33.33,10/30
HIV_p17,SINNETPGI,0.84,23.33,7/30
HIV_p17,HLLKWGFTT,0.91,23.33,7/30
HIV_p17,YQLETEPIA,0.99,3.33,1/30
HIV_p17,ILKEPLHGV,0.03,3.33,1/30
HIV_p17,NLQTQILKV,0.09,3.33,1/30
HIV_p17,YQYMDDLYV,0.21,43.33,13/30
HIV_p17,KLLNQLEPA,0.22,6.67,2/30
HIV_p17,KLVGKLNWA,0.31,40.0,12/30
HIV_p17,KLIRGTKAL,0.34,6.67,2/30
HIV_p17,ELHPDKWTV,0.43,50.0,15/30
HIV_p17,ALKTGSEEL,0.43,6.67,2/30
HIV_p17,ATLEEMMTA,0.49,53.33,16/30
HIV_p17,TQDFWEVQL,0.58,46.67,14/30
HIV_p17,IQDNGDIKV,0.62,6.67,2/30
HIV_p17,TLWQRPVIT,0.66,3.33,1/30
HIV_p17,MTANPPVPV,0.66,13.33,4/30
HIV_p17,SQIYPGIRV,0.71,3.33,1/30
HIV_p17,GQGQWTYQI,0.74,30.0,9/30
HIV_p17,YVDRFYKTL,0.75,66.67,20/30
HIV_p17,ALREICTEM,0.8,3.33,1/30
HIV_p17,ILKVQNFRV,0.81,6.67,2/30
HIV_p17,SINNETPGI,0.84,23.33,7/30
HIV_p17,HLLKWGFTT,0.91,23.33,7/30
HIV_p17,VLYYVHQKV,0.12,6.67,2/30
HIV_p17,YQLETEPIV,0.14,6.67,2/30
HIV_p17,ALQDSGSEV,0.15,10.0,3/30
HIV_p17,ALDPGLLET,0.17,6.67,2/30
HIV_p17,QLTEAVQKI,0.2,23.33,7/30
HIV_p17,YQYMDDLYV,0.21,43.33,13/30
HIV_p17,ILKEPVHGA,0.21,10.0,3/30
HIV_p17,SLQTGSEEL,0.22,16.67,5/30
HIV_p17,SLSPRTLNA,0.26,6.67,2/30
HIV_p17,KLVGKLNWA,0.31,40.0,12/30
HIV_p17,KLHPEQARA,0.32,3.33,1/30
HIV_p17,TLQEQIQWM,0.33,6.67,2/30
HIV_p17,ELHPDKWTV,0.43,50.0,15/30
HIV_p17,IQDNSEIKV,0.43,6.67,2/30
HIV_p17,ATLEEMMTA,0.49,53.33,16/30
HIV_p17,YVDRFFKTL,0.51,26.67,8/30
HIV_p17,TLWQRPLVT,0.57,30.0,9/30
HIV_p17,TQDFWEVQL,0.58,46.67,14/30
HIV_p17,KLLRGAKAL,0.59,16.67,5/30
HIV_p17,SQIYPGIKV,0.61,13.33,4/30
HIV_p17,GQGQWTYQI,0.74,30.0,9/30
HIV_p17,GQVDCSPGI,0.8,33.33,10/30
HIV_p17,GLLETSEGC,0.93,26.67,8/30
HIV_p17,QLLQQLEPA,0.6,13.33,4/30
HIV_p17,YVDRFYKTL,0.75,66.67,20/30
HIV_p17,KLLQQLEPA,0.2,6.67,2/30
HIV_p17,YVDRFYKTL,0.75,66.67,20/30
HIV_p17,ALKTGSDSL,0.91,6.67,2/30
HIV_p17,SLFGNDHLL,0.03,3.33,1/30
HIV_p17,ALQTGTEEL,0.16,13.33,4/30
HIV_p17,TLQEQIAWM,0.36,20.0,6/30
HIV_p17,YVDRFFKTL,0.51,26.67,8/30
HIV_p17,FLQSRPEPT,0.98,20.0,6/30
HIV_p17,SLQTGSEEL,0.22,16.67,5/30
HIV_p17,RMYSPSSIL,0.45,6.67,2/30
HIV_p17,ATLEEMMTA,0.49,53.33,16/30
HIV_p17,AMSQVTNSA,0.65,10.0,3/30
HIV_p17,YVDRFYKTL,0.75,66.67,20/30
HIV_p17,SLLETSEGC,0.77,6.67,2/30
HIV_p17,MTNNPPIPV,0.97,23.33,7/30
HIV_p17,FLQSRPEPT,0.98,20.0,6/30
HIV_p17,ALNPGLLET,0.23,6.67,2/30
HIV_p17,TLQEQIAWM,0.36,20.0,6/30
HIV_p17,GLLETPEGC,0.48,6.67,2/30
HIV_p17,YVDRFFKTL,0.51,26.67,8/30
HIV_p17,QLKDKEPPL,0.56,3.33,1/30
HIV_p17,QIIEQIQPA,0.6,6.67,2/30
HIV_p17,FLQSRPEPT,0.98,20.0,6/30
HIV_p17,KLLNQLEPA,0.22,6.67,2/30
HIV_p17,ALKTGSEEL,0.43,6.67,2/30
HIV_p17,ATLEEMMTA,0.49,53.33,16/30
HIV_p17,MTANPPVPV,0.66,13.33,4/30
HIV_p17,YVDRFYKTL,0.75,66.67,20/30
HIV_p17,SLQEQITWM,0.18,6.67,2/30
HIV_p17,ALNPDLLET,0.26,6.67,2/30
HIV_p17,SLQTGTEEI,0.28,6.67,2/30
HIV_p17,ELYPSLKSL,0.35,3.33,1/30
HIV_p17,IMRQLQPSL,0.7,6.67,2/30
HIV_p17,VLYYVHQKV,0.12,6.67,2/30
HIV_p17,ALDPGLLET,0.17,6.67,2/30
HIV_p17,SLQTGSEEL,0.22,16.67,5/30
HIV_p17,SLSPRTLNA,0.26,6.67,2/30
HIV_p17,TLQEQIQWM,0.33,6.67,2/30
HIV_p17,ATLEEMMTA,0.49,53.33,16/30
HIV_p17,YVDRFFKTL,0.51,26.67,8/30
HIV_p17,GLLETSEGC,0.93,26.67,8/30
HIV_p17,RMYSPTSIL,0.36,13.33,4/30
HIV_p17,ATLEEMMTA,0.49,53.33,16/30
HIV_p17,AMSQVTNSA,0.65,10.0,3/30
HIV_p17,YVDRFYKTL,0.75,66.67,20/30
HIV_p17,GLLETSEGC,0.93,26.67,8/30
HIV_p17,MTNNPPIPV,0.97,23.33,7/30
HIV_p17,FLQSRPEPT,0.98,20.0,6/30
HIV_p17,QLTEVVQKV,0.02,10.0,3/30
HIV_p17,ALQDSEVEV,0.02,3.33,1/30
HIV_p17,YMMKHLVWA,0.09,13.33,4/30
HIV_p17,KLIGKLNWA,0.14,6.67,2/30
HIV_p17,KLQQQISNI,0.18,3.33,1/30
HIV_p17,YQYMDDLYV,0.21,43.33,13/30
HIV_p17,ILKEPVHGA,0.21,10.0,3/30
HIV_p17,SLWQRPVVT,0.31,3.33,1/30
HIV_p17,ATADGTSTV,0.33,6.67,2/30
HIV_p17,SLMETTEGC,0.34,6.67,2/30
HIV_p17,KLIRGTKAL,0.34,6.67,2/30
HIV_p17,ELHPDKWTV,0.43,50.0,15/30
HIV_p17,TQDFWEVQL,0.58,46.67,14/30
HIV_p17,QLLQQLEPA,0.6,13.33,4/30
HIV_p17,FTTEAELEL,0.66,3.33,1/30
HIV_p17,GQGQWTYQI,0.74,30.0,9/30
HIV_p17,YVDRFYKTL,0.75,66.67,20/30
HIV_p17,ALKTGSEGL,0.79,13.33,4/30
HIV_p17,GQVDCSPGI,0.8,33.33,10/30
HIV_p17,YMEAEVIPA,0.87,3.33,1/30
HIV_p17,LQDQEEIKV,0.88,3.33,1/30
HIV_p17,HLLKWGFTT,0.91,23.33,7/30
HIV_p17,QLTEVVQKV,0.02,10.0,3/30
HIV_p17,KLQTQILKV,0.02,3.33,1/30
HIV_p17,ALQDAGQEV,0.06,3.33,1/30
HIV_p17,YMMKHLVWA,0.09,13.33,4/30
HIV_p17,YQYMDDLYV,0.21,43.33,13/30
HIV_p17,ILKEPVHGA,0.21,10.0,3/30
HIV_p17,TVNDIQQLV,0.27,3.33,1/30
HIV_p17,TLWQRPILT,0.33,3.33,1/30
HIV_p17,ELHPDKWTV,0.43,50.0,15/30
HIV_p17,RMYSPASIL,0.58,6.67,2/30
HIV_p17,TQDFWEVQL,0.58,46.67,14/30
HIV_p17,GQINCSPGV,0.6,3.33,1/30
HIV_p17,SQIYPGIKV,0.61,13.33,4/30
HIV_p17,IQDNGDIKV,0.62,6.67,2/30
HIV_p17,MTANPPVPV,0.66,13.33,4/30
HIV_p17,KLIRGAKAL,0.67,3.33,1/30
HIV_p17,LLRQLEPAL,0.68,6.67,2/30
HIV_p17,GQGQWTYQI,0.74,30.0,9/30
HIV_p17,YVDRFYKTL,0.75,66.67,20/30
HIV_p17,GLRSLFNTL,0.77,6.67,2/30
HIV_p17,ALKTGSEGL,0.79,13.33,4/30
HIV_p17,ILKVQNFRV,0.81,6.67,2/30
HIV_p17,GLMDTAEGC,0.82,6.67,2/30
HIV_p17,QLVGKLNWA,0.87,3.33,1/30
HIV_p17,QQAELQAVL,0.89,3.33,1/30
HIV_p17,GLASLQREA,0.91,3.33,1/30
HIV_p17,TQAQTATSV,0.98,6.67,2/30
HIV_p17,KLYPQLTSL,0.01,3.33,1/30
HIV_p17,YMMKHLVWA,0.09,13.33,4/30
HIV_p17,ATADGTSTV,0.33,6.67,2/30
HIV_p17,SLMETTEGC,0.34,6.67,2/30
HIV_p17,QLLQQLEPA,0.6,13.33,4/30
HIV_p17,YVDRFYKTL,0.75,66.67,20/30
HIV_p17,ALKTGSEGL,0.79,13.33,4/30
HIV_p17,SLFGSDPSL,0.03,3.33,1/30
HIV_p17,YMMKHLVWA,0.09,13.33,4/30
HIV_p17,RMYSPASIL,0.58,6.67,2/30
HIV_p17,MTANPPVPV,0.66,13.33,4/30
HIV_p17,LLRQLEPAL,0.68,6.67,2/30
HIV_p17,YVDRFYKTL,0.75,66.67,20/30
HIV_p17,GLRSLFNTL,0.77,6.67,2/30
HIV_p17,ALKTGSEGL,0.79,13.33,4/30
HIV_p17,GLMDTAEGC,0.82,6.67,2/30
HIV_p17,RQANFLGKV,0.95,3.33,1/30
HIV_p17,TQAQTATSV,0.98,6.67,2/30
HIV_p17,QLTEVVQKV,0.02,10.0,3/30
HIV_p17,ILKDPVHGV,0.03,3.33,1/30
HIV_p17,ALQDSGSEV,0.15,10.0,3/30
HIV_p17,ALQTGTEEL,0.16,13.33,4/30
HIV_p17,YQYMDDLYV,0.21,43.33,13/30
HIV_p17,SINNETPGV,0.26,6.67,2/30
HIV_p17,ALSPRTLNA,0.26,6.67,2/30
HIV_p17,GQDQWTYQI,0.28,3.33,1/30
HIV_p17,TLNPGLLET,0.3,13.33,4/30
HIV_p17,KLVGKLNWA,0.31,40.0,12/30
HIV_p17,ALTEICNEM,0.33,3.33,1/30
HIV_p17,ELHPDKWTV,0.43,50.0,15/30
HIV_p17,ATLEEMMTA,0.49,53.33,16/30
HIV_p17,YVDRFFKTL,0.51,26.67,8/30
HIV_p17,TLWQRPLVT,0.57,30.0,9/30
HIV_p17,TQDFWEVQL,0.58,46.67,14/30
HIV_p17,KLLRGAKAL,0.59,16.67,5/30
HIV_p17,KIGGQLIEA,0.63,6.67,2/30
HIV_p17,YQLEKDPIA,0.67,3.33,1/30
HIV_p17,IQDNSDIKV,0.74,23.33,7/30
HIV_p17,GQVDCSPGI,0.8,33.33,10/30
HIV_p17,ILKEPVHGV,0.03,20.0,6/30
HIV_p17,ALQDSGLEV,0.06,20.0,6/30
HIV_p17,YQLEKDPIV,0.11,3.33,1/30
HIV_p17,QLTEAVQKI,0.2,23.33,7/30
HIV_p17,YQYMDDLYV,0.21,43.33,13/30
HIV_p17,YQLKHIVWA,0.29,6.67,2/30
HIV_p17,KLVGKLNWA,0.31,40.0,12/30
HIV_p17,KLLRGTKAL,0.31,16.67,5/30
HIV_p17,RMYSPTSIL,0.36,13.33,4/30
HIV_p17,ELHPDKWTV,0.43,50.0,15/30
HIV_p17,TLWQRPIVT,0.47,3.33,1/30
HIV_p17,ATLEEMMTA,0.49,53.33,16/30
HIV_p17,TQDFWEVQL,0.58,46.67,14/30
HIV_p17,PLWKGPAKL,0.66,6.67,2/30
HIV_p17,IQDNSDIKV,0.74,23.33,7/30
HIV_p17,GQGQWTYQI,0.74,30.0,9/30
HIV_p17,YVDRFYKTL,0.75,66.67,20/30
HIV_p17,GQVDCSPGI,0.8,33.33,10/30
HIV_p17,SINNETPGI,0.84,23.33,7/30
HIV_p17,GLLETSEGC,0.93,26.67,8/30
HIV_p17,SLKTGSEEI,0.95,6.67,2/30
HIV_p17,SMNNELKKI,0.97,3.33,1/30
HIV_p17,MTNNPPIPV,0.97,23.33,7/30
HIV_p17,ILKEPVHGV,0.03,20.0,6/30
HIV_p17,ALQDSGLEV,0.06,20.0,6/30
HIV_p17,YQLEKEPII,0.19,6.67,2/30
HIV_p17,QLTEAVQKI,0.2,23.33,7/30
HIV_p17,YQYMDDLYV,0.21,43.33,13/30
HIV_p17,TLNPGLLET,0.3,13.33,4/30
HIV_p17,KLVGKLNWA,0.31,40.0,12/30
HIV_p17,KLLRGTKAL,0.31,16.67,5/30
HIV_p17,TLQEQIAWM,0.36,20.0,6/30
HIV_p17,ELHPDKWTV,0.43,50.0,15/30
HIV_p17,ATLEEMMTA,0.49,53.33,16/30
HIV_p17,TLWQRPLVT,0.57,30.0,9/30
HIV_p17,TQDFWEVQL,0.58,46.67,14/30
HIV_p17,RVWGGDNPL,0.64,3.33,1/30
HIV_p17,IQDNSDIKV,0.74,23.33,7/30
HIV_p17,YVDRFYKTL,0.75,66.67,20/30
HIV_p17,HLIWASREL,0.78,6.67,2/30
HIV_p17,GQVDCSPGI,0.8,33.33,10/30
HIV_p17,SINNETPGI,0.84,23.33,7/30
HIV_p17,GLLETSEGC,0.93,26.67,8/30
HIV_p17,ILKEPVHGV,0.03,20.0,6/30
HIV_p17,ALQDSGLEV,0.06,20.0,6/30
HIV_p17,YQLEKEPIV,0.06,6.67,2/30
HIV_p17,QLTEAVQKI,0.2,23.33,7/30
HIV_p17,YQYMDDLYV,0.21,43.33,13/30
HIV_p17,KLVGKLNWA,0.31,40.0,12/30
HIV_p17,KLLRGTKAL,0.31,16.67,5/30
HIV_p17,SLSEAGAEA,0.42,3.33,1/30
HIV_p17,SLKTGSEEL,0.42,6.67,2/30
HIV_p17,ELHPDKWTV,0.43,50.0,15/30
HIV_p17,ATLEEMMTA,0.49,53.33,16/30
HIV_p17,TLWQRPLVT,0.57,30.0,9/30
HIV_p17,TQDFWEVQL,0.58,46.67,14/30
HIV_p17,IQDNSDIKV,0.74,23.33,7/30
HIV_p17,GQGQWTYQI,0.74,30.0,9/30
HIV_p17,YVDRFYKTL,0.75,66.67,20/30
HIV_p17,GQVDCSPGI,0.8,33.33,10/30
HIV_p17,SINNETPGI,0.84,23.33,7/30
HIV_p17,HLLKWGFTT,0.91,23.33,7/30
HIV_p17,GLLESSEGC,0.96,6.67,2/30
HIV_p17,MTNNPPIPV,0.97,23.33,7/30
HIV_p17,ALQTGTEEL,0.16,13.33,4/30
HIV_p17,ALSPRTLNA,0.26,6.67,2/30
HIV_p17,TLNPGLLET,0.3,13.33,4/30
HIV_p17,ATLEEMMTA,0.49,53.33,16/30
HIV_p17,YVDRFFKTL,0.51,26.67,8/30
HIV_p17,YQLKHIVWA,0.29,6.67,2/30
HIV_p17,RMYSPTSIL,0.36,13.33,4/30
HIV_p17,ATLEEMMTA,0.49,53.33,16/30
HIV_p17,YVDRFYKTL,0.75,66.67,20/30
HIV_p17,GLLETSEGC,0.93,26.67,8/30
HIV_p17,SLKTGSEEI,0.95,6.67,2/30
HIV_p17,MTNNPPIPV,0.97,23.33,7/30
HIV_p17,TLNPGLLET,0.3,13.33,4/30
HIV_p17,TLQEQIAWM,0.36,20.0,6/30
HIV_p17,ATLEEMMTA,0.49,53.33,16/30
HIV_p17,YVDRFYKTL,0.75,66.67,20/30
HIV_p17,HLIWASREL,0.78,6.67,2/30
HIV_p17,GLLETSEGC,0.93,26.67,8/30
HIV_p17,FLQSRPEPT,0.98,20.0,6/30
HIV_p17,SLKTGSEEL,0.42,6.67,2/30
HIV_p17,ATLEEMMTA,0.49,53.33,16/30
HIV_p17,YVDRFYKTL,0.75,66.67,20/30
HIV_p17,GLLESSEGC,0.96,6.67,2/30
HIV_p17,MTNNPPIPV,0.97,23.33,7/30
HIV_p17,FLQSRPEPT,0.98,20.0,6/30
HIV_p17,ILKEPVHGV,0.03,20.0,6/30
HIV_p17,ALQDSGLEV,0.06,20.0,6/30
HIV_p17,YQLEKEPII,0.19,6.67,2/30
HIV_p17,QLTEAVQKI,0.2,23.33,7/30
HIV_p17,YQYMDDLYV,0.21,43.33,13/30
HIV_p17,SLQTGSEEL,0.22,16.67,5/30
HIV_p17,KLVGKLNWA,0.31,40.0,12/30
HIV_p17,KLLRGTKAL,0.31,16.67,5/30
HIV_p17,RMYSPTSIL,0.36,13.33,4/30
HIV_p17,ELHPDKWTV,0.43,50.0,15/30
HIV_p17,ATLEEMMTA,0.49,53.33,16/30
HIV_p17,TLWQRPLVT,0.57,30.0,9/30
HIV_p17,TQDFWEVQL,0.58,46.67,14/30
HIV_p17,IQDNSDIKV,0.74,23.33,7/30
HIV_p17,GQGQWTYQI,0.74,30.0,9/30
HIV_p17,YVDRFYKTL,0.75,66.67,20/30
HIV_p17,GQVDCSPGI,0.8,33.33,10/30
HIV_p17,SINNETPGI,0.84,23.33,7/30
HIV_p17,GLLETSEGC,0.93,26.67,8/30
HIV_p17,KQYKLKHIV,0.93,3.33,1/30
HIV_p24,TLWDVQKLV,0.03,3.33,1/30
HIV_p24,QLVEKELQL,0.05,3.33,1/30
HIV_p24,GLSSGPWPV,0.06,3.33,1/30
HIV_p24,RLLHDLRAV,0.07,3.33,1/30
HIV_p24,RLLKDKIRV,0.09,3.33,1/30
HIV_p24,WMDAWGVQL,0.18,3.33,1/30
HIV_p24,LLPHDVTNL,0.23,3.33,1/30
HIV_p24,QLGHIEPSL,0.24,3.33,1/30
HIV_p24,ASAPPPPYV,0.24,3.33,1/30
HIV_p24,RMAPRSWLA,0.27,3.33,1/30
HIV_p24,LMGPFYEQL,0.29,3.33,1/30
HIV_p24,TQHGRVTSV,0.39,3.33,1/30
HIV_p24,AMVERANRL,0.4,3.33,1/30
HIV_p24,QIWQTDFTL,0.44,3.33,1/30
HIV_p24,ALERWDPAL,0.54,3.33,1/30
HIV_p24,SLQWLRPAL,0.58,3.33,1/30
HIV_p24,SQPDIQQLI,0.69,3.33,1/30
HIV_p24,MAWREIVQL,0.75,3.33,1/30
HIV_p24,VVDTANPQI,0.76,3.33,1/30
HIV_p24,SLLQKEGLL,0.77,3.33,1/30
HIV_p24,LLKDKIRVL,0.79,3.33,1/30
HIV_p24,SWDPITAAL,0.82,3.33,1/30
HIV_p24,SLSCWNTPV,0.82,3.33,1/30
HIV_p24,FQAYPLREA,0.98,3.33,1/30
HIV_p24,TLPSVNNQA,1.0,3.33,1/30
HIV_p24,ILKEPVHGV,0.03,16.67,5/30
HIV_p24,ALQDSGLEV,0.06,16.67,5/30
HIV_p24,YQLEKEPIV,0.06,6.67,2/30
HIV_p24,QLTEAVQKI,0.2,20.0,6/30
HIV_p24,YQYMDDLYV,0.21,40.0,12/30
HIV_p24,SLQTGSEEL,0.22,13.33,4/30
HIV_p24,KLVGKLNWA,0.31,36.67,11/30
HIV_p24,KLLRGTKAL,0.31,13.33,4/30
HIV_p24,ELHPDKWTV,0.43,46.67,14/30
HIV_p24,RMYSPSSIL,0.45,6.67,2/30
HIV_p24,ATLEEMMTA,0.49,50.0,15/30
HIV_p24,TLWQRPLVT,0.57,26.67,8/30
HIV_p24,TQDFWEVQL,0.58,43.33,13/30
HIV_p24,AMSQVTNSA,0.65,10.0,3/30
HIV_p24,PLWKGPAKL,0.66,6.67,2/30
HIV_p24,IQDNSDIKV,0.74,20.0,6/30
HIV_p24,GQGQWTYQI,0.74,26.67,8/30
HIV_p24,YVDRFYKTL,0.75,63.33,19/30
HIV_p24,SLLETSEGC,0.77,6.67,2/30
HIV_p24,GQVDCSPGI,0.8,30.0,9/30
HIV_p24,SINNETPGI,0.84,20.0,6/30
HIV_p24,HLLKWGFTT,0.91,23.33,7/30
HIV_p24,MTNNPPIPV,0.97,23.33,7/30
HIV_p24,ILREPVHGV,0.06,3.33,1/30
HIV_p24,GLDQWTYQI,0.06,3.33,1/30
HIV_p24,QLTEVVQKI,0.08,3.33,1/30
HIV_p24,SLQEQITWM,0.18,6.67,2/30
HIV_p24,YQYMDDLYV,0.21,40.0,12/30
HIV_p24,SINNETPGV,0.26,6.67,2/30
HIV_p24,ALQDSRSEV,0.26,3.33,1/30
HIV_p24,ALNPDLLET,0.26,6.67,2/30
HIV_p24,SLQTGTEEI,0.28,6.67,2/30
HIV_p24,KLVGKLNWA,0.31,36.67,11/30
HIV_p24,IQDNNEIKV,0.36,3.33,1/30
HIV_p24,ELHPDKWTV,0.43,46.67,14/30
HIV_p24,TLWQRPLVT,0.57,26.67,8/30
HIV_p24,TQDFWEVQL,0.58,43.33,13/30
HIV_p24,KLLRGAKAL,0.59,16.67,5/30
HIV_p24,SQIYPGIKV,0.61,13.33,4/30
HIV_p24,ALTEICKEM,0.62,3.33,1/30
HIV_p24,KIGGQLIEA,0.63,6.67,2/30
HIV_p24,IMRQLQPSL,0.7,6.67,2/30
HIV_p24,GQVDCSPGI,0.8,30.0,9/30
HIV_p24,HLLKWGFTT,0.91,23.33,7/30
HIV_p24,QLAEVVQKV,0.01,3.33,1/30
HIV_p24,KLKEPVHGV,0.02,3.33,1/30
HIV_p24,ALQDSKEQV,0.08,3.33,1/30
HIV_p24,YQLETEPIV,0.14,6.67,2/30
HIV_p24,GQVDYSPEI,0.19,3.33,1/30
HIV_p24,YQYIDDLYV,0.24,3.33,1/30
HIV_p24,KLIRGTKSL,0.24,6.67,2/30
HIV_p24,KLVGKLNWA,0.31,36.67,11/30
HIV_p24,SVNNETPGV,0.37,3.33,1/30
HIV_p24,ELHPDKWTV,0.43,46.67,14/30
HIV_p24,YQPDKDLWV,0.45,6.67,2/30
HIV_p24,KLPKFRLPV,0.47,3.33,1/30
HIV_p24,VLASGGHEA,0.48,3.33,1/30
HIV_p24,RQANFFREV,0.5,3.33,1/30
HIV_p24,ELKSIIQQV,0.51,6.67,2/30
HIV_p24,HLYQWGFTT,0.57,6.67,2/30
HIV_p24,TQDFWEVQL,0.58,43.33,13/30
HIV_p24,IQDKGDIKV,0.58,6.67,2/30
HIV_p24,QLLQQLEPA,0.6,13.33,4/30
HIV_p24,AMNKELKSI,0.64,6.67,2/30
HIV_p24,YVDRFYKTL,0.75,63.33,19/30
HIV_p24,ILKINNFRV,0.99,3.33,1/30
HIV_p24,ILKEPVHGV,0.03,16.67,5/30
HIV_p24,ALQDSGSEV,0.15,10.0,3/30
HIV_p24,ALQTGTEEL,0.16,13.33,4/30
HIV_p24,YQYMDDLYV,0.21,40.0,12/30
HIV_p24,KLVGKLNWA,0.31,36.67,11/30
HIV_p24,TLQEQIAWM,0.36,20.0,6/30
HIV_p24,ELHPDKWTV,0.43,46.67,14/30
HIV_p24,YVDRFFKTL,0.51,26.67,8/30
HIV_p24,TLWQRPLVT,0.57,26.67,8/30
HIV_p24,TQDFWEVQL,0.58,43.33,13/30
HIV_p24,YQLEKEPIA,0.58,3.33,1/30
HIV_p24,KLLRGAKAL,0.59,16.67,5/30
HIV_p24,SQIYPGIKV,0.61,13.33,4/30
HIV_p24,IQDNSDIKV,0.74,20.0,6/30
HIV_p24,FQSSMPQIL,0.77,3.33,1/30
HIV_p24,HLLKWGFTT,0.91,23.33,7/30
HIV_p24,ILKIQNFRV,0.95,3.33,1/30
HIV_p24,QLAEVIQKV,0.01,3.33,1/30
HIV_p24,ALQDSKETV,0.08,3.33,1/30
HIV_p24,KLIGKLNWA,0.14,6.67,2/30
HIV_p24,RLKQPVHGV,0.17,3.33,1/30
HIV_p24,KLLQQLEPA,0.2,6.67,2/30
HIV_p24,GQVDCSPEV,0.24,3.33,1/30
HIV_p24,KLIRGTKSL,0.24,6.67,2/30
HIV_p24,KLPKFKLPV,0.26,3.33,1/30
HIV_p24,ILASGGHEA,0.35,3.33,1/30
HIV_p24,ELHPDKWTV,0.43,46.67,14/30
HIV_p24,YQPDKDLWV,0.45,6.67,2/30
HIV_p24,ELKSIIQQV,0.51,6.67,2/30
HIV_p24,RVGGHLCEV,0.52,3.33,1/30
HIV_p24,HLYQWGFTT,0.57,6.67,2/30
HIV_p24,IQDKGDIKV,0.58,6.67,2/30
HIV_p24,AMNKELKSI,0.64,6.67,2/30
HIV_p24,YVDRFYKTL,0.75,63.33,19/30
HIV_p24,ALKTGSDSL,0.91,6.67,2/30
HIV_p24,QILKHKFRV,0.99,3.33,1/30
HIV_p24,ILREPIHGV,0.04,3.33,1/30
HIV_p24,ALQDSGLEV,0.06,16.67,5/30
HIV_p24,QLTEAVQKI,0.2,20.0,6/30
HIV_p24,YQYMDDLYV,0.21,40.0,12/30
HIV_p24,ALNPGLLET,0.23,6.67,2/30
HIV_p24,KLVGKLNWA,0.31,36.67,11/30
HIV_p24,YLALQDSGL,0.35,3.33,1/30
HIV_p24,TLQEQIAWM,0.36,20.0,6/30
HIV_p24,SQIYPNIKV,0.4,3.33,1/30
HIV_p24,HLVKLWYQL,0.41,3.33,1/30
HIV_p24,ELHPDKWTV,0.43,46.67,14/30
HIV_p24,IQDNSEIKV,0.43,6.67,2/30
HIV_p24,GLLETPEGC,0.48,6.67,2/30
HIV_p24,YVDRFFKTL,0.51,26.67,8/30
HIV_p24,TLWQRPLVT,0.57,26.67,8/30
HIV_p24,TQDFWEVQL,0.58,43.33,13/30
HIV_p24,KLLRGAKAL,0.59,16.67,5/30
HIV_p24,QIIEQIQPA,0.6,6.67,2/30
HIV_p24,GQGQWTYQI,0.74,26.67,8/30
HIV_p24,GQVDCSPGI,0.8,30.0,9/30
HIV_p24,SINNETPGI,0.84,20.0,6/30
HIV_p24,HLLKWGFTT,0.91,23.33,7/30
HIV_p24,YQLETEPIA,0.99,3.33,1/30
HIV_p24,ILKEPLHGV,0.03,3.33,1/30
HIV_p24,NLQTQILKV,0.09,3.33,1/30
HIV_p24,YQYMDDLYV,0.21,40.0,12/30
HIV_p24,KLLNQLEPA,0.22,6.67,2/30
HIV_p24,KLVGKLNWA,0.31,36.67,11/30
HIV_p24,KLIRGTKAL,0.34,6.67,2/30
HIV_p24,ELHPDKWTV,0.43,46.67,14/30
HIV_p24,ALKTGSEEL,0.43,6.67,2/30
HIV_p24,ATLEEMMTA,0.49,50.0,15/30
HIV_p24,TQDFWEVQL,0.58,43.33,13/30
HIV_p24,IQDNGDIKV,0.62,6.67,2/30
HIV_p24,TLWQRPVIT,0.66,3.33,1/30
HIV_p24,MTANPPVPV,0.66,13.33,4/30
HIV_p24,SQIYPGIRV,0.71,3.33,1/30
HIV_p24,GQGQWTYQI,0.74,26.67,8/30
HIV_p24,YVDRFYKTL,0.75,63.33,19/30
HIV_p24,ALREICTEM,0.8,3.33,1/30
HIV_p24,ILKVQNFRV,0.81,6.67,2/30
HIV_p24,SINNETPGI,0.84,20.0,6/30
HIV_p24,HLLKWGFTT,0.91,23.33,7/30
HIV_p24,VLYYVHQKV,0.12,6.67,2/30
HIV_p24,YQLETEPIV,0.14,6.67,2/30
HIV_p24,ALQDSGSEV,0.15,10.0,3/30
HIV_p24,ALDPGLLET,0.17,6.67,2/30
HIV_p24,QLTEAVQKI,0.2,20.0,6/30
HIV_p24,YQYMDDLYV,0.21,40.0,12/30
HIV_p24,ILKEPVHGA,0.21,10.0,3/30
HIV_p24,SLQTGSEEL,0.22,13.33,4/30
HIV_p24,SLSPRTLNA,0.26,6.67,2/30
HIV_p24,KLVGKLNWA,0.31,36.67,11/30
HIV_p24,KLHPEQARA,0.32,3.33,1/30
HIV_p24,TLQEQIQWM,0.33,6.67,2/30
HIV_p24,ELHPDKWTV,0.43,46.67,14/30
HIV_p24,IQDNSEIKV,0.43,6.67,2/30
HIV_p24,ATLEEMMTA,0.49,50.0,15/30
HIV_p24,YVDRFFKTL,0.51,26.67,8/30
HIV_p24,TLWQRPLVT,0.57,26.67,8/30
HIV_p24,TQDFWEVQL,0.58,43.33,13/30
HIV_p24,KLLRGAKAL,0.59,16.67,5/30
HIV_p24,SQIYPGIKV,0.61,13.33,4/30
HIV_p24,GQGQWTYQI,0.74,26.67,8/30
HIV_p24,GQVDCSPGI,0.8,30.0,9/30
HIV_p24,GLLETSEGC,0.93,23.33,7/30
HIV_p24,QLLQQLEPA,0.6,13.33,4/30
HIV_p24,YVDRFYKTL,0.75,63.33,19/30
HIV_p24,KLLQQLEPA,0.2,6.67,2/30
HIV_p24,YVDRFYKTL,0.75,63.33,19/30
HIV_p24,ALKTGSDSL,0.91,6.67,2/30
HIV_p24,SLFGNDHLL,0.03,3.33,1/30
HIV_p24,ALQTGTEEL,0.16,13.33,4/30
HIV_p24,TLQEQIAWM,0.36,20.0,6/30
HIV_p24,YVDRFFKTL,0.51,26.67,8/30
HIV_p24,FLQSRPEPT,0.98,20.0,6/30
HIV_p24,SLQTGSEEL,0.22,13.33,4/30
HIV_p24,RMYSPSSIL,0.45,6.67,2/30
HIV_p24,ATLEEMMTA,0.49,50.0,15/30
HIV_p24,AMSQVTNSA,0.65,10.0,3/30
HIV_p24,YVDRFYKTL,0.75,63.33,19/30
HIV_p24,SLLETSEGC,0.77,6.67,2/30
HIV_p24,MTNNPPIPV,0.97,23.33,7/30
HIV_p24,FLQSRPEPT,0.98,20.0,6/30
HIV_p24,ALNPGLLET,0.23,6.67,2/30
HIV_p24,TLQEQIAWM,0.36,20.0,6/30
HIV_p24,GLLETPEGC,0.48,6.67,2/30
HIV_p24,YVDRFFKTL,0.51,26.67,8/30
HIV_p24,QLKDKEPPL,0.56,3.33,1/30
HIV_p24,QIIEQIQPA,0.6,6.67,2/30
HIV_p24,FLQSRPEPT,0.98,20.0,6/30
HIV_p24,KLLNQLEPA,0.22,6.67,2/30
HIV_p24,ALKTGSEEL,0.43,6.67,2/30
HIV_p24,ATLEEMMTA,0.49,50.0,15/30
HIV_p24,MTANPPVPV,0.66,13.33,4/30
HIV_p24,YVDRFYKTL,0.75,63.33,19/30
HIV_p24,SLQEQITWM,0.18,6.67,2/30
HIV_p24,ALNPDLLET,0.26,6.67,2/30
HIV_p24,SLQTGTEEI,0.28,6.67,2/30
HIV_p24,ELYPSLKSL,0.35,3.33,1/30
HIV_p24,IMRQLQPSL,0.7,6.67,2/30
HIV_p24,VLYYVHQKV,0.12,6.67,2/30
HIV_p24,ALDPGLLET,0.17,6.67,2/30
HIV_p24,SLQTGSEEL,0.22,13.33,4/30
HIV_p24,SLSPRTLNA,0.26,6.67,2/30
HIV_p24,TLQEQIQWM,0.33,6.67,2/30
HIV_p24,ATLEEMMTA,0.49,50.0,15/30
HIV_p24,YVDRFFKTL,0.51,26.67,8/30
HIV_p24,GLLETSEGC,0.93,23.33,7/30
HIV_p24,RMYSPTSIL,0.36,10.0,3/30
HIV_p24,ATLEEMMTA,0.49,50.0,15/30
HIV_p24,AMSQVTNSA,0.65,10.0,3/30
HIV_p24,YVDRFYKTL,0.75,63.33,19/30
HIV_p24,GLLETSEGC,0.93,23.33,7/30
HIV_p24,MTNNPPIPV,0.97,23.33,7/30
HIV_p24,FLQSRPEPT,0.98,20.0,6/30
HIV_p24,QLTEVVQKV,0.02,10.0,3/30
HIV_p24,ALQDSEVEV,0.02,3.33,1/30
HIV_p24,YMMKHLVWA,0.09,13.33,4/30
HIV_p24,KLIGKLNWA,0.14,6.67,2/30
HIV_p24,KLQQQISNI,0.18,3.33,1/30
HIV_p24,YQYMDDLYV,0.21,40.0,12/30
HIV_p24,ILKEPVHGA,0.21,10.0,3/30
HIV_p24,SLWQRPVVT,0.31,3.33,1/30
HIV_p24,ATADGTSTV,0.33,6.67,2/30
HIV_p24,SLMETTEGC,0.34,6.67,2/30
HIV_p24,KLIRGTKAL,0.34,6.67,2/30
HIV_p24,ELHPDKWTV,0.43,46.67,14/30
HIV_p24,TQDFWEVQL,0.58,43.33,13/30
HIV_p24,QLLQQLEPA,0.6,13.33,4/30
HIV_p24,FTTEAELEL,0.66,3.33,1/30
HIV_p24,GQGQWTYQI,0.74,26.67,8/30
HIV_p24,YVDRFYKTL,0.75,63.33,19/30
HIV_p24,ALKTGSEGL,0.79,13.33,4/30
HIV_p24,GQVDCSPGI,0.8,30.0,9/30
HIV_p24,YMEAEVIPA,0.87,3.33,1/30
HIV_p24,LQDQEEIKV,0.88,3.33,1/30
HIV_p24,HLLKWGFTT,0.91,23.33,7/30
HIV_p24,QLTEVVQKV,0.02,10.0,3/30
HIV_p24,KLQTQILKV,0.02,3.33,1/30
HIV_p24,ALQDAGQEV,0.06,3.33,1/30
HIV_p24,YMMKHLVWA,0.09,13.33,4/30
HIV_p24,YQYMDDLYV,0.21,40.0,12/30
HIV_p24,ILKEPVHGA,0.21,10.0,3/30
HIV_p24,TVNDIQQLV,0.27,3.33,1/30
HIV_p24,TLWQRPILT,0.33,3.33,1/30
HIV_p24,ELHPDKWTV,0.43,46.67,14/30
HIV_p24,RMYSPASIL,0.58,6.67,2/30
HIV_p24,TQDFWEVQL,0.58,43.33,13/30
HIV_p24,GQINCSPGV,0.6,3.33,1/30
HIV_p24,SQIYPGIKV,0.61,13.33,4/30
HIV_p24,IQDNGDIKV,0.62,6.67,2/30
HIV_p24,MTANPPVPV,0.66,13.33,4/30
HIV_p24,KLIRGAKAL,0.67,3.33,1/30
HIV_p24,LLRQLEPAL,0.68,6.67,2/30
HIV_p24,GQGQWTYQI,0.74,26.67,8/30
HIV_p24,YVDRFYKTL,0.75,63.33,19/30
HIV_p24,GLRSLFNTL,0.77,6.67,2/30
HIV_p24,ALKTGSEGL,0.79,13.33,4/30
HIV_p24,ILKVQNFRV,0.81,6.67,2/30
HIV_p24,GLMDTAEGC,0.82,6.67,2/30
HIV_p24,QLVGKLNWA,0.87,3.33,1/30
HIV_p24,QQAELQAVL,0.89,3.33,1/30
HIV_p24,GLASLQREA,0.91,3.33,1/30
HIV_p24,TQAQTATSV,0.98,6.67,2/30
HIV_p24,KLYPQLTSL,0.01,3.33,1/30
HIV_p24,YMMKHLVWA,0.09,13.33,4/30
HIV_p24,ATADGTSTV,0.33,6.67,2/30
HIV_p24,SLMETTEGC,0.34,6.67,2/30
HIV_p24,QLLQQLEPA,0.6,13.33,4/30
HIV_p24,YVDRFYKTL,0.75,63.33,19/30
HIV_p24,ALKTGSEGL,0.79,13.33,4/30
HIV_p24,SLFGSDPSL,0.03,3.33,1/30
HIV_p24,YMMKHLVWA,0.09,13.33,4/30
HIV_p24,RMYSPASIL,0.58,6.67,2/30
HIV_p24,MTANPPVPV,0.66,13.33,4/30
HIV_p24,LLRQLEPAL,0.68,6.67,2/30
HIV_p24,YVDRFYKTL,0.75,63.33,19/30
HIV_p24,GLRSLFNTL,0.77,6.67,2/30
HIV_p24,ALKTGSEGL,0.79,13.33,4/30
HIV_p24,GLMDTAEGC,0.82,6.67,2/30
HIV_p24,RQANFLGKV,0.95,3.33,1/30
HIV_p24,TQAQTATSV,0.98,6.67,2/30
HIV_p24,QLTEVVQKV,0.02,10.0,3/30
HIV_p24,ILKDPVHGV,0.03,3.33,1/30
HIV_p24,ALQDSGSEV,0.15,10.0,3/30
HIV_p24,ALQTGTEEL,0.16,13.33,4/30
HIV_p24,YQYMDDLYV,0.21,40.0,12/30
HIV_p24,SINNETPGV,0.26,6.67,2/30
HIV_p24,ALSPRTLNA,0.26,6.67,2/30
HIV_p24,GQDQWTYQI,0.28,3.33,1/30
HIV_p24,TLNPGLLET,0.3,13.33,4/30
HIV_p24,KLVGKLNWA,0.31,36.67,11/30
HIV_p24,ALTEICNEM,0.33,3.33,1/30
HIV_p24,ELHPDKWTV,0.43,46.67,14/30
HIV_p24,ATLEEMMTA,0.49,50.0,15/30
HIV_p24,YVDRFFKTL,0.51,26.67,8/30
HIV_p24,TLWQRPLVT,0.57,26.67,8/30
HIV_p24,TQDFWEVQL,0.58,43.33,13/30
HIV_p24,KLLRGAKAL,0.59,16.67,5/30
HIV_p24,KIGGQLIEA,0.63,6.67,2/30
HIV_p24,YQLEKDPIA,0.67,3.33,1/30
HIV_p24,IQDNSDIKV,0.74,20.0,6/30
HIV_p24,GQVDCSPGI,0.8,30.0,9/30
HIV_p24,ILKEPVHGV,0.03,16.67,5/30
HIV_p24,ALQDSGLEV,0.06,16.67,5/30
HIV_p24,YQLEKDPIV,0.11,3.33,1/30
HIV_p24,QLTEAVQKI,0.2,20.0,6/30
HIV_p24,YQYMDDLYV,0.21,40.0,12/30
HIV_p24,YQLKHIVWA,0.29,6.67,2/30
HIV_p24,KLVGKLNWA,0.31,36.67,11/30
HIV_p24,KLLRGTKAL,0.31,13.33,4/30
HIV_p24,RMYSPTSIL,0.36,10.0,3/30
HIV_p24,ELHPDKWTV,0.43,46.67,14/30
HIV_p24,TLWQRPIVT,0.47,3.33,1/30
HIV_p24,ATLEEMMTA,0.49,50.0,15/30
HIV_p24,TQDFWEVQL,0.58,43.33,13/30
HIV_p24,PLWKGPAKL,0.66,6.67,2/30
HIV_p24,IQDNSDIKV,0.74,20.0,6/30
HIV_p24,GQGQWTYQI,0.74,26.67,8/30
HIV_p24,YVDRFYKTL,0.75,63.33,19/30
HIV_p24,GQVDCSPGI,0.8,30.0,9/30
HIV_p24,SINNETPGI,0.84,20.0,6/30
HIV_p24,GLLETSEGC,0.93,23.33,7/30
HIV_p24,SLKTGSEEI,0.95,6.67,2/30
HIV_p24,SMNNELKKI,0.97,3.33,1/30
HIV_p24,MTNNPPIPV,0.97,23.33,7/30
HIV_p24,ILKEPVHGV,0.03,16.67,5/30
HIV_p24,ALQDSGLEV,0.06,16.67,5/30
HIV_p24,YQLEKEPII,0.19,3.33,1/30
HIV_p24,QLTEAVQKI,0.2,20.0,6/30
HIV_p24,YQYMDDLYV,0.21,40.0,12/30
HIV_p24,TLNPGLLET,0.3,13.33,4/30
HIV_p24,KLVGKLNWA,0.31,36.67,11/30
HIV_p24,KLLRGTKAL,0.31,13.33,4/30
HIV_p24,TLQEQIAWM,0.36,20.0,6/30
HIV_p24,ELHPDKWTV,0.43,46.67,14/30
HIV_p24,ATLEEMMTA,0.49,50.0,15/30
HIV_p24,TLWQRPLVT,0.57,26.67,8/30
HIV_p24,TQDFWEVQL,0.58,43.33,13/30
HIV_p24,RVWGGDNPL,0.64,3.33,1/30
HIV_p24,IQDNSDIKV,0.74,20.0,6/30
HIV_p24,YVDRFYKTL,0.75,63.33,19/30
HIV_p24,HLIWASREL,0.78,6.67,2/30
HIV_p24,GQVDCSPGI,0.8,30.0,9/30
HIV_p24,SINNETPGI,0.84,20.0,6/30
HIV_p24,GLLETSEGC,0.93,23.33,7/30
HIV_p24,ILKEPVHGV,0.03,16.67,5/30
HIV_p24,ALQDSGLEV,0.06,16.67,5/30
HIV_p24,YQLEKEPIV,0.06,6.67,2/30
HIV_p24,QLTEAVQKI,0.2,20.0,6/30
HIV_p24,YQYMDDLYV,0.21,40.0,12/30
HIV_p24,KLVGKLNWA,0.31,36.67,11/30
HIV_p24,KLLRGTKAL,0.31,13.33,4/30
HIV_p24,SLSEAGAEA,0.42,3.33,1/30
HIV_p24,SLKTGSEEL,0.42,6.67,2/30
HIV_p24,ELHPDKWTV,0.43,46.67,14/30
HIV_p24,ATLEEMMTA,0.49,50.0,15/30
HIV_p24,TLWQRPLVT,0.57,26.67,8/30
HIV_p24,TQDFWEVQL,0.58,43.33,13/30
HIV_p24,IQDNSDIKV,0.74,20.0,6/30
HIV_p24,GQGQWTYQI,0.74,26.67,8/30
HIV_p24,YVDRFYKTL,0.75,63.33,19/30
HIV_p24,GQVDCSPGI,0.8,30.0,9/30
HIV_p24,SINNETPGI,0.84,20.0,6/30
HIV_p24,HLLKWGFTT,0.91,23.33,7/30
HIV_p24,GLLESSEGC,0.96,6.67,2/30
HIV_p24,MTNNPPIPV,0.97,23.33,7/30
HIV_p24,ALQTGTEEL,0.16,13.33,4/30
HIV_p24,ALSPRTLNA,0.26,6.67,2/30
HIV_p24,TLNPGLLET,0.3,13.33,4/30
HIV_p24,ATLEEMMTA,0.49,50.0,15/30
HIV_p24,YVDRFFKTL,0.51,26.67,8/30
HIV_p24,YQLKHIVWA,0.29,6.67,2/30
HIV_p24,RMYSPTSIL,0.36,10.0,3/30
HIV_p24,ATLEEMMTA,0.49,50.0,15/30
HIV_p24,YVDRFYKTL,0.75,63.33,19/30
HIV_p24,GLLETSEGC,0.93,23.33,7/30
HIV_p24,SLKTGSEEI,0.95,6.67,2/30
HIV_p24,MTNNPPIPV,0.97,23.33,7/30
HIV_p24,TLNPGLLET,0.3,13.33,4/30
HIV_p24,TLQEQIAWM,0.36,20.0,6/30
HIV_p24,ATLEEMMTA,0.49,50.0,15/30
HIV_p24,YVDRFYKTL,0.75,63.33,19/30
HIV_p24,HLIWASREL,0.78,6.67,2/30
HIV_p24,GLLETSEGC,0.93,23.33,7/30
HIV_p24,FLQSRPEPT,0.98,20.0,6/30
HIV_p24,SLKTGSEEL,0.42,6.67,2/30
HIV_p24,ATLEEMMTA,0.49,50.0,15/30
HIV_p24,YVDRFYKTL,0.75,63.33,19/30
HIV_p24,GLLESSEGC,0.96,6.67,2/30
HIV_p24,MTNNPPIPV,0.97,23.33,7/30
HIV_p24,FLQSRPEPT,0.98,20.0,6/30
Mpox_A35R,YTAGDYHLI,0.86,20.0,6/30
Mpox_A35R,HLDNLKMKL,0.11,3.33,1/30
Mpox_A35R,YTAGDYHLI,0.86,20.0,6/30
Mpox_A35R,YTAGDYHLI,0.86,20.0,6/30
Mpox_A35R,YTAGDYHLI,0.86,20.0,6/30
Mpox_A35R,LIYTADYHL,0.89,3.33,1/30
Mpox_A35R,YTAGDYHLI,0.86,20.0,6/30
Mpox_A35R,YTAGDYHLI,0.86,20.0,6/30
Mpox_A35R,QLKSGTASV,0.4,10.0,3/30
Mpox_A35R,TLYLQMNSL,0.32,6.67,2/30
Mpox_A35R,SLRPDDTAV,0.43,6.67,2/30
Mpox_A35R,LQSSGLYSL,0.48,10.0,3/30
Mpox_A35R,QLKSGTASV,0.4,10.0,3/30
Mpox_A35R,TLYLQMNSL,0.32,6.67,2/30
Mpox_A35R,SLRPDDTAV,0.43,6.67,2/30
Mpox_A35R,LQSSGLYSL,0.48,10.0,3/30
Mpox_A35R,SLEPEDFAV,0.19,3.33,1/30
Mpox_A35R,FTFGPGTKV,0.29,3.33,1/30
Mpox_A35R,QLKSGTASV,0.4,10.0,3/30
Mpox_A35R,TQSPATLSL,0.68,3.33,1/30
Mpox_A35R,GLLKPSETL,0.09,3.33,1/30
Mpox_A35R,LQSSGLYSL,0.48,10.0,3/30
Mpox_B5R,TVSDYVSEL,0.24,50.0,15/30
Mpox_B5R,KMCTVSDYV,0.77,50.0,15/30
Mpox_B5R,ILLSKRPSL,0.14,50.0,15/30
Mpox_B5R,SLHQYKWYI,0.16,50.0,15/30
Mpox_B5R,NIKEYVYQL,0.29,50.0,15/30
Mpox_B5R,FIDAANTNI,0.39,50.0,15/30
Mpox_B5R,HLDNSIRLM,0.48,50.0,15/30
Mpox_B5R,TVSDYVSEL,0.24,50.0,15/30
Mpox_B5R,KMCTVSDYV,0.77,50.0,15/30
Mpox_B5R,ILLSKRPSL,0.14,50.0,15/30
Mpox_B5R,SLHQYKWYI,0.16,50.0,15/30
Mpox_B5R,NIKEYVYQL,0.29,50.0,15/30
Mpox_B5R,FIDAANTNI,0.39,50.0,15/30
Mpox_B5R,HLDNSIRLM,0.48,50.0,15/30
Mpox_B5R,TVSDYVSEL,0.24,50.0,15/30
Mpox_B5R,KMCTVSDYV,0.77,50.0,15/30
Mpox_B5R,ILLSKRPSL,0.14,50.0,15/30
Mpox_B5R,SLHQYKWYI,0.16,50.0,15/30
Mpox_B5R,NIKEYVYQL,0.29,50.0,15/30
Mpox_B5R,FIDAANTNI,0.39,50.0,15/30
Mpox_B5R,HLDNSIRLM,0.48,50.0,15/30
Mpox_B5R,TVSDYVSEL,0.24,50.0,15/30
Mpox_B5R,KMCTVSDYV,0.77,50.0,15/30
Mpox_B5R,ILLSKRPSL,0.14,50.0,15/30
Mpox_B5R,SLHQYKWYI,0.16,50.0,15/30
Mpox_B5R,NIKEYVYQL,0.29,50.0,15/30
Mpox_B5R,FIDAANTNI,0.39,50.0,15/30
Mpox_B5R,HLDNSIRLM,0.48,50.0,15/30
Mpox_B5R,TVSDYVSEL,0.24,50.0,15/30
Mpox_B5R,KMCTVSDYV,0.77,50.0,15/30
Mpox_B5R,ILLSKRPSL,0.14,50.0,15/30
Mpox_B5R,SLHQYKWYI,0.16,50.0,15/30
Mpox_B5R,NIKEYVYQL,0.29,50.0,15/30
Mpox_B5R,FIDAANTNI,0.39,50.0,15/30
Mpox_B5R,HLDNSIRLM,0.48,50.0,15/30
Mpox_B5R,TVSDYVSEL,0.24,50.0,15/30
Mpox_B5R,KMCTVSDYV,0.77,50.0,15/30
Mpox_B5R,ILLSKRPSL,0.14,50.0,15/30
Mpox_B5R,SLHQYKWYI,0.16,50.0,15/30
Mpox_B5R,NIKEYVYQL,0.29,50.0,15/30
Mpox_B5R,FIDAANTNI,0.39,50.0,15/30
Mpox_B5R,HLDNSIRLM,0.48,50.0,15/30
Mpox_B5R,TVSDYVSEL,0.24,50.0,15/30
Mpox_B5R,KMCTVSDYV,0.77,50.0,15/30
Mpox_B5R,ILLSKRPSL,0.14,50.0,15/30
Mpox_B5R,SLHQYKWYI,0.16,50.0,15/30
Mpox_B5R,NIKEYVYQL,0.29,50.0,15/30
Mpox_B5R,FIDAANTNI,0.39,50.0,15/30
Mpox_B5R,HLDNSIRLM,0.48,50.0,15/30
Mpox_B5R,TVSDYVSEL,0.24,50.0,15/30
Mpox_B5R,KMCTVSDYV,0.77,50.0,15/30
Mpox_B5R,ILLSKRPSL,0.14,50.0,15/30
Mpox_B5R,SLHQYKWYI,0.16,50.0,15/30
Mpox_B5R,NIKEYVYQL,0.29,50.0,15/30
Mpox_B5R,FIDAANTNI,0.39,50.0,15/30
Mpox_B5R,HLDNSIRLM,0.48,50.0,15/30
Mpox_B5R,TVSDYVSEL,0.24,50.0,15/30
Mpox_B5R,KMCTVSDYV,0.77,50.0,15/30
Mpox_B5R,ILLSKRPSL,0.14,50.0,15/30
Mpox_B5R,SLHQYKWYI,0.16,50.0,15/30
Mpox_B5R,NIKEYVYQL,0.29,50.0,15/30
Mpox_B5R,FIDAANTNI,0.39,50.0,15/30
Mpox_B5R,HLDNSIRLM,0.48,50.0,15/30
Mpox_B5R,TVSDYVSEL,0.24,50.0,15/30
Mpox_B5R,KMCTVSDYV,0.77,50.0,15/30
Mpox_B5R,ILLSKRPSL,0.14,50.0,15/30
Mpox_B5R,SLHQYKWYI,0.16,50.0,15/30
Mpox_B5R,NIKEYVYQL,0.29,50.0,15/30
Mpox_B5R,FIDAANTNI,0.39,50.0,15/30
Mpox_B5R,HLDNSIRLM,0.48,50.0,15/30
Mpox_B5R,TVSDYVSEL,0.24,50.0,15/30
Mpox_B5R,KMCTVSDYV,0.77,50.0,15/30
Mpox_B5R,ILLSKRPSL,0.14,50.0,15/30
Mpox_B5R,SLHQYKWYI,0.16,50.0,15/30
Mpox_B5R,NIKEYVYQL,0.29,50.0,15/30
Mpox_B5R,FIDAANTNI,0.39,50.0,15/30
Mpox_B5R,HLDNSIRLM,0.48,50.0,15/30
Mpox_B5R,TVSDYVSEL,0.24,50.0,15/30
Mpox_B5R,KMCTVSDYV,0.77,50.0,15/30
Mpox_B5R,ILLSKRPSL,0.14,50.0,15/30
Mpox_B5R,SLHQYKWYI,0.16,50.0,15/30
Mpox_B5R,NIKEYVYQL,0.29,50.0,15/30
Mpox_B5R,FIDAANTNI,0.39,50.0,15/30
Mpox_B5R,HLDNSIRLM,0.48,50.0,15/30
Mpox_B5R,TVSDYVSEL,0.24,50.0,15/30
Mpox_B5R,KMCTVSDYV,0.77,50.0,15/30
Mpox_B5R,ILLSKRPSL,0.14,50.0,15/30
Mpox_B5R,SLHQYKWYI,0.16,50.0,15/30
Mpox_B5R,NIKEYVYQL,0.29,50.0,15/30
Mpox_B5R,FIDAANTNI,0.39,50.0,15/30
Mpox_B5R,HLDNSIRLM,0.48,50.0,15/30
Mpox_B5R,TVSDYVSEL,0.24,50.0,15/30
Mpox_B5R,KMCTVSDYV,0.77,50.0,15/30
Mpox_B5R,ILLSKRPSL,0.14,50.0,15/30
Mpox_B5R,SLHQYKWYI,0.16,50.0,15/30
Mpox_B5R,NIKEYVYQL,0.29,50.0,15/30
Mpox_B5R,FIDAANTNI,0.39,50.0,15/30
Mpox_B5R,HLDNSIRLM,0.48,50.0,15/30
Mpox_B5R,TVSDYVSEL,0.24,50.0,15/30
Mpox_B5R,KMCTVSDYV,0.77,50.0,15/30
Mpox_B5R,ILLSKRPSL,0.14,50.0,15/30
Mpox_B5R,SLHQYKWYI,0.16,50.0,15/30
Mpox_B5R,NIKEYVYQL,0.29,50.0,15/30
Mpox_B5R,FIDAANTNI,0.39,50.0,15/30
Mpox_B5R,HLDNSIRLM,0.48,50.0,15/30
Mpox_L1R,ALMQLTTKA,0.15,50.0,15/30
Mpox_L1R,SIQTTVNTL,0.9,50.0,15/30
Mpox_L1R,FIDSYLQKL,0.03,50.0,15/30
Mpox_L1R,AQHSIPTNV,0.26,50.0,15/30
Mpox_L1R,DLDDVPSVV,0.77,50.0,15/30
Mpox_L1R,ALMQLTTKA,0.15,50.0,15/30
Mpox_L1R,SIQTTVNTL,0.9,50.0,15/30
Mpox_L1R,FIDSYLQKL,0.03,50.0,15/30
Mpox_L1R,AQHSIPTNV,0.26,50.0,15/30
Mpox_L1R,DLDDVPSVV,0.77,50.0,15/30
Mpox_L1R,ALMQLTTKA,0.15,50.0,15/30
Mpox_L1R,SIQTTVNTL,0.9,50.0,15/30
Mpox_L1R,FIDSYLQKL,0.03,50.0,15/30
Mpox_L1R,AQHSIPTNV,0.26,50.0,15/30
Mpox_L1R,DLDDVPSVV,0.77,50.0,15/30
Mpox_L1R,ALMQLTTKA,0.15,50.0,15/30
Mpox_L1R,SIQTTVNTL,0.9,50.0,15/30
Mpox_L1R,FIDSYLQKL,0.03,50.0,15/30
Mpox_L1R,AQHSIPTNV,0.26,50.0,15/30
Mpox_L1R,DLDDVPSVV,0.77,50.0,15/30
Mpox_L1R,ALMQLTTKA,0.15,50.0,15/30
Mpox_L1R,SIQTTVNTL,0.9,50.0,15/30
Mpox_L1R,FIDSYLQKL,0.03,50.0,15/30
Mpox_L1R,AQHSIPTNV,0.26,50.0,15/30
Mpox_L1R,DLDDVPSVV,0.77,50.0,15/30
Mpox_L1R,ALMQLTTKA,0.15,50.0,15/30
Mpox_L1R,SIQTTVNTL,0.9,50.0,15/30
Mpox_L1R,FIDSYLQKL,0.03,50.0,15/30
Mpox_L1R,AQHSIPTNV,0.26,50.0,15/30
Mpox_L1R,DLDDVPSVV,0.77,50.0,15/30
Mpox_L1R,ALMQLTTKA,0.15,50.0,15/30
Mpox_L1R,SIQTTVNTL,0.9,50.0,15/30
Mpox_L1R,FIDSYLQKL,0.03,50.0,15/30
Mpox_L1R,AQHSIPTNV,0.26,50.0,15/30
Mpox_L1R,DLDDVPSVV,0.77,50.0,15/30
Mpox_L1R,ALMQLTTKA,0.15,50.0,15/30
Mpox_L1R,SIQTTVNTL,0.9,50.0,15/30
Mpox_L1R,FIDSYLQKL,0.03,50.0,15/30
Mpox_L1R,AQHSIPTNV,0.26,50.0,15/30
Mpox_L1R,DLDDVPSVV,0.77,50.0,15/30
Mpox_L1R,ALMQLTTKA,0.15,50.0,15/30
Mpox_L1R,SIQTTVNTL,0.9,50.0,15/30
Mpox_L1R,FIDSYLQKL,0.03,50.0,15/30
Mpox_L1R,AQHSIPTNV,0.26,50.0,15/30
Mpox_L1R,DLDDVPSVV,0.77,50.0,15/30
Mpox_L1R,ALMQLTTKA,0.15,50.0,15/30
Mpox_L1R,SIQTTVNTL,0.9,50.0,15/30
Mpox_L1R,FIDSYLQKL,0.03,50.0,15/30
Mpox_L1R,AQHSIPTNV,0.26,50.0,15/30
Mpox_L1R,DLDDVPSVV,0.77,50.0,15/30
Mpox_L1R,ALMQLTTKA,0.15,50.0,15/30
Mpox_L1R,SIQTTVNTL,0.9,50.0,15/30
Mpox_L1R,FIDSYLQKL,0.03,50.0,15/30
Mpox_L1R,AQHSIPTNV,0.26,50.0,15/30
Mpox_L1R,DLDDVPSVV,0.77,50.0,15/30
Mpox_L1R,ALMQLTTKA,0.15,50.0,15/30
Mpox_L1R,SIQTTVNTL,0.9,50.0,15/30
Mpox_L1R,FIDSYLQKL,0.03,50.0,15/30
Mpox_L1R,AQHSIPTNV,0.26,50.0,15/30
Mpox_L1R,DLDDVPSVV,0.77,50.0,15/30
Mpox_L1R,ALMQLTTKA,0.15,50.0,15/30
Mpox_L1R,SIQTTVNTL,0.9,50.0,15/30
Mpox_L1R,FIDSYLQKL,0.03,50.0,15/30
Mpox_L1R,AQHSIPTNV,0.26,50.0,15/30
Mpox_L1R,DLDDVPSVV,0.77,50.0,15/30
Mpox_L1R,ALMQLTTKA,0.15,50.0,15/30
Mpox_L1R,SIQTTVNTL,0.9,50.0,15/30
Mpox_L1R,FIDSYLQKL,0.03,50.0,15/30
Mpox_L1R,AQHSIPTNV,0.26,50.0,15/30
Mpox_L1R,DLDDVPSVV,0.77,50.0,15/30
Mpox_L1R,ALMQLTTKA,0.15,50.0,15/30
Mpox_L1R,SIQTTVNTL,0.9,50.0,15/30
Mpox_L1R,FIDSYLQKL,0.03,50.0,15/30
Mpox_L1R,AQHSIPTNV,0.26,50.0,15/30
Mpox_L1R,DLDDVPSVV,0.77,50.0,15/30
