Target,Variant,Peptide,Toxicity_Score,Cysteine_Count,Toxicity_Status
HIV_gp120,HIV_gp120_Var_04_75593314,FLGAAGSTM,0.56,0,NON-TOXIC
HIV_gp120,HIV_gp120_Var_05_75593171,FLGAAGSTM,0.56,0,NON-TOXIC
HIV_gp120,HIV_gp120_Var_06_75574218,FLGAAGSTM,0.56,0,NON-TOXIC
HIV_gp120,HIV_gp120_Var_07_75573763,FLGAAGSTM,0.56,0,NON-TOXIC
HIV_gp120,HIV_gp120_Var_08_75573552,FLGAAGSTM,0.56,0,NON-TOXIC
HIV_gp120,HIV_gp120_Var_09_3023715,FLGAAGSTM,0.56,0,NON-TOXIC
HIV_gp120,HIV_gp120_Var_11_114149294,FLGAAGSTM,0.56,0,NON-TOXIC
HIV_gp120,HIV_gp120_Var_12_114149293,FLGAAGSTM,0.56,0,NON-TOXIC
HIV_gp120,HIV_gp120_Var_14_399437,FLGAAGSTM,0.56,0,NON-TOXIC
HIV_gp120,HIV_gp120_Var_15_399436,FLGAAGSTM,0.56,0,NON-TOXIC
HIV_gp120,HIV_gp120_Var_23_119450,FLGAAGSTM,0.56,0,NON-TOXIC
HIV_gp120,HIV_gp120_Var_24_119446,FLGAAGSTM,0.56,0,NON-TOXIC
HIV_gp120,HIV_gp120_Var_25_119442,FLGAAGSTM,0.56,0,NON-TOXIC
HIV_gp120,HIV_gp120_Var_26_119438,FLGAAGSTM,0.56,0,NON-TOXIC
HIV_gp120,HIV_gp120_Var_27_119437,FLGAAGSTM,0.56,0,NON-TOXIC
HIV_gp120,HIV_gp120_Var_28_119435,FLGAAGSTM,0.56,0,NON-TOXIC
HIV_gp41,HIV_gp41_Var_04_75593314,FLGAAGSTM,0.56,0,NON-TOXIC
HIV_gp41,HIV_gp41_Var_05_75593171,FLGAAGSTM,0.56,0,NON-TOXIC
HIV_gp41,HIV_gp41_Var_06_75574218,FLGAAGSTM,0.56,0,NON-TOXIC
HIV_gp41,HIV_gp41_Var_07_75573763,FLGAAGSTM,0.56,0,NON-TOXIC
HIV_gp41,HIV_gp41_Var_08_75573552,FLGAAGSTM,0.56,0,NON-TOXIC
HIV_gp41,HIV_gp41_Var_09_3023715,FLGAAGSTM,0.56,0,NON-TOXIC
HIV_gp41,HIV_gp41_Var_11_114149294,FLGAAGSTM,0.56,0,NON-TOXIC
HIV_gp41,HIV_gp41_Var_12_114149293,FLGAAGSTM,0.56,0,NON-TOXIC
HIV_gp41,HIV_gp41_Var_14_399437,FLGAAGSTM,0.56,0,NON-TOXIC
HIV_gp41,HIV_gp41_Var_15_399436,FLGAAGSTM,0.56,0,NON-TOXIC
HIV_gp41,HIV_gp41_Var_23_119450,FLGAAGSTM,0.56,0,NON-TOXIC
HIV_gp41,HIV_gp41_Var_24_119446,FLGAAGSTM,0.56,0,NON-TOXIC
HIV_gp41,HIV_gp41_Var_25_119442,FLGAAGSTM,0.56,0,NON-TOXIC
HIV_gp41,HIV_gp41_Var_26_119438,FLGAAGSTM,0.56,0,NON-TOXIC
HIV_gp41,HIV_gp41_Var_27_119437,FLGAAGSTM,0.56,0,NON-TOXIC
HIV_gp41,HIV_gp41_Var_28_119435,FLGAAGSTM,0.56,0,NON-TOXIC
HIV_p17,HIV_p17_Var_01_115502561,VLAEAMSQV,0.67,0,NON-TOXIC
HIV_p17,HIV_p17_Var_01_115502561,ELHPDKWTV,0.33,0,NON-TOXIC
HIV_p17,HIV_p17_Var_01_115502561,LLWKGEGAV,0.56,0,NON-TOXIC
HIV_p17,HIV_p17_Var_01_115502561,ATLEEMMTA,0.56,0,NON-TOXIC
HIV_p17,HIV_p17_Var_01_115502561,TLNAWVKVV,0.67,0,NON-TOXIC
HIV_p17,HIV_p17_Var_01_115502561,YVDRFYKTL,0.56,0,NON-TOXIC
HIV_p17,HIV_p17_Var_01_115502561,VLDVGDAYF,0.67,0,NON-TOXIC
HIV_p17,HIV_p17_Var_02_110815947,ELHPDKWTV,0.33,0,NON-TOXIC
HIV_p17,HIV_p17_Var_02_110815947,LLWKGEGAV,0.56,0,NON-TOXIC
HIV_p17,HIV_p17_Var_02_110815947,TLNAWVKVV,0.67,0,NON-TOXIC
HIV_p17,HIV_p17_Var_02_110815947,VLDVGDAYF,0.67,0,NON-TOXIC
HIV_p17,HIV_p17_Var_03_110815944,ELHPDKWTV,0.33,0,NON-TOXIC
HIV_p17,HIV_p17_Var_03_110815944,LLWKGEGAV,0.56,0,NON-TOXIC
HIV_p17,HIV_p17_Var_03_110815944,YVDRFYKTL,0.56,0,NON-TOXIC
HIV_p17,HIV_p17_Var_03_110815944,VLDVGDAYF,0.67,0,NON-TOXIC
HIV_p17,HIV_p17_Var_04_110815941,VLAEAMSQV,0.67,0,NON-TOXIC
HIV_p17,HIV_p17_Var_04_110815941,ELHPDKWTV,0.33,0,NON-TOXIC
HIV_p17,HIV_p17_Var_04_110815941,LLWKGEGAV,0.56,0,NON-TOXIC
HIV_p17,HIV_p17_Var_04_110815941,TLNAWVKVV,0.67,0,NON-TOXIC
HIV_p17,HIV_p17_Var_04_110815941,VLDVGDAYF,0.67,0,NON-TOXIC
HIV_p17,HIV_p17_Var_05_110815940,ELHPDKWTV,0.33,0,NON-TOXIC
HIV_p17,HIV_p17_Var_05_110815940,LLWKGEGAV,0.56,0,NON-TOXIC
HIV_p17,HIV_p17_Var_05_110815940,YVDRFYKTL,0.56,0,NON-TOXIC
HIV_p17,HIV_p17_Var_05_110815940,VLDVGDAYF,0.67,0,NON-TOXIC
HIV_p17,HIV_p17_Var_06_82281206,VLAEAMSQV,0.67,0,NON-TOXIC
HIV_p17,HIV_p17_Var_06_82281206,ELHPDKWTV,0.33,0,NON-TOXIC
HIV_p17,HIV_p17_Var_06_82281206,LLWKGEGAV,0.56,0,NON-TOXIC
HIV_p17,HIV_p17_Var_06_82281206,TLNAWVKVV,0.67,0,NON-TOXIC
HIV_p17,HIV_p17_Var_06_82281206,VLDVGDAYF,0.67,0,NON-TOXIC
HIV_p17,HIV_p17_Var_07_82280741,VLAEAMSQV,0.67,0,NON-TOXIC
HIV_p17,HIV_p17_Var_07_82280741,ELHPDKWTV,0.33,0,NON-TOXIC
HIV_p17,HIV_p17_Var_07_82280741,LLWKGEGAV,0.56,0,NON-TOXIC
HIV_p17,HIV_p17_Var_07_82280741,ATLEEMMTA,0.56,0,NON-TOXIC
HIV_p17,HIV_p17_Var_07_82280741,YVDRFYKTL,0.56,0,NON-TOXIC
HIV_p17,HIV_p17_Var_07_82280741,VLDVGDAYF,0.67,0,NON-TOXIC
HIV_p17,HIV_p17_Var_08_82280442,ELHPDKWTV,0.33,0,NON-TOXIC
HIV_p17,HIV_p17_Var_08_82280442,LLWKGEGAV,0.56,0,NON-TOXIC
HIV_p17,HIV_p17_Var_08_82280442,ATLEEMMTA,0.56,0,NON-TOXIC
HIV_p17,HIV_p17_Var_08_82280442,VLDVGDAYF,0.67,0,NON-TOXIC
HIV_p17,HIV_p17_Var_09_75646898,YVDRFYKTL,0.56,0,NON-TOXIC
HIV_p17,HIV_p17_Var_10_75644695,YVDRFYKTL,0.56,0,NON-TOXIC
HIV_p17,HIV_p17_Var_11_75643500,VLAEAMSQV,0.67,0,NON-TOXIC
HIV_p17,HIV_p17_Var_11_75643500,TLNAWVKVV,0.67,0,NON-TOXIC
HIV_p17,HIV_p17_Var_12_75642719,VLAEAMSQV,0.67,0,NON-TOXIC
HIV_p17,HIV_p17_Var_12_75642719,ATLEEMMTA,0.56,0,NON-TOXIC
HIV_p17,HIV_p17_Var_12_75642719,TLNAWVKVV,0.67,0,NON-TOXIC
HIV_p17,HIV_p17_Var_12_75642719,YVDRFYKTL,0.56,0,NON-TOXIC
HIV_p17,HIV_p17_Var_13_75627851,VLAEAMSQV,0.67,0,NON-TOXIC
HIV_p17,HIV_p17_Var_13_75627851,TLNAWVKVV,0.67,0,NON-TOXIC
HIV_p17,HIV_p17_Var_14_75627485,VLAEAMSQV,0.67,0,NON-TOXIC
HIV_p17,HIV_p17_Var_14_75627485,ATLEEMMTA,0.56,0,NON-TOXIC
HIV_p17,HIV_p17_Var_14_75627485,YVDRFYKTL,0.56,0,NON-TOXIC
HIV_p17,HIV_p17_Var_15_75627146,TLNAWVKVV,0.67,0,NON-TOXIC
HIV_p17,HIV_p17_Var_16_75627073,ATLEEMMTA,0.56,0,NON-TOXIC
HIV_p17,HIV_p17_Var_17_3023824,VLAEAMSQV,0.67,0,NON-TOXIC
HIV_p17,HIV_p17_Var_17_3023824,ATLEEMMTA,0.56,0,NON-TOXIC
HIV_p17,HIV_p17_Var_17_3023824,TLNAWVKVV,0.67,0,NON-TOXIC
HIV_p17,HIV_p17_Var_17_3023824,YVDRFYKTL,0.56,0,NON-TOXIC
HIV_p17,HIV_p17_Var_18_158931165,ELHPDKWTV,0.33,0,NON-TOXIC
HIV_p17,HIV_p17_Var_18_158931165,LLWKGEGAV,0.56,0,NON-TOXIC
HIV_p17,HIV_p17_Var_18_158931165,TLNAWVKVV,0.67,0,NON-TOXIC
HIV_p17,HIV_p17_Var_18_158931165,YVDRFYKTL,0.56,0,NON-TOXIC
HIV_p17,HIV_p17_Var_18_158931165,VLDVGDAYF,0.67,0,NON-TOXIC
HIV_p17,HIV_p17_Var_19_114152122,ELHPDKWTV,0.33,0,NON-TOXIC
HIV_p17,HIV_p17_Var_19_114152122,LLWKGEGAV,0.56,0,NON-TOXIC
HIV_p17,HIV_p17_Var_19_114152122,TLNAWVKVV,0.67,0,NON-TOXIC
HIV_p17,HIV_p17_Var_19_114152122,YVDRFYKTL,0.56,0,NON-TOXIC
HIV_p17,HIV_p17_Var_19_114152122,VLDVGDAYF,0.67,0,NON-TOXIC
HIV_p17,HIV_p17_Var_20_114149305,TLNAWVKVV,0.67,0,NON-TOXIC
HIV_p17,HIV_p17_Var_20_114149305,YVDRFYKTL,0.56,0,NON-TOXIC
HIV_p17,HIV_p17_Var_21_114149304,TLNAWVKVV,0.67,0,NON-TOXIC
HIV_p17,HIV_p17_Var_21_114149304,YVDRFYKTL,0.56,0,NON-TOXIC
HIV_p17,HIV_p17_Var_22_77416891,VLAEAMSQV,0.67,0,NON-TOXIC
HIV_p17,HIV_p17_Var_22_77416891,ELHPDKWTV,0.33,0,NON-TOXIC
HIV_p17,HIV_p17_Var_22_77416891,LLWKGEGAV,0.56,0,NON-TOXIC
HIV_p17,HIV_p17_Var_22_77416891,ATLEEMMTA,0.56,0,NON-TOXIC
HIV_p17,HIV_p17_Var_22_77416891,TLNAWVKVV,0.67,0,NON-TOXIC
HIV_p17,HIV_p17_Var_22_77416891,VLDVGDAYF,0.67,0,NON-TOXIC
HIV_p17,HIV_p17_Var_23_77416888,VLAEAMSQV,0.67,0,NON-TOXIC
HIV_p17,HIV_p17_Var_23_77416888,ELHPDKWTV,0.33,0,NON-TOXIC
HIV_p17,HIV_p17_Var_23_77416888,LLWKGEGAV,0.56,0,NON-TOXIC
HIV_p17,HIV_p17_Var_23_77416888,ATLEEMMTA,0.56,0,NON-TOXIC
HIV_p17,HIV_p17_Var_23_77416888,TLNAWVKVV,0.67,0,NON-TOXIC
HIV_p17,HIV_p17_Var_23_77416888,YVDRFYKTL,0.56,0,NON-TOXIC
HIV_p17,HIV_p17_Var_23_77416888,VLDVGDAYF,0.67,0,NON-TOXIC
HIV_p17,HIV_p17_Var_24_77416887,VLAEAMSQV,0.67,0,NON-TOXIC
HIV_p17,HIV_p17_Var_24_77416887,ELHPDKWTV,0.33,0,NON-TOXIC
HIV_p17,HIV_p17_Var_24_77416887,LLWKGEGAV,0.56,0,NON-TOXIC
HIV_p17,HIV_p17_Var_24_77416887,ATLEEMMTA,0.56,0,NON-TOXIC
HIV_p17,HIV_p17_Var_24_77416887,YVDRFYKTL,0.56,0,NON-TOXIC
HIV_p17,HIV_p17_Var_24_77416887,VLDVGDAYF,0.67,0,NON-TOXIC
HIV_p17,HIV_p17_Var_25_77416883,VLAEAMSQV,0.67,0,NON-TOXIC
HIV_p17,HIV_p17_Var_25_77416883,ELHPDKWTV,0.33,0,NON-TOXIC
HIV_p17,HIV_p17_Var_25_77416883,LLWKGEGAV,0.56,0,NON-TOXIC
HIV_p17,HIV_p17_Var_25_77416883,ATLEEMMTA,0.56,0,NON-TOXIC
HIV_p17,HIV_p17_Var_25_77416883,YVDRFYKTL,0.56,0,NON-TOXIC
HIV_p17,HIV_p17_Var_25_77416883,VLDVGDAYF,0.67,0,NON-TOXIC
HIV_p17,HIV_p17_Var_26_120843,VLAEAMSQV,0.67,0,NON-TOXIC
HIV_p17,HIV_p17_Var_26_120843,ATLEEMMTA,0.56,0,NON-TOXIC
HIV_p17,HIV_p17_Var_26_120843,TLNAWVKVV,0.67,0,NON-TOXIC
HIV_p17,HIV_p17_Var_27_120840,VLAEAMSQV,0.67,0,NON-TOXIC
HIV_p17,HIV_p17_Var_27_120840,ATLEEMMTA,0.56,0,NON-TOXIC
HIV_p17,HIV_p17_Var_27_120840,TLNAWVKVV,0.67,0,NON-TOXIC
HIV_p17,HIV_p17_Var_27_120840,YVDRFYKTL,0.56,0,NON-TOXIC
HIV_p17,HIV_p17_Var_28_120836,VLAEAMSQV,0.67,0,NON-TOXIC
HIV_p17,HIV_p17_Var_28_120836,ATLEEMMTA,0.56,0,NON-TOXIC
HIV_p17,HIV_p17_Var_28_120836,YVDRFYKTL,0.56,0,NON-TOXIC
HIV_p17,HIV_p17_Var_29_120833,VLAEAMSQV,0.67,0,NON-TOXIC
HIV_p17,HIV_p17_Var_29_120833,ATLEEMMTA,0.56,0,NON-TOXIC
HIV_p17,HIV_p17_Var_29_120833,YVDRFYKTL,0.56,0,NON-TOXIC
HIV_p17,HIV_p17_Var_30_341942259,VLAEAMSQV,0.67,0,NON-TOXIC
HIV_p17,HIV_p17_Var_30_341942259,ELHPDKWTV,0.33,0,NON-TOXIC
HIV_p17,HIV_p17_Var_30_341942259,LLWKGEGAV,0.56,0,NON-TOXIC
HIV_p17,HIV_p17_Var_30_341942259,ATLEEMMTA,0.56,0,NON-TOXIC
HIV_p17,HIV_p17_Var_30_341942259,TLNAWVKVV,0.67,0,NON-TOXIC
HIV_p17,HIV_p17_Var_30_341942259,YVDRFYKTL,0.56,0,NON-TOXIC
HIV_p17,HIV_p17_Var_30_341942259,VLDVGDAYF,0.67,0,NON-TOXIC
HIV_p24,HIV_p24_Var_02_115502561,VLAEAMSQV,0.67,0,NON-TOXIC
HIV_p24,HIV_p24_Var_02_115502561,ATLEEMMTA,0.56,0,NON-TOXIC
HIV_p24,HIV_p24_Var_02_115502561,TLNAWVKVV,0.67,0,NON-TOXIC
HIV_p24,HIV_p24_Var_02_115502561,YVDRFYKTL,0.56,0,NON-TOXIC
HIV_p24,HIV_p24_Var_03_110815947,TLNAWVKVV,0.67,0,NON-TOXIC
HIV_p24,HIV_p24_Var_04_110815944,YVDRFYKTL,0.56,0,NON-TOXIC
HIV_p24,HIV_p24_Var_05_110815941,VLAEAMSQV,0.67,0,NON-TOXIC
HIV_p24,HIV_p24_Var_05_110815941,TLNAWVKVV,0.67,0,NON-TOXIC
HIV_p24,HIV_p24_Var_06_110815940,YVDRFYKTL,0.56,0,NON-TOXIC
HIV_p24,HIV_p24_Var_07_82281206,VLAEAMSQV,0.67,0,NON-TOXIC
HIV_p24,HIV_p24_Var_07_82281206,TLNAWVKVV,0.67,0,NON-TOXIC
HIV_p24,HIV_p24_Var_08_82280741,VLAEAMSQV,0.67,0,NON-TOXIC
HIV_p24,HIV_p24_Var_08_82280741,ATLEEMMTA,0.56,0,NON-TOXIC
HIV_p24,HIV_p24_Var_08_82280741,YVDRFYKTL,0.56,0,NON-TOXIC
HIV_p24,HIV_p24_Var_09_82280442,ATLEEMMTA,0.56,0,NON-TOXIC
HIV_p24,HIV_p24_Var_10_75646898,YVDRFYKTL,0.56,0,NON-TOXIC
HIV_p24,HIV_p24_Var_12_75643500,VLAEAMSQV,0.67,0,NON-TOXIC
HIV_p24,HIV_p24_Var_12_75643500,TLNAWVKVV,0.67,0,NON-TOXIC
HIV_p24,HIV_p24_Var_13_75642719,VLAEAMSQV,0.67,0,NON-TOXIC
HIV_p24,HIV_p24_Var_13_75642719,ATLEEMMTA,0.56,0,NON-TOXIC
HIV_p24,HIV_p24_Var_13_75642719,TLNAWVKVV,0.67,0,NON-TOXIC
HIV_p24,HIV_p24_Var_13_75642719,YVDRFYKTL,0.56,0,NON-TOXIC
HIV_p24,HIV_p24_Var_14_75627851,VLAEAMSQV,0.67,0,NON-TOXIC
HIV_p24,HIV_p24_Var_14_75627851,TLNAWVKVV,0.67,0,NON-TOXIC
HIV_p24,HIV_p24_Var_15_75627485,VLAEAMSQV,0.67,0,NON-TOXIC
HIV_p24,HIV_p24_Var_15_75627485,ATLEEMMTA,0.56,0,NON-TOXIC
HIV_p24,HIV_p24_Var_15_75627485,YVDRFYKTL,0.56,0,NON-TOXIC
HIV_p24,HIV_p24_Var_16_75627146,TLNAWVKVV,0.67,0,NON-TOXIC
HIV_p24,HIV_p24_Var_17_75627073,ATLEEMMTA,0.56,0,NON-TOXIC
HIV_p24,HIV_p24_Var_18_3023824,VLAEAMSQV,0.67,0,NON-TOXIC
HIV_p24,HIV_p24_Var_18_3023824,ATLEEMMTA,0.56,0,NON-TOXIC
HIV_p24,HIV_p24_Var_18_3023824,TLNAWVKVV,0.67,0,NON-TOXIC
HIV_p24,HIV_p24_Var_18_3023824,YVDRFYKTL,0.56,0,NON-TOXIC
HIV_p24,HIV_p24_Var_19_158931165,TLNAWVKVV,0.67,0,NON-TOXIC
HIV_p24,HIV_p24_Var_19_158931165,YVDRFYKTL,0.56,0,NON-TOXIC
HIV_p24,HIV_p24_Var_20_114152122,TLNAWVKVV,0.67,0,NON-TOXIC
HIV_p24,HIV_p24_Var_20_114152122,YVDRFYKTL,0.56,0,NON-TOXIC
HIV_p24,HIV_p24_Var_21_114149305,TLNAWVKVV,0.67,0,NON-TOXIC
HIV_p24,HIV_p24_Var_21_114149305,YVDRFYKTL,0.56,0,NON-TOXIC
HIV_p24,HIV_p24_Var_22_114149304,TLNAWVKVV,0.67,0,NON-TOXIC
HIV_p24,HIV_p24_Var_22_114149304,YVDRFYKTL,0.56,0,NON-TOXIC
HIV_p24,HIV_p24_Var_23_77416891,VLAEAMSQV,0.67,0,NON-TOXIC
HIV_p24,HIV_p24_Var_23_77416891,ATLEEMMTA,0.56,0,NON-TOXIC
HIV_p24,HIV_p24_Var_23_77416891,TLNAWVKVV,0.67,0,NON-TOXIC
HIV_p24,HIV_p24_Var_24_77416888,VLAEAMSQV,0.67,0,NON-TOXIC
HIV_p24,HIV_p24_Var_24_77416888,ATLEEMMTA,0.56,0,NON-TOXIC
HIV_p24,HIV_p24_Var_24_77416888,TLNAWVKVV,0.67,0,NON-TOXIC
HIV_p24,HIV_p24_Var_24_77416888,YVDRFYKTL,0.56,0,NON-TOXIC
HIV_p24,HIV_p24_Var_25_77416887,VLAEAMSQV,0.67,0,NON-TOXIC
HIV_p24,HIV_p24_Var_25_77416887,ATLEEMMTA,0.56,0,NON-TOXIC
HIV_p24,HIV_p24_Var_25_77416887,YVDRFYKTL,0.56,0,NON-TOXIC
HIV_p24,HIV_p24_Var_26_77416883,VLAEAMSQV,0.67,0,NON-TOXIC
HIV_p24,HIV_p24_Var_26_77416883,ATLEEMMTA,0.56,0,NON-TOXIC
HIV_p24,HIV_p24_Var_26_77416883,YVDRFYKTL,0.56,0,NON-TOXIC
HIV_p24,HIV_p24_Var_27_120843,VLAEAMSQV,0.67,0,NON-TOXIC
HIV_p24,HIV_p24_Var_27_120843,ATLEEMMTA,0.56,0,NON-TOXIC
HIV_p24,HIV_p24_Var_27_120843,TLNAWVKVV,0.67,0,NON-TOXIC
HIV_p24,HIV_p24_Var_28_120840,VLAEAMSQV,0.67,0,NON-TOXIC
HIV_p24,HIV_p24_Var_28_120840,ATLEEMMTA,0.56,0,NON-TOXIC
HIV_p24,HIV_p24_Var_28_120840,TLNAWVKVV,0.67,0,NON-TOXIC
HIV_p24,HIV_p24_Var_28_120840,YVDRFYKTL,0.56,0,NON-TOXIC
HIV_p24,HIV_p24_Var_29_120836,VLAEAMSQV,0.67,0,NON-TOXIC
HIV_p24,HIV_p24_Var_29_120836,ATLEEMMTA,0.56,0,NON-TOXIC
HIV_p24,HIV_p24_Var_29_120836,YVDRFYKTL,0.56,0,NON-TOXIC
HIV_p24,HIV_p24_Var_30_120833,VLAEAMSQV,0.67,0,NON-TOXIC
HIV_p24,HIV_p24_Var_30_120833,ATLEEMMTA,0.56,0,NON-TOXIC
HIV_p24,HIV_p24_Var_30_120833,YVDRFYKTL,0.56,0,NON-TOXIC
Mpox_A35R,Mpox_A35R_Var_01_2835480444,IMDFIGPYI,0.67,0,NON-TOXIC
Mpox_A35R,Mpox_A35R_Var_01_2835480444,YIIGNIKIV,0.67,0,NON-TOXIC
Mpox_A35R,Mpox_A35R_Var_02_2835479726,IMDFIGPYI,0.67,0,NON-TOXIC
Mpox_A35R,Mpox_A35R_Var_02_2835479726,YIIGNIKIV,0.67,0,NON-TOXIC
Mpox_A35R,Mpox_A35R_Var_03_2835479013,IMDFIGPYI,0.67,0,NON-TOXIC
Mpox_A35R,Mpox_A35R_Var_03_2835479013,YIIGNIKIV,0.67,0,NON-TOXIC
Mpox_A35R,Mpox_A35R_Var_04_2811179914,IMDFIGPYI,0.67,0,NON-TOXIC
Mpox_A35R,Mpox_A35R_Var_04_2811179914,YIIGNIKIV,0.67,0,NON-TOXIC
Mpox_A35R,Mpox_A35R_Var_05_2811179730,IMDFIGPYI,0.67,0,NON-TOXIC
Mpox_A35R,Mpox_A35R_Var_05_2811179730,YIIGNIKIV,0.67,0,NON-TOXIC
Mpox_A35R,Mpox_A35R_Var_06_2811179543,IMDFIGPYI,0.67,0,NON-TOXIC
Mpox_A35R,Mpox_A35R_Var_06_2811179543,YIIGNIKIV,0.67,0,NON-TOXIC
Mpox_A35R,Mpox_A35R_Var_07_2811179357,IMDFIGPYI,0.67,0,NON-TOXIC
Mpox_A35R,Mpox_A35R_Var_07_2811179357,YIIGNIKIV,0.67,0,NON-TOXIC
Mpox_A35R,Mpox_A35R_Var_08_2811179174,IMDFIGPYI,0.67,0,NON-TOXIC
Mpox_A35R,Mpox_A35R_Var_08_2811179174,YIIGNIKIV,0.67,0,NON-TOXIC
Mpox_A35R,Mpox_A35R_Var_09_2811178619,IMDFIGPYI,0.67,0,NON-TOXIC
Mpox_A35R,Mpox_A35R_Var_09_2811178619,YIIGNIKIV,0.67,0,NON-TOXIC
Mpox_A35R,Mpox_A35R_Var_10_2811178253,IMDFIGPYI,0.67,0,NON-TOXIC
Mpox_A35R,Mpox_A35R_Var_10_2811178253,YIIGNIKIV,0.67,0,NON-TOXIC
Mpox_A35R,Mpox_A35R_Var_11_2811178072,IMDFIGPYI,0.67,0,NON-TOXIC
Mpox_A35R,Mpox_A35R_Var_11_2811178072,YIIGNIKIV,0.67,0,NON-TOXIC
Mpox_A35R,Mpox_A35R_Var_12_2811177338,IMDFIGPYI,0.67,0,NON-TOXIC
Mpox_A35R,Mpox_A35R_Var_12_2811177338,YIIGNIKIV,0.67,0,NON-TOXIC
Mpox_A35R,Mpox_A35R_Var_13_2811177157,IMDFIGPYI,0.67,0,NON-TOXIC
Mpox_A35R,Mpox_A35R_Var_13_2811177157,YIIGNIKIV,0.67,0,NON-TOXIC
Mpox_A35R,Mpox_A35R_Var_14_2753775795,IMDFIGPYI,0.67,0,NON-TOXIC
Mpox_A35R,Mpox_A35R_Var_14_2753775795,YIIGNIKIV,0.67,0,NON-TOXIC
Mpox_A35R,Mpox_A35R_Var_15_2753775618,IMDFIGPYI,0.67,0,NON-TOXIC
Mpox_A35R,Mpox_A35R_Var_15_2753775618,YIIGNIKIV,0.67,0,NON-TOXIC
Mpox_A35R,Mpox_A35R_Var_16_2753775438,IMDFIGPYI,0.67,0,NON-TOXIC
Mpox_A35R,Mpox_A35R_Var_16_2753775438,YIIGNIKIV,0.67,0,NON-TOXIC
Mpox_B5R,Mpox_B5R_Var_01_2637787204,TLLCVLPAV,0.67,1,NON-TOXIC
Mpox_B5R,Mpox_B5R_Var_01_2637787204,TVSDYVSEL,0.44,0,NON-TOXIC
Mpox_B5R,Mpox_B5R_Var_01_2637787204,IMALTIMGV,0.78,0,NON-TOXIC
Mpox_B5R,Mpox_B5R_Var_01_2637787204,TIMGVIFLI,0.78,0,NON-TOXIC
Mpox_B5R,Mpox_B5R_Var_01_2637787204,FSIGGVIHL,0.56,0,NON-TOXIC
Mpox_B5R,Mpox_B5R_Var_01_2637787204,KTISVVTLL,0.56,0,NON-TOXIC
Mpox_B5R,Mpox_B5R_Var_01_2637787204,KMCTVSDYV,0.44,1,NON-TOXIC
Mpox_B5R,Mpox_B5R_Var_01_2637787204,VLPAVVYST,0.67,0,NON-TOXIC
Mpox_B5R,Mpox_B5R_Var_02_2637787203,ILDTVNIYI,0.67,0,NON-TOXIC
Mpox_B5R,Mpox_B5R_Var_02_2637787203,FLSYILDTV,0.67,0,NON-TOXIC
Mpox_B5R,Mpox_B5R_Var_02_2637787203,IIFDAVESL,0.67,0,NON-TOXIC
Mpox_B5R,Mpox_B5R_Var_02_2637787203,ILLSKRPSL,0.44,0,NON-TOXIC
Mpox_B5R,Mpox_B5R_Var_02_2637787203,ILINHRFYI,0.67,0,NON-TOXIC
Mpox_B5R,Mpox_B5R_Var_02_2637787203,IMIPSMIAI,0.78,0,NON-TOXIC
Mpox_B5R,Mpox_B5R_Var_02_2637787203,SLHQYKWYI,0.56,0,NON-TOXIC
Mpox_B5R,Mpox_B5R_Var_02_2637787203,LLISKGANV,0.56,0,NON-TOXIC
Mpox_B5R,Mpox_B5R_Var_02_2637787203,SIYLFLHYI,0.78,0,NON-TOXIC
Mpox_B5R,Mpox_B5R_Var_02_2637787203,NIKEYVYQL,0.56,0,NON-TOXIC
Mpox_B5R,Mpox_B5R_Var_02_2637787203,EILDWSIYL,0.67,0,NON-TOXIC
Mpox_B5R,Mpox_B5R_Var_02_2637787203,IMIFFLDRV,0.78,0,NON-TOXIC
Mpox_B5R,Mpox_B5R_Var_02_2637787203,FIDAANTNI,0.56,0,NON-TOXIC
Mpox_B5R,Mpox_B5R_Var_02_2637787203,HLDNSIRLM,0.44,0,NON-TOXIC
Mpox_B5R,Mpox_B5R_Var_02_2637787203,ILDWSIYLF,0.78,0,NON-TOXIC
Mpox_B5R,Mpox_B5R_Var_02_2637787203,FFLDRVLNI,0.67,0,NON-TOXIC
Mpox_B5R,Mpox_B5R_Var_02_2637787203,GIIHGISLI,0.56,0,NON-TOXIC
Mpox_B5R,Mpox_B5R_Var_03_2566844742,TLLCVLPAV,0.67,1,NON-TOXIC
Mpox_B5R,Mpox_B5R_Var_03_2566844742,TVSDYVSEL,0.44,0,NON-TOXIC
Mpox_B5R,Mpox_B5R_Var_03_2566844742,IMALTIMGV,0.78,0,NON-TOXIC
Mpox_B5R,Mpox_B5R_Var_03_2566844742,TIMGVIFLI,0.78,0,NON-TOXIC
Mpox_B5R,Mpox_B5R_Var_03_2566844742,FSIGGVIHL,0.56,0,NON-TOXIC
Mpox_B5R,Mpox_B5R_Var_03_2566844742,KTISVVTLL,0.56,0,NON-TOXIC
Mpox_B5R,Mpox_B5R_Var_03_2566844742,KMCTVSDYV,0.44,1,NON-TOXIC
Mpox_B5R,Mpox_B5R_Var_03_2566844742,VLPAVVYST,0.67,0,NON-TOXIC
Mpox_B5R,Mpox_B5R_Var_04_2566844741,ILDTVNIYI,0.67,0,NON-TOXIC
Mpox_B5R,Mpox_B5R_Var_04_2566844741,FLSYILDTV,0.67,0,NON-TOXIC
Mpox_B5R,Mpox_B5R_Var_04_2566844741,IIFDAVESL,0.67,0,NON-TOXIC
Mpox_B5R,Mpox_B5R_Var_04_2566844741,ILLSKRPSL,0.44,0,NON-TOXIC
Mpox_B5R,Mpox_B5R_Var_04_2566844741,ILINHRFYI,0.67,0,NON-TOXIC
Mpox_B5R,Mpox_B5R_Var_04_2566844741,IMIPSMIAI,0.78,0,NON-TOXIC
Mpox_B5R,Mpox_B5R_Var_04_2566844741,SLHQYKWYI,0.56,0,NON-TOXIC
Mpox_B5R,Mpox_B5R_Var_04_2566844741,LLISKGANV,0.56,0,NON-TOXIC
Mpox_B5R,Mpox_B5R_Var_04_2566844741,SIYLFLHYI,0.78,0,NON-TOXIC
Mpox_B5R,Mpox_B5R_Var_04_2566844741,NIKEYVYQL,0.56,0,NON-TOXIC
Mpox_B5R,Mpox_B5R_Var_04_2566844741,EILDWSIYL,0.67,0,NON-TOXIC
Mpox_B5R,Mpox_B5R_Var_04_2566844741,IMIFFLDRV,0.78,0,NON-TOXIC
Mpox_B5R,Mpox_B5R_Var_04_2566844741,FIDAANTNI,0.56,0,NON-TOXIC
Mpox_B5R,Mpox_B5R_Var_04_2566844741,HLDNSIRLM,0.44,0,NON-TOXIC
Mpox_B5R,Mpox_B5R_Var_04_2566844741,ILDWSIYLF,0.78,0,NON-TOXIC
Mpox_B5R,Mpox_B5R_Var_04_2566844741,FFLDRVLNI,0.67,0,NON-TOXIC
Mpox_B5R,Mpox_B5R_Var_04_2566844741,GIIHGISLI,0.56,0,NON-TOXIC
Mpox_B5R,Mpox_B5R_Var_05_2566844563,TLLCVLPAV,0.67,1,NON-TOXIC
Mpox_B5R,Mpox_B5R_Var_05_2566844563,TVSDYVSEL,0.44,0,NON-TOXIC
Mpox_B5R,Mpox_B5R_Var_05_2566844563,IMALTIMGV,0.78,0,NON-TOXIC
Mpox_B5R,Mpox_B5R_Var_05_2566844563,TIMGVIFLI,0.78,0,NON-TOXIC
Mpox_B5R,Mpox_B5R_Var_05_2566844563,FSIGGVIHL,0.56,0,NON-TOXIC
Mpox_B5R,Mpox_B5R_Var_05_2566844563,KTISVVTLL,0.56,0,NON-TOXIC
Mpox_B5R,Mpox_B5R_Var_05_2566844563,KMCTVSDYV,0.44,1,NON-TOXIC
Mpox_B5R,Mpox_B5R_Var_05_2566844563,VLPAVVYST,0.67,0,NON-TOXIC
Mpox_B5R,Mpox_B5R_Var_06_2566844562,ILDTVNIYI,0.67,0,NON-TOXIC
Mpox_B5R,Mpox_B5R_Var_06_2566844562,FLSYILDTV,0.67,0,NON-TOXIC
Mpox_B5R,Mpox_B5R_Var_06_2566844562,IIFDAVESL,0.67,0,NON-TOXIC
Mpox_B5R,Mpox_B5R_Var_06_2566844562,ILLSKRPSL,0.44,0,NON-TOXIC
Mpox_B5R,Mpox_B5R_Var_06_2566844562,ILINHRFYI,0.67,0,NON-TOXIC
Mpox_B5R,Mpox_B5R_Var_06_2566844562,IMIPSMIAI,0.78,0,NON-TOXIC
Mpox_B5R,Mpox_B5R_Var_06_2566844562,SLHQYKWYI,0.56,0,NON-TOXIC
Mpox_B5R,Mpox_B5R_Var_06_2566844562,LLISKGANV,0.56,0,NON-TOXIC
Mpox_B5R,Mpox_B5R_Var_06_2566844562,SIYLFLHYI,0.78,0,NON-TOXIC
Mpox_B5R,Mpox_B5R_Var_06_2566844562,NIKEYVYQL,0.56,0,NON-TOXIC
Mpox_B5R,Mpox_B5R_Var_06_2566844562,EILDWSIYL,0.67,0,NON-TOXIC
Mpox_B5R,Mpox_B5R_Var_06_2566844562,IMIFFLDRV,0.78,0,NON-TOXIC
Mpox_B5R,Mpox_B5R_Var_06_2566844562,FIDAANTNI,0.56,0,NON-TOXIC
Mpox_B5R,Mpox_B5R_Var_06_2566844562,HLDNSIRLM,0.44,0,NON-TOXIC
Mpox_B5R,Mpox_B5R_Var_06_2566844562,ILDWSIYLF,0.78,0,NON-TOXIC
Mpox_B5R,Mpox_B5R_Var_06_2566844562,FFLDRVLNI,0.67,0,NON-TOXIC
Mpox_B5R,Mpox_B5R_Var_06_2566844562,GIIHGISLI,0.56,0,NON-TOXIC
Mpox_B5R,Mpox_B5R_Var_07_2566844384,TLLCVLPAV,0.67,1,NON-TOXIC
Mpox_B5R,Mpox_B5R_Var_07_2566844384,TVSDYVSEL,0.44,0,NON-TOXIC
Mpox_B5R,Mpox_B5R_Var_07_2566844384,IMALTIMGV,0.78,0,NON-TOXIC
Mpox_B5R,Mpox_B5R_Var_07_2566844384,TIMGVIFLI,0.78,0,NON-TOXIC
Mpox_B5R,Mpox_B5R_Var_07_2566844384,FSIGGVIHL,0.56,0,NON-TOXIC
Mpox_B5R,Mpox_B5R_Var_07_2566844384,KTISVVTLL,0.56,0,NON-TOXIC
Mpox_B5R,Mpox_B5R_Var_07_2566844384,KMCTVSDYV,0.44,1,NON-TOXIC
Mpox_B5R,Mpox_B5R_Var_07_2566844384,VLPAVVYST,0.67,0,NON-TOXIC
Mpox_B5R,Mpox_B5R_Var_08_2566844383,ILDTVNIYI,0.67,0,NON-TOXIC
Mpox_B5R,Mpox_B5R_Var_08_2566844383,FLSYILDTV,0.67,0,NON-TOXIC
Mpox_B5R,Mpox_B5R_Var_08_2566844383,IIFDAVESL,0.67,0,NON-TOXIC
Mpox_B5R,Mpox_B5R_Var_08_2566844383,ILLSKRPSL,0.44,0,NON-TOXIC
Mpox_B5R,Mpox_B5R_Var_08_2566844383,ILINHRFYI,0.67,0,NON-TOXIC
Mpox_B5R,Mpox_B5R_Var_08_2566844383,IMIPSMIAI,0.78,0,NON-TOXIC
Mpox_B5R,Mpox_B5R_Var_08_2566844383,SLHQYKWYI,0.56,0,NON-TOXIC
Mpox_B5R,Mpox_B5R_Var_08_2566844383,LLISKGANV,0.56,0,NON-TOXIC
Mpox_B5R,Mpox_B5R_Var_08_2566844383,SIYLFLHYI,0.78,0,NON-TOXIC
Mpox_B5R,Mpox_B5R_Var_08_2566844383,NIKEYVYQL,0.56,0,NON-TOXIC
Mpox_B5R,Mpox_B5R_Var_08_2566844383,EILDWSIYL,0.67,0,NON-TOXIC
Mpox_B5R,Mpox_B5R_Var_08_2566844383,IMIFFLDRV,0.78,0,NON-TOXIC
Mpox_B5R,Mpox_B5R_Var_08_2566844383,FIDAANTNI,0.56,0,NON-TOXIC
Mpox_B5R,Mpox_B5R_Var_08_2566844383,HLDNSIRLM,0.44,0,NON-TOXIC
Mpox_B5R,Mpox_B5R_Var_08_2566844383,ILDWSIYLF,0.78,0,NON-TOXIC
Mpox_B5R,Mpox_B5R_Var_08_2566844383,FFLDRVLNI,0.67,0,NON-TOXIC
Mpox_B5R,Mpox_B5R_Var_08_2566844383,GIIHGISLI,0.56,0,NON-TOXIC
Mpox_B5R,Mpox_B5R_Var_09_2566844205,TLLCVLPAV,0.67,1,NON-TOXIC
Mpox_B5R,Mpox_B5R_Var_09_2566844205,TVSDYVSEL,0.44,0,NON-TOXIC
Mpox_B5R,Mpox_B5R_Var_09_2566844205,IMALTIMGV,0.78,0,NON-TOXIC
Mpox_B5R,Mpox_B5R_Var_09_2566844205,TIMGVIFLI,0.78,0,NON-TOXIC
Mpox_B5R,Mpox_B5R_Var_09_2566844205,FSIGGVIHL,0.56,0,NON-TOXIC
Mpox_B5R,Mpox_B5R_Var_09_2566844205,KTISVVTLL,0.56,0,NON-TOXIC
Mpox_B5R,Mpox_B5R_Var_09_2566844205,KMCTVSDYV,0.44,1,NON-TOXIC
Mpox_B5R,Mpox_B5R_Var_09_2566844205,VLPAVVYST,0.67,0,NON-TOXIC
Mpox_B5R,Mpox_B5R_Var_10_2566844204,ILDTVNIYI,0.67,0,NON-TOXIC
Mpox_B5R,Mpox_B5R_Var_10_2566844204,FLSYILDTV,0.67,0,NON-TOXIC
Mpox_B5R,Mpox_B5R_Var_10_2566844204,IIFDAVESL,0.67,0,NON-TOXIC
Mpox_B5R,Mpox_B5R_Var_10_2566844204,ILLSKRPSL,0.44,0,NON-TOXIC
Mpox_B5R,Mpox_B5R_Var_10_2566844204,ILINHRFYI,0.67,0,NON-TOXIC
Mpox_B5R,Mpox_B5R_Var_10_2566844204,IMIPSMIAI,0.78,0,NON-TOXIC
Mpox_B5R,Mpox_B5R_Var_10_2566844204,SLHQYKWYI,0.56,0,NON-TOXIC
Mpox_B5R,Mpox_B5R_Var_10_2566844204,LLISKGANV,0.56,0,NON-TOXIC
Mpox_B5R,Mpox_B5R_Var_10_2566844204,SIYLFLHYI,0.78,0,NON-TOXIC
Mpox_B5R,Mpox_B5R_Var_10_2566844204,NIKEYVYQL,0.56,0,NON-TOXIC
Mpox_B5R,Mpox_B5R_Var_10_2566844204,EILDWSIYL,0.67,0,NON-TOXIC
Mpox_B5R,Mpox_B5R_Var_10_2566844204,IMIFFLDRV,0.78,0,NON-TOXIC
Mpox_B5R,Mpox_B5R_Var_10_2566844204,FIDAANTNI,0.56,0,NON-TOXIC
Mpox_B5R,Mpox_B5R_Var_10_2566844204,HLDNSIRLM,0.44,0,NON-TOXIC
Mpox_B5R,Mpox_B5R_Var_10_2566844204,ILDWSIYLF,0.78,0,NON-TOXIC
Mpox_B5R,Mpox_B5R_Var_10_2566844204,FFLDRVLNI,0.67,0,NON-TOXIC
Mpox_B5R,Mpox_B5R_Var_10_2566844204,GIIHGISLI,0.56,0,NON-TOXIC
Mpox_B5R,Mpox_B5R_Var_11_2566844026,TLLCVLPAV,0.67,1,NON-TOXIC
Mpox_B5R,Mpox_B5R_Var_11_2566844026,TVSDYVSEL,0.44,0,NON-TOXIC
Mpox_B5R,Mpox_B5R_Var_11_2566844026,IMALTIMGV,0.78,0,NON-TOXIC
Mpox_B5R,Mpox_B5R_Var_11_2566844026,TIMGVIFLI,0.78,0,NON-TOXIC
Mpox_B5R,Mpox_B5R_Var_11_2566844026,FSIGGVIHL,0.56,0,NON-TOXIC
Mpox_B5R,Mpox_B5R_Var_11_2566844026,KTISVVTLL,0.56,0,NON-TOXIC
Mpox_B5R,Mpox_B5R_Var_11_2566844026,KMCTVSDYV,0.44,1,NON-TOXIC
Mpox_B5R,Mpox_B5R_Var_11_2566844026,VLPAVVYST,0.67,0,NON-TOXIC
Mpox_B5R,Mpox_B5R_Var_12_2566844025,ILDTVNIYI,0.67,0,NON-TOXIC
Mpox_B5R,Mpox_B5R_Var_12_2566844025,FLSYILDTV,0.67,0,NON-TOXIC
Mpox_B5R,Mpox_B5R_Var_12_2566844025,IIFDAVESL,0.67,0,NON-TOXIC
Mpox_B5R,Mpox_B5R_Var_12_2566844025,ILLSKRPSL,0.44,0,NON-TOXIC
Mpox_B5R,Mpox_B5R_Var_12_2566844025,ILINHRFYI,0.67,0,NON-TOXIC
Mpox_B5R,Mpox_B5R_Var_12_2566844025,IMIPSMIAI,0.78,0,NON-TOXIC
Mpox_B5R,Mpox_B5R_Var_12_2566844025,SLHQYKWYI,0.56,0,NON-TOXIC
Mpox_B5R,Mpox_B5R_Var_12_2566844025,LLISKGANV,0.56,0,NON-TOXIC
Mpox_B5R,Mpox_B5R_Var_12_2566844025,SIYLFLHYI,0.78,0,NON-TOXIC
Mpox_B5R,Mpox_B5R_Var_12_2566844025,NIKEYVYQL,0.56,0,NON-TOXIC
Mpox_B5R,Mpox_B5R_Var_12_2566844025,EILDWSIYL,0.67,0,NON-TOXIC
Mpox_B5R,Mpox_B5R_Var_12_2566844025,IMIFFLDRV,0.78,0,NON-TOXIC
Mpox_B5R,Mpox_B5R_Var_12_2566844025,FIDAANTNI,0.56,0,NON-TOXIC
Mpox_B5R,Mpox_B5R_Var_12_2566844025,HLDNSIRLM,0.44,0,NON-TOXIC
Mpox_B5R,Mpox_B5R_Var_12_2566844025,ILDWSIYLF,0.78,0,NON-TOXIC
Mpox_B5R,Mpox_B5R_Var_12_2566844025,FFLDRVLNI,0.67,0,NON-TOXIC
Mpox_B5R,Mpox_B5R_Var_12_2566844025,GIIHGISLI,0.56,0,NON-TOXIC
Mpox_B5R,Mpox_B5R_Var_13_2566843847,TLLCVLPAV,0.67,1,NON-TOXIC
Mpox_B5R,Mpox_B5R_Var_13_2566843847,TVSDYVSEL,0.44,0,NON-TOXIC
Mpox_B5R,Mpox_B5R_Var_13_2566843847,IMALTIMGV,0.78,0,NON-TOXIC
Mpox_B5R,Mpox_B5R_Var_13_2566843847,TIMGVIFLI,0.78,0,NON-TOXIC
Mpox_B5R,Mpox_B5R_Var_13_2566843847,FSIGGVIHL,0.56,0,NON-TOXIC
Mpox_B5R,Mpox_B5R_Var_13_2566843847,KTISVVTLL,0.56,0,NON-TOXIC
Mpox_B5R,Mpox_B5R_Var_13_2566843847,KMCTVSDYV,0.44,1,NON-TOXIC
Mpox_B5R,Mpox_B5R_Var_13_2566843847,VLPAVVYST,0.67,0,NON-TOXIC
Mpox_B5R,Mpox_B5R_Var_14_2566843846,ILDTVNIYI,0.67,0,NON-TOXIC
Mpox_B5R,Mpox_B5R_Var_14_2566843846,FLSYILDTV,0.67,0,NON-TOXIC
Mpox_B5R,Mpox_B5R_Var_14_2566843846,IIFDAVESL,0.67,0,NON-TOXIC
Mpox_B5R,Mpox_B5R_Var_14_2566843846,ILLSKRPSL,0.44,0,NON-TOXIC
Mpox_B5R,Mpox_B5R_Var_14_2566843846,ILINHRFYI,0.67,0,NON-TOXIC
Mpox_B5R,Mpox_B5R_Var_14_2566843846,IMIPSMIAI,0.78,0,NON-TOXIC
Mpox_B5R,Mpox_B5R_Var_14_2566843846,SLHQYKWYI,0.56,0,NON-TOXIC
Mpox_B5R,Mpox_B5R_Var_14_2566843846,LLISKGANV,0.56,0,NON-TOXIC
Mpox_B5R,Mpox_B5R_Var_14_2566843846,SIYLFLHYI,0.78,0,NON-TOXIC
Mpox_B5R,Mpox_B5R_Var_14_2566843846,NIKEYVYQL,0.56,0,NON-TOXIC
Mpox_B5R,Mpox_B5R_Var_14_2566843846,EILDWSIYL,0.67,0,NON-TOXIC
Mpox_B5R,Mpox_B5R_Var_14_2566843846,IMIFFLDRV,0.78,0,NON-TOXIC
Mpox_B5R,Mpox_B5R_Var_14_2566843846,FIDAANTNI,0.56,0,NON-TOXIC
Mpox_B5R,Mpox_B5R_Var_14_2566843846,HLDNSIRLM,0.44,0,NON-TOXIC
Mpox_B5R,Mpox_B5R_Var_14_2566843846,ILDWSIYLF,0.78,0,NON-TOXIC
Mpox_B5R,Mpox_B5R_Var_14_2566843846,FFLDRVLNI,0.67,0,NON-TOXIC
Mpox_B5R,Mpox_B5R_Var_14_2566843846,GIIHGISLI,0.56,0,NON-TOXIC
Mpox_B5R,Mpox_B5R_Var_15_2566843668,TLLCVLPAV,0.67,1,NON-TOXIC
Mpox_B5R,Mpox_B5R_Var_15_2566843668,TVSDYVSEL,0.44,0,NON-TOXIC
Mpox_B5R,Mpox_B5R_Var_15_2566843668,IMALTIMGV,0.78,0,NON-TOXIC
Mpox_B5R,Mpox_B5R_Var_15_2566843668,TIMGVIFLI,0.78,0,NON-TOXIC
Mpox_B5R,Mpox_B5R_Var_15_2566843668,FSIGGVIHL,0.56,0,NON-TOXIC
Mpox_B5R,Mpox_B5R_Var_15_2566843668,KTISVVTLL,0.56,0,NON-TOXIC
Mpox_B5R,Mpox_B5R_Var_15_2566843668,KMCTVSDYV,0.44,1,NON-TOXIC
Mpox_B5R,Mpox_B5R_Var_15_2566843668,VLPAVVYST,0.67,0,NON-TOXIC
Mpox_B5R,Mpox_B5R_Var_16_2566843667,ILDTVNIYI,0.67,0,NON-TOXIC
Mpox_B5R,Mpox_B5R_Var_16_2566843667,FLSYILDTV,0.67,0,NON-TOXIC
Mpox_B5R,Mpox_B5R_Var_16_2566843667,IIFDAVESL,0.67,0,NON-TOXIC
Mpox_B5R,Mpox_B5R_Var_16_2566843667,ILLSKRPSL,0.44,0,NON-TOXIC
Mpox_B5R,Mpox_B5R_Var_16_2566843667,ILINHRFYI,0.67,0,NON-TOXIC
Mpox_B5R,Mpox_B5R_Var_16_2566843667,IMIPSMIAI,0.78,0,NON-TOXIC
Mpox_B5R,Mpox_B5R_Var_16_2566843667,SLHQYKWYI,0.56,0,NON-TOXIC
Mpox_B5R,Mpox_B5R_Var_16_2566843667,LLISKGANV,0.56,0,NON-TOXIC
Mpox_B5R,Mpox_B5R_Var_16_2566843667,SIYLFLHYI,0.78,0,NON-TOXIC
Mpox_B5R,Mpox_B5R_Var_16_2566843667,NIKEYVYQL,0.56,0,NON-TOXIC
Mpox_B5R,Mpox_B5R_Var_16_2566843667,EILDWSIYL,0.67,0,NON-TOXIC
Mpox_B5R,Mpox_B5R_Var_16_2566843667,IMIFFLDRV,0.78,0,NON-TOXIC
Mpox_B5R,Mpox_B5R_Var_16_2566843667,FIDAANTNI,0.56,0,NON-TOXIC
Mpox_B5R,Mpox_B5R_Var_16_2566843667,HLDNSIRLM,0.44,0,NON-TOXIC
Mpox_B5R,Mpox_B5R_Var_16_2566843667,ILDWSIYLF,0.78,0,NON-TOXIC
Mpox_B5R,Mpox_B5R_Var_16_2566843667,FFLDRVLNI,0.67,0,NON-TOXIC
Mpox_B5R,Mpox_B5R_Var_16_2566843667,GIIHGISLI,0.56,0,NON-TOXIC
Mpox_B5R,Mpox_B5R_Var_17_2566843489,TLLCVLPAV,0.67,1,NON-TOXIC
Mpox_B5R,Mpox_B5R_Var_17_2566843489,TVSDYVSEL,0.44,0,NON-TOXIC
Mpox_B5R,Mpox_B5R_Var_17_2566843489,IMALTIMGV,0.78,0,NON-TOXIC
Mpox_B5R,Mpox_B5R_Var_17_2566843489,TIMGVIFLI,0.78,0,NON-TOXIC
Mpox_B5R,Mpox_B5R_Var_17_2566843489,FSIGGVIHL,0.56,0,NON-TOXIC
Mpox_B5R,Mpox_B5R_Var_17_2566843489,KTISVVTLL,0.56,0,NON-TOXIC
Mpox_B5R,Mpox_B5R_Var_17_2566843489,KMCTVSDYV,0.44,1,NON-TOXIC
Mpox_B5R,Mpox_B5R_Var_17_2566843489,VLPAVVYST,0.67,0,NON-TOXIC
Mpox_B5R,Mpox_B5R_Var_18_2566843488,ILDTVNIYI,0.67,0,NON-TOXIC
Mpox_B5R,Mpox_B5R_Var_18_2566843488,FLSYILDTV,0.67,0,NON-TOXIC
Mpox_B5R,Mpox_B5R_Var_18_2566843488,IIFDAVESL,0.67,0,NON-TOXIC
Mpox_B5R,Mpox_B5R_Var_18_2566843488,ILLSKRPSL,0.44,0,NON-TOXIC
Mpox_B5R,Mpox_B5R_Var_18_2566843488,ILINHRFYI,0.67,0,NON-TOXIC
Mpox_B5R,Mpox_B5R_Var_18_2566843488,IMIPSMIAI,0.78,0,NON-TOXIC
Mpox_B5R,Mpox_B5R_Var_18_2566843488,SLHQYKWYI,0.56,0,NON-TOXIC
Mpox_B5R,Mpox_B5R_Var_18_2566843488,LLISKGANV,0.56,0,NON-TOXIC
Mpox_B5R,Mpox_B5R_Var_18_2566843488,SIYLFLHYI,0.78,0,NON-TOXIC
Mpox_B5R,Mpox_B5R_Var_18_2566843488,NIKEYVYQL,0.56,0,NON-TOXIC
Mpox_B5R,Mpox_B5R_Var_18_2566843488,EILDWSIYL,0.67,0,NON-TOXIC
Mpox_B5R,Mpox_B5R_Var_18_2566843488,IMIFFLDRV,0.78,0,NON-TOXIC
Mpox_B5R,Mpox_B5R_Var_18_2566843488,FIDAANTNI,0.56,0,NON-TOXIC
Mpox_B5R,Mpox_B5R_Var_18_2566843488,HLDNSIRLM,0.44,0,NON-TOXIC
Mpox_B5R,Mpox_B5R_Var_18_2566843488,ILDWSIYLF,0.78,0,NON-TOXIC
Mpox_B5R,Mpox_B5R_Var_18_2566843488,FFLDRVLNI,0.67,0,NON-TOXIC
Mpox_B5R,Mpox_B5R_Var_18_2566843488,GIIHGISLI,0.56,0,NON-TOXIC
Mpox_B5R,Mpox_B5R_Var_19_2566843310,TLLCVLPAV,0.67,1,NON-TOXIC
Mpox_B5R,Mpox_B5R_Var_19_2566843310,TVSDYVSEL,0.44,0,NON-TOXIC
Mpox_B5R,Mpox_B5R_Var_19_2566843310,IMALTIMGV,0.78,0,NON-TOXIC
Mpox_B5R,Mpox_B5R_Var_19_2566843310,TIMGVIFLI,0.78,0,NON-TOXIC
Mpox_B5R,Mpox_B5R_Var_19_2566843310,FSIGGVIHL,0.56,0,NON-TOXIC
Mpox_B5R,Mpox_B5R_Var_19_2566843310,KTISVVTLL,0.56,0,NON-TOXIC
Mpox_B5R,Mpox_B5R_Var_19_2566843310,KMCTVSDYV,0.44,1,NON-TOXIC
Mpox_B5R,Mpox_B5R_Var_19_2566843310,VLPAVVYST,0.67,0,NON-TOXIC
Mpox_B5R,Mpox_B5R_Var_20_2566843309,ILDTVNIYI,0.67,0,NON-TOXIC
Mpox_B5R,Mpox_B5R_Var_20_2566843309,FLSYILDTV,0.67,0,NON-TOXIC
Mpox_B5R,Mpox_B5R_Var_20_2566843309,IIFDAVESL,0.67,0,NON-TOXIC
Mpox_B5R,Mpox_B5R_Var_20_2566843309,ILLSKRPSL,0.44,0,NON-TOXIC
Mpox_B5R,Mpox_B5R_Var_20_2566843309,ILINHRFYI,0.67,0,NON-TOXIC
Mpox_B5R,Mpox_B5R_Var_20_2566843309,IMIPSMIAI,0.78,0,NON-TOXIC
Mpox_B5R,Mpox_B5R_Var_20_2566843309,SLHQYKWYI,0.56,0,NON-TOXIC
Mpox_B5R,Mpox_B5R_Var_20_2566843309,LLISKGANV,0.56,0,NON-TOXIC
Mpox_B5R,Mpox_B5R_Var_20_2566843309,SIYLFLHYI,0.78,0,NON-TOXIC
Mpox_B5R,Mpox_B5R_Var_20_2566843309,NIKEYVYQL,0.56,0,NON-TOXIC
Mpox_B5R,Mpox_B5R_Var_20_2566843309,EILDWSIYL,0.67,0,NON-TOXIC
Mpox_B5R,Mpox_B5R_Var_20_2566843309,IMIFFLDRV,0.78,0,NON-TOXIC
Mpox_B5R,Mpox_B5R_Var_20_2566843309,FIDAANTNI,0.56,0,NON-TOXIC
Mpox_B5R,Mpox_B5R_Var_20_2566843309,HLDNSIRLM,0.44,0,NON-TOXIC
Mpox_B5R,Mpox_B5R_Var_20_2566843309,ILDWSIYLF,0.78,0,NON-TOXIC
Mpox_B5R,Mpox_B5R_Var_20_2566843309,FFLDRVLNI,0.67,0,NON-TOXIC
Mpox_B5R,Mpox_B5R_Var_20_2566843309,GIIHGISLI,0.56,0,NON-TOXIC
Mpox_B5R,Mpox_B5R_Var_21_2566843131,TLLCVLPAV,0.67,1,NON-TOXIC
Mpox_B5R,Mpox_B5R_Var_21_2566843131,TVSDYVSEL,0.44,0,NON-TOXIC
Mpox_B5R,Mpox_B5R_Var_21_2566843131,IMALTIMGV,0.78,0,NON-TOXIC
Mpox_B5R,Mpox_B5R_Var_21_2566843131,TIMGVIFLI,0.78,0,NON-TOXIC
Mpox_B5R,Mpox_B5R_Var_21_2566843131,FSIGGVIHL,0.56,0,NON-TOXIC
Mpox_B5R,Mpox_B5R_Var_21_2566843131,KTISVVTLL,0.56,0,NON-TOXIC
Mpox_B5R,Mpox_B5R_Var_21_2566843131,KMCTVSDYV,0.44,1,NON-TOXIC
Mpox_B5R,Mpox_B5R_Var_21_2566843131,VLPAVVYST,0.67,0,NON-TOXIC
Mpox_B5R,Mpox_B5R_Var_22_2566843130,ILDTVNIYI,0.67,0,NON-TOXIC
Mpox_B5R,Mpox_B5R_Var_22_2566843130,FLSYILDTV,0.67,0,NON-TOXIC
Mpox_B5R,Mpox_B5R_Var_22_2566843130,IIFDAVESL,0.67,0,NON-TOXIC
Mpox_B5R,Mpox_B5R_Var_22_2566843130,ILLSKRPSL,0.44,0,NON-TOXIC
Mpox_B5R,Mpox_B5R_Var_22_2566843130,ILINHRFYI,0.67,0,NON-TOXIC
Mpox_B5R,Mpox_B5R_Var_22_2566843130,IMIPSMIAI,0.78,0,NON-TOXIC
Mpox_B5R,Mpox_B5R_Var_22_2566843130,SLHQYKWYI,0.56,0,NON-TOXIC
Mpox_B5R,Mpox_B5R_Var_22_2566843130,LLISKGANV,0.56,0,NON-TOXIC
Mpox_B5R,Mpox_B5R_Var_22_2566843130,SIYLFLHYI,0.78,0,NON-TOXIC
Mpox_B5R,Mpox_B5R_Var_22_2566843130,NIKEYVYQL,0.56,0,NON-TOXIC
Mpox_B5R,Mpox_B5R_Var_22_2566843130,EILDWSIYL,0.67,0,NON-TOXIC
Mpox_B5R,Mpox_B5R_Var_22_2566843130,IMIFFLDRV,0.78,0,NON-TOXIC
Mpox_B5R,Mpox_B5R_Var_22_2566843130,FIDAANTNI,0.56,0,NON-TOXIC
Mpox_B5R,Mpox_B5R_Var_22_2566843130,HLDNSIRLM,0.44,0,NON-TOXIC
Mpox_B5R,Mpox_B5R_Var_22_2566843130,ILDWSIYLF,0.78,0,NON-TOXIC
Mpox_B5R,Mpox_B5R_Var_22_2566843130,FFLDRVLNI,0.67,0,NON-TOXIC
Mpox_B5R,Mpox_B5R_Var_22_2566843130,GIIHGISLI,0.56,0,NON-TOXIC
Mpox_B5R,Mpox_B5R_Var_23_2566842952,TLLCVLPAV,0.67,1,NON-TOXIC
Mpox_B5R,Mpox_B5R_Var_23_2566842952,TVSDYVSEL,0.44,0,NON-TOXIC
Mpox_B5R,Mpox_B5R_Var_23_2566842952,IMALTIMGV,0.78,0,NON-TOXIC
Mpox_B5R,Mpox_B5R_Var_23_2566842952,TIMGVIFLI,0.78,0,NON-TOXIC
Mpox_B5R,Mpox_B5R_Var_23_2566842952,FSIGGVIHL,0.56,0,NON-TOXIC
Mpox_B5R,Mpox_B5R_Var_23_2566842952,KTISVVTLL,0.56,0,NON-TOXIC
Mpox_B5R,Mpox_B5R_Var_23_2566842952,KMCTVSDYV,0.44,1,NON-TOXIC
Mpox_B5R,Mpox_B5R_Var_23_2566842952,VLPAVVYST,0.67,0,NON-TOXIC
Mpox_B5R,Mpox_B5R_Var_24_2566842951,ILDTVNIYI,0.67,0,NON-TOXIC
Mpox_B5R,Mpox_B5R_Var_24_2566842951,FLSYILDTV,0.67,0,NON-TOXIC
Mpox_B5R,Mpox_B5R_Var_24_2566842951,IIFDAVESL,0.67,0,NON-TOXIC
Mpox_B5R,Mpox_B5R_Var_24_2566842951,ILLSKRPSL,0.44,0,NON-TOXIC
Mpox_B5R,Mpox_B5R_Var_24_2566842951,ILINHRFYI,0.67,0,NON-TOXIC
Mpox_B5R,Mpox_B5R_Var_24_2566842951,IMIPSMIAI,0.78,0,NON-TOXIC
Mpox_B5R,Mpox_B5R_Var_24_2566842951,SLHQYKWYI,0.56,0,NON-TOXIC
Mpox_B5R,Mpox_B5R_Var_24_2566842951,LLISKGANV,0.56,0,NON-TOXIC
Mpox_B5R,Mpox_B5R_Var_24_2566842951,SIYLFLHYI,0.78,0,NON-TOXIC
Mpox_B5R,Mpox_B5R_Var_24_2566842951,NIKEYVYQL,0.56,0,NON-TOXIC
Mpox_B5R,Mpox_B5R_Var_24_2566842951,EILDWSIYL,0.67,0,NON-TOXIC
Mpox_B5R,Mpox_B5R_Var_24_2566842951,IMIFFLDRV,0.78,0,NON-TOXIC
Mpox_B5R,Mpox_B5R_Var_24_2566842951,FIDAANTNI,0.56,0,NON-TOXIC
Mpox_B5R,Mpox_B5R_Var_24_2566842951,HLDNSIRLM,0.44,0,NON-TOXIC
Mpox_B5R,Mpox_B5R_Var_24_2566842951,ILDWSIYLF,0.78,0,NON-TOXIC
Mpox_B5R,Mpox_B5R_Var_24_2566842951,FFLDRVLNI,0.67,0,NON-TOXIC
Mpox_B5R,Mpox_B5R_Var_24_2566842951,GIIHGISLI,0.56,0,NON-TOXIC
Mpox_B5R,Mpox_B5R_Var_25_2566842773,TLLCVLPAV,0.67,1,NON-TOXIC
Mpox_B5R,Mpox_B5R_Var_25_2566842773,TVSDYVSEL,0.44,0,NON-TOXIC
Mpox_B5R,Mpox_B5R_Var_25_2566842773,IMALTIMGV,0.78,0,NON-TOXIC
Mpox_B5R,Mpox_B5R_Var_25_2566842773,TIMGVIFLI,0.78,0,NON-TOXIC
Mpox_B5R,Mpox_B5R_Var_25_2566842773,FSIGGVIHL,0.56,0,NON-TOXIC
Mpox_B5R,Mpox_B5R_Var_25_2566842773,KTISVVTLL,0.56,0,NON-TOXIC
Mpox_B5R,Mpox_B5R_Var_25_2566842773,KMCTVSDYV,0.44,1,NON-TOXIC
Mpox_B5R,Mpox_B5R_Var_25_2566842773,VLPAVVYST,0.67,0,NON-TOXIC
Mpox_B5R,Mpox_B5R_Var_26_2566842772,ILDTVNIYI,0.67,0,NON-TOXIC
Mpox_B5R,Mpox_B5R_Var_26_2566842772,FLSYILDTV,0.67,0,NON-TOXIC
Mpox_B5R,Mpox_B5R_Var_26_2566842772,IIFDAVESL,0.67,0,NON-TOXIC
Mpox_B5R,Mpox_B5R_Var_26_2566842772,ILLSKRPSL,0.44,0,NON-TOXIC
Mpox_B5R,Mpox_B5R_Var_26_2566842772,ILINHRFYI,0.67,0,NON-TOXIC
Mpox_B5R,Mpox_B5R_Var_26_2566842772,IMIPSMIAI,0.78,0,NON-TOXIC
Mpox_B5R,Mpox_B5R_Var_26_2566842772,SLHQYKWYI,0.56,0,NON-TOXIC
Mpox_B5R,Mpox_B5R_Var_26_2566842772,LLISKGANV,0.56,0,NON-TOXIC
Mpox_B5R,Mpox_B5R_Var_26_2566842772,SIYLFLHYI,0.78,0,NON-TOXIC
Mpox_B5R,Mpox_B5R_Var_26_2566842772,NIKEYVYQL,0.56,0,NON-TOXIC
Mpox_B5R,Mpox_B5R_Var_26_2566842772,EILDWSIYL,0.67,0,NON-TOXIC
Mpox_B5R,Mpox_B5R_Var_26_2566842772,IMIFFLDRV,0.78,0,NON-TOXIC
Mpox_B5R,Mpox_B5R_Var_26_2566842772,FIDAANTNI,0.56,0,NON-TOXIC
Mpox_B5R,Mpox_B5R_Var_26_2566842772,HLDNSIRLM,0.44,0,NON-TOXIC
Mpox_B5R,Mpox_B5R_Var_26_2566842772,ILDWSIYLF,0.78,0,NON-TOXIC
Mpox_B5R,Mpox_B5R_Var_26_2566842772,FFLDRVLNI,0.67,0,NON-TOXIC
Mpox_B5R,Mpox_B5R_Var_26_2566842772,GIIHGISLI,0.56,0,NON-TOXIC
Mpox_B5R,Mpox_B5R_Var_27_2566842594,TLLCVLPAV,0.67,1,NON-TOXIC
Mpox_B5R,Mpox_B5R_Var_27_2566842594,TVSDYVSEL,0.44,0,NON-TOXIC
Mpox_B5R,Mpox_B5R_Var_27_2566842594,IMALTIMGV,0.78,0,NON-TOXIC
Mpox_B5R,Mpox_B5R_Var_27_2566842594,TIMGVIFLI,0.78,0,NON-TOXIC
Mpox_B5R,Mpox_B5R_Var_27_2566842594,FSIGGVIHL,0.56,0,NON-TOXIC
Mpox_B5R,Mpox_B5R_Var_27_2566842594,KTISVVTLL,0.56,0,NON-TOXIC
Mpox_B5R,Mpox_B5R_Var_27_2566842594,KMCTVSDYV,0.44,1,NON-TOXIC
Mpox_B5R,Mpox_B5R_Var_27_2566842594,VLPAVVYST,0.67,0,NON-TOXIC
Mpox_B5R,Mpox_B5R_Var_28_2566842593,ILDTVNIYI,0.67,0,NON-TOXIC
Mpox_B5R,Mpox_B5R_Var_28_2566842593,FLSYILDTV,0.67,0,NON-TOXIC
Mpox_B5R,Mpox_B5R_Var_28_2566842593,IIFDAVESL,0.67,0,NON-TOXIC
Mpox_B5R,Mpox_B5R_Var_28_2566842593,ILLSKRPSL,0.44,0,NON-TOXIC
Mpox_B5R,Mpox_B5R_Var_28_2566842593,ILINHRFYI,0.67,0,NON-TOXIC
Mpox_B5R,Mpox_B5R_Var_28_2566842593,IMIPSMIAI,0.78,0,NON-TOXIC
Mpox_B5R,Mpox_B5R_Var_28_2566842593,SLHQYKWYI,0.56,0,NON-TOXIC
Mpox_B5R,Mpox_B5R_Var_28_2566842593,LLISKGANV,0.56,0,NON-TOXIC
Mpox_B5R,Mpox_B5R_Var_28_2566842593,SIYLFLHYI,0.78,0,NON-TOXIC
Mpox_B5R,Mpox_B5R_Var_28_2566842593,NIKEYVYQL,0.56,0,NON-TOXIC
Mpox_B5R,Mpox_B5R_Var_28_2566842593,EILDWSIYL,0.67,0,NON-TOXIC
Mpox_B5R,Mpox_B5R_Var_28_2566842593,IMIFFLDRV,0.78,0,NON-TOXIC
Mpox_B5R,Mpox_B5R_Var_28_2566842593,FIDAANTNI,0.56,0,NON-TOXIC
Mpox_B5R,Mpox_B5R_Var_28_2566842593,HLDNSIRLM,0.44,0,NON-TOXIC
Mpox_B5R,Mpox_B5R_Var_28_2566842593,ILDWSIYLF,0.78,0,NON-TOXIC
Mpox_B5R,Mpox_B5R_Var_28_2566842593,FFLDRVLNI,0.67,0,NON-TOXIC
Mpox_B5R,Mpox_B5R_Var_28_2566842593,GIIHGISLI,0.56,0,NON-TOXIC
Mpox_B5R,Mpox_B5R_Var_29_2566842415,TLLCVLPAV,0.67,1,NON-TOXIC
Mpox_B5R,Mpox_B5R_Var_29_2566842415,TVSDYVSEL,0.44,0,NON-TOXIC
Mpox_B5R,Mpox_B5R_Var_29_2566842415,IMALTIMGV,0.78,0,NON-TOXIC
Mpox_B5R,Mpox_B5R_Var_29_2566842415,TIMGVIFLI,0.78,0,NON-TOXIC
Mpox_B5R,Mpox_B5R_Var_29_2566842415,FSIGGVIHL,0.56,0,NON-TOXIC
Mpox_B5R,Mpox_B5R_Var_29_2566842415,KTISVVTLL,0.56,0,NON-TOXIC
Mpox_B5R,Mpox_B5R_Var_29_2566842415,KMCTVSDYV,0.44,1,NON-TOXIC
Mpox_B5R,Mpox_B5R_Var_29_2566842415,VLPAVVYST,0.67,0,NON-TOXIC
Mpox_B5R,Mpox_B5R_Var_30_2566842414,ILDTVNIYI,0.67,0,NON-TOXIC
Mpox_B5R,Mpox_B5R_Var_30_2566842414,FLSYILDTV,0.67,0,NON-TOXIC
Mpox_B5R,Mpox_B5R_Var_30_2566842414,IIFDAVESL,0.67,0,NON-TOXIC
Mpox_B5R,Mpox_B5R_Var_30_2566842414,ILLSKRPSL,0.44,0,NON-TOXIC
Mpox_B5R,Mpox_B5R_Var_30_2566842414,ILINHRFYI,0.67,0,NON-TOXIC
Mpox_B5R,Mpox_B5R_Var_30_2566842414,IMIPSMIAI,0.78,0,NON-TOXIC
Mpox_B5R,Mpox_B5R_Var_30_2566842414,SLHQYKWYI,0.56,0,NON-TOXIC
Mpox_B5R,Mpox_B5R_Var_30_2566842414,LLISKGANV,0.56,0,NON-TOXIC
Mpox_B5R,Mpox_B5R_Var_30_2566842414,SIYLFLHYI,0.78,0,NON-TOXIC
Mpox_B5R,Mpox_B5R_Var_30_2566842414,NIKEYVYQL,0.56,0,NON-TOXIC
Mpox_B5R,Mpox_B5R_Var_30_2566842414,EILDWSIYL,0.67,0,NON-TOXIC
Mpox_B5R,Mpox_B5R_Var_30_2566842414,IMIFFLDRV,0.78,0,NON-TOXIC
Mpox_B5R,Mpox_B5R_Var_30_2566842414,FIDAANTNI,0.56,0,NON-TOXIC
Mpox_B5R,Mpox_B5R_Var_30_2566842414,HLDNSIRLM,0.44,0,NON-TOXIC
Mpox_B5R,Mpox_B5R_Var_30_2566842414,ILDWSIYLF,0.78,0,NON-TOXIC
Mpox_B5R,Mpox_B5R_Var_30_2566842414,FFLDRVLNI,0.67,0,NON-TOXIC
Mpox_B5R,Mpox_B5R_Var_30_2566842414,GIIHGISLI,0.56,0,NON-TOXIC
Mpox_L1R,Mpox_L1R_Var_01_3254710729,ALMQLTTKA,0.56,0,NON-TOXIC
Mpox_L1R,Mpox_L1R_Var_01_3254710729,AQLDAVLSA,0.67,0,NON-TOXIC
Mpox_L1R,Mpox_L1R_Var_01_3254710729,AMFTAALNI,0.78,0,NON-TOXIC
Mpox_L1R,Mpox_L1R_Var_01_3254710729,AAASIQTTV,0.56,0,NON-TOXIC
Mpox_L1R,Mpox_L1R_Var_01_3254710729,SIQTTVNTL,0.33,0,NON-TOXIC
Mpox_L1R,Mpox_L1R_Var_01_3254710729,AALNIQTSV,0.56,0,NON-TOXIC
Mpox_L1R,Mpox_L1R_Var_02_3254710688,FIDSYLQKL,0.56,0,NON-TOXIC
Mpox_L1R,Mpox_L1R_Var_02_3254710688,LMVESFIEV,0.67,0,NON-TOXIC
Mpox_L1R,Mpox_L1R_Var_02_3254710688,GLQTIVKSL,0.44,0,NON-TOXIC
Mpox_L1R,Mpox_L1R_Var_02_3254710688,AQHSIPTNV,0.33,0,NON-TOXIC
Mpox_L1R,Mpox_L1R_Var_02_3254710688,DLDDVPSVV,0.44,0,NON-TOXIC
Mpox_L1R,Mpox_L1R_Var_03_3254710546,ALMQLTTKA,0.56,0,NON-TOXIC
Mpox_L1R,Mpox_L1R_Var_03_3254710546,AQLDAVLSA,0.67,0,NON-TOXIC
Mpox_L1R,Mpox_L1R_Var_03_3254710546,AMFTAALNI,0.78,0,NON-TOXIC
Mpox_L1R,Mpox_L1R_Var_03_3254710546,AAASIQTTV,0.56,0,NON-TOXIC
Mpox_L1R,Mpox_L1R_Var_03_3254710546,SIQTTVNTL,0.33,0,NON-TOXIC
Mpox_L1R,Mpox_L1R_Var_03_3254710546,AALNIQTSV,0.56,0,NON-TOXIC
Mpox_L1R,Mpox_L1R_Var_04_3254710505,FIDSYLQKL,0.56,0,NON-TOXIC
Mpox_L1R,Mpox_L1R_Var_04_3254710505,LMVESFIEV,0.67,0,NON-TOXIC
Mpox_L1R,Mpox_L1R_Var_04_3254710505,GLQTIVKSL,0.44,0,NON-TOXIC
Mpox_L1R,Mpox_L1R_Var_04_3254710505,AQHSIPTNV,0.33,0,NON-TOXIC
Mpox_L1R,Mpox_L1R_Var_04_3254710505,DLDDVPSVV,0.44,0,NON-TOXIC
Mpox_L1R,Mpox_L1R_Var_05_3254710365,ALMQLTTKA,0.56,0,NON-TOXIC
Mpox_L1R,Mpox_L1R_Var_05_3254710365,AQLDAVLSA,0.67,0,NON-TOXIC
Mpox_L1R,Mpox_L1R_Var_05_3254710365,AMFTAALNI,0.78,0,NON-TOXIC
Mpox_L1R,Mpox_L1R_Var_05_3254710365,AAASIQTTV,0.56,0,NON-TOXIC
Mpox_L1R,Mpox_L1R_Var_05_3254710365,SIQTTVNTL,0.33,0,NON-TOXIC
Mpox_L1R,Mpox_L1R_Var_05_3254710365,AALNIQTSV,0.56,0,NON-TOXIC
Mpox_L1R,Mpox_L1R_Var_06_3254710324,FIDSYLQKL,0.56,0,NON-TOXIC
Mpox_L1R,Mpox_L1R_Var_06_3254710324,LMVESFIEV,0.67,0,NON-TOXIC
Mpox_L1R,Mpox_L1R_Var_06_3254710324,GLQTIVKSL,0.44,0,NON-TOXIC
Mpox_L1R,Mpox_L1R_Var_06_3254710324,AQHSIPTNV,0.33,0,NON-TOXIC
Mpox_L1R,Mpox_L1R_Var_06_3254710324,DLDDVPSVV,0.44,0,NON-TOXIC
Mpox_L1R,Mpox_L1R_Var_07_3254710186,ALMQLTTKA,0.56,0,NON-TOXIC
Mpox_L1R,Mpox_L1R_Var_07_3254710186,AQLDAVLSA,0.67,0,NON-TOXIC
Mpox_L1R,Mpox_L1R_Var_07_3254710186,AMFTAALNI,0.78,0,NON-TOXIC
Mpox_L1R,Mpox_L1R_Var_07_3254710186,AAASIQTTV,0.56,0,NON-TOXIC
Mpox_L1R,Mpox_L1R_Var_07_3254710186,SIQTTVNTL,0.33,0,NON-TOXIC
Mpox_L1R,Mpox_L1R_Var_07_3254710186,AALNIQTSV,0.56,0,NON-TOXIC
Mpox_L1R,Mpox_L1R_Var_08_3254710145,FIDSYLQKL,0.56,0,NON-TOXIC
Mpox_L1R,Mpox_L1R_Var_08_3254710145,LMVESFIEV,0.67,0,NON-TOXIC
Mpox_L1R,Mpox_L1R_Var_08_3254710145,GLQTIVKSL,0.44,0,NON-TOXIC
Mpox_L1R,Mpox_L1R_Var_08_3254710145,AQHSIPTNV,0.33,0,NON-TOXIC
Mpox_L1R,Mpox_L1R_Var_08_3254710145,DLDDVPSVV,0.44,0,NON-TOXIC
Mpox_L1R,Mpox_L1R_Var_09_3254710007,ALMQLTTKA,0.56,0,NON-TOXIC
Mpox_L1R,Mpox_L1R_Var_09_3254710007,AQLDAVLSA,0.67,0,NON-TOXIC
Mpox_L1R,Mpox_L1R_Var_09_3254710007,AMFTAALNI,0.78,0,NON-TOXIC
Mpox_L1R,Mpox_L1R_Var_09_3254710007,AAASIQTTV,0.56,0,NON-TOXIC
Mpox_L1R,Mpox_L1R_Var_09_3254710007,SIQTTVNTL,0.33,0,NON-TOXIC
Mpox_L1R,Mpox_L1R_Var_09_3254710007,AALNIQTSV,0.56,0,NON-TOXIC
Mpox_L1R,Mpox_L1R_Var_10_3254709966,FIDSYLQKL,0.56,0,NON-TOXIC
Mpox_L1R,Mpox_L1R_Var_10_3254709966,LMVESFIEV,0.67,0,NON-TOXIC
Mpox_L1R,Mpox_L1R_Var_10_3254709966,GLQTIVKSL,0.44,0,NON-TOXIC
Mpox_L1R,Mpox_L1R_Var_10_3254709966,AQHSIPTNV,0.33,0,NON-TOXIC
Mpox_L1R,Mpox_L1R_Var_10_3254709966,DLDDVPSVV,0.44,0,NON-TOXIC
Mpox_L1R,Mpox_L1R_Var_11_3254709829,ALMQLTTKA,0.56,0,NON-TOXIC
Mpox_L1R,Mpox_L1R_Var_11_3254709829,AQLDAVLSA,0.67,0,NON-TOXIC
Mpox_L1R,Mpox_L1R_Var_11_3254709829,AMFTAALNI,0.78,0,NON-TOXIC
Mpox_L1R,Mpox_L1R_Var_11_3254709829,AAASIQTTV,0.56,0,NON-TOXIC
Mpox_L1R,Mpox_L1R_Var_11_3254709829,SIQTTVNTL,0.33,0,NON-TOXIC
Mpox_L1R,Mpox_L1R_Var_11_3254709829,AALNIQTSV,0.56,0,NON-TOXIC
Mpox_L1R,Mpox_L1R_Var_12_3254709788,FIDSYLQKL,0.56,0,NON-TOXIC
Mpox_L1R,Mpox_L1R_Var_12_3254709788,LMVESFIEV,0.67,0,NON-TOXIC
Mpox_L1R,Mpox_L1R_Var_12_3254709788,GLQTIVKSL,0.44,0,NON-TOXIC
Mpox_L1R,Mpox_L1R_Var_12_3254709788,AQHSIPTNV,0.33,0,NON-TOXIC
Mpox_L1R,Mpox_L1R_Var_12_3254709788,DLDDVPSVV,0.44,0,NON-TOXIC
Mpox_L1R,Mpox_L1R_Var_13_3254709649,ALMQLTTKA,0.56,0,NON-TOXIC
Mpox_L1R,Mpox_L1R_Var_13_3254709649,AQLDAVLSA,0.67,0,NON-TOXIC
Mpox_L1R,Mpox_L1R_Var_13_3254709649,AMFTAALNI,0.78,0,NON-TOXIC
Mpox_L1R,Mpox_L1R_Var_13_3254709649,AAASIQTTV,0.56,0,NON-TOXIC
Mpox_L1R,Mpox_L1R_Var_13_3254709649,SIQTTVNTL,0.33,0,NON-TOXIC
Mpox_L1R,Mpox_L1R_Var_13_3254709649,AALNIQTSV,0.56,0,NON-TOXIC
Mpox_L1R,Mpox_L1R_Var_14_3254709608,FIDSYLQKL,0.56,0,NON-TOXIC
Mpox_L1R,Mpox_L1R_Var_14_3254709608,LMVESFIEV,0.67,0,NON-TOXIC
Mpox_L1R,Mpox_L1R_Var_14_3254709608,GLQTIVKSL,0.44,0,NON-TOXIC
Mpox_L1R,Mpox_L1R_Var_14_3254709608,AQHSIPTNV,0.33,0,NON-TOXIC
Mpox_L1R,Mpox_L1R_Var_14_3254709608,DLDDVPSVV,0.44,0,NON-TOXIC
Mpox_L1R,Mpox_L1R_Var_15_3254709469,ALMQLTTKA,0.56,0,NON-TOXIC
Mpox_L1R,Mpox_L1R_Var_15_3254709469,AQLDAVLSA,0.67,0,NON-TOXIC
Mpox_L1R,Mpox_L1R_Var_15_3254709469,AMFTAALNI,0.78,0,NON-TOXIC
Mpox_L1R,Mpox_L1R_Var_15_3254709469,AAASIQTTV,0.56,0,NON-TOXIC
Mpox_L1R,Mpox_L1R_Var_15_3254709469,SIQTTVNTL,0.33,0,NON-TOXIC
Mpox_L1R,Mpox_L1R_Var_15_3254709469,AALNIQTSV,0.56,0,NON-TOXIC
Mpox_L1R,Mpox_L1R_Var_16_3254709428,FIDSYLQKL,0.56,0,NON-TOXIC
Mpox_L1R,Mpox_L1R_Var_16_3254709428,LMVESFIEV,0.67,0,NON-TOXIC
Mpox_L1R,Mpox_L1R_Var_16_3254709428,GLQTIVKSL,0.44,0,NON-TOXIC
Mpox_L1R,Mpox_L1R_Var_16_3254709428,AQHSIPTNV,0.33,0,NON-TOXIC
Mpox_L1R,Mpox_L1R_Var_16_3254709428,DLDDVPSVV,0.44,0,NON-TOXIC
Mpox_L1R,Mpox_L1R_Var_17_3254709290,ALMQLTTKA,0.56,0,NON-TOXIC
Mpox_L1R,Mpox_L1R_Var_17_3254709290,AQLDAVLSA,0.67,0,NON-TOXIC
Mpox_L1R,Mpox_L1R_Var_17_3254709290,AMFTAALNI,0.78,0,NON-TOXIC
Mpox_L1R,Mpox_L1R_Var_17_3254709290,AAASIQTTV,0.56,0,NON-TOXIC
Mpox_L1R,Mpox_L1R_Var_17_3254709290,SIQTTVNTL,0.33,0,NON-TOXIC
Mpox_L1R,Mpox_L1R_Var_17_3254709290,AALNIQTSV,0.56,0,NON-TOXIC
Mpox_L1R,Mpox_L1R_Var_18_3254709249,FIDSYLQKL,0.56,0,NON-TOXIC
Mpox_L1R,Mpox_L1R_Var_18_3254709249,LMVESFIEV,0.67,0,NON-TOXIC
Mpox_L1R,Mpox_L1R_Var_18_3254709249,GLQTIVKSL,0.44,0,NON-TOXIC
Mpox_L1R,Mpox_L1R_Var_18_3254709249,AQHSIPTNV,0.33,0,NON-TOXIC
Mpox_L1R,Mpox_L1R_Var_18_3254709249,DLDDVPSVV,0.44,0,NON-TOXIC
Mpox_L1R,Mpox_L1R_Var_19_3062938959,ALMQLTTKA,0.56,0,NON-TOXIC
Mpox_L1R,Mpox_L1R_Var_19_3062938959,AQLDAVLSA,0.67,0,NON-TOXIC
Mpox_L1R,Mpox_L1R_Var_19_3062938959,AMFTAALNI,0.78,0,NON-TOXIC
Mpox_L1R,Mpox_L1R_Var_19_3062938959,AAASIQTTV,0.56,0,NON-TOXIC
Mpox_L1R,Mpox_L1R_Var_19_3062938959,SIQTTVNTL,0.33,0,NON-TOXIC
Mpox_L1R,Mpox_L1R_Var_19_3062938959,AALNIQTSV,0.56,0,NON-TOXIC
Mpox_L1R,Mpox_L1R_Var_20_3062938918,FIDSYLQKL,0.56,0,NON-TOXIC
Mpox_L1R,Mpox_L1R_Var_20_3062938918,LMVESFIEV,0.67,0,NON-TOXIC
Mpox_L1R,Mpox_L1R_Var_20_3062938918,GLQTIVKSL,0.44,0,NON-TOXIC
Mpox_L1R,Mpox_L1R_Var_20_3062938918,AQHSIPTNV,0.33,0,NON-TOXIC
Mpox_L1R,Mpox_L1R_Var_20_3062938918,DLDDVPSVV,0.44,0,NON-TOXIC
Mpox_L1R,Mpox_L1R_Var_21_3062938780,ALMQLTTKA,0.56,0,NON-TOXIC
Mpox_L1R,Mpox_L1R_Var_21_3062938780,AQLDAVLSA,0.67,0,NON-TOXIC
Mpox_L1R,Mpox_L1R_Var_21_3062938780,AMFTAALNI,0.78,0,NON-TOXIC
Mpox_L1R,Mpox_L1R_Var_21_3062938780,AAASIQTTV,0.56,0,NON-TOXIC
Mpox_L1R,Mpox_L1R_Var_21_3062938780,SIQTTVNTL,0.33,0,NON-TOXIC
Mpox_L1R,Mpox_L1R_Var_21_3062938780,AALNIQTSV,0.56,0,NON-TOXIC
Mpox_L1R,Mpox_L1R_Var_22_3062938739,FIDSYLQKL,0.56,0,NON-TOXIC
Mpox_L1R,Mpox_L1R_Var_22_3062938739,LMVESFIEV,0.67,0,NON-TOXIC
Mpox_L1R,Mpox_L1R_Var_22_3062938739,GLQTIVKSL,0.44,0,NON-TOXIC
Mpox_L1R,Mpox_L1R_Var_22_3062938739,AQHSIPTNV,0.33,0,NON-TOXIC
Mpox_L1R,Mpox_L1R_Var_22_3062938739,DLDDVPSVV,0.44,0,NON-TOXIC
Mpox_L1R,Mpox_L1R_Var_23_3062938601,ALMQLTTKA,0.56,0,NON-TOXIC
Mpox_L1R,Mpox_L1R_Var_23_3062938601,AQLDAVLSA,0.67,0,NON-TOXIC
Mpox_L1R,Mpox_L1R_Var_23_3062938601,AMFTAALNI,0.78,0,NON-TOXIC
Mpox_L1R,Mpox_L1R_Var_23_3062938601,AAASIQTTV,0.56,0,NON-TOXIC
Mpox_L1R,Mpox_L1R_Var_23_3062938601,SIQTTVNTL,0.33,0,NON-TOXIC
Mpox_L1R,Mpox_L1R_Var_23_3062938601,AALNIQTSV,0.56,0,NON-TOXIC
Mpox_L1R,Mpox_L1R_Var_24_3062938560,FIDSYLQKL,0.56,0,NON-TOXIC
Mpox_L1R,Mpox_L1R_Var_24_3062938560,LMVESFIEV,0.67,0,NON-TOXIC
Mpox_L1R,Mpox_L1R_Var_24_3062938560,GLQTIVKSL,0.44,0,NON-TOXIC
Mpox_L1R,Mpox_L1R_Var_24_3062938560,AQHSIPTNV,0.33,0,NON-TOXIC
Mpox_L1R,Mpox_L1R_Var_24_3062938560,DLDDVPSVV,0.44,0,NON-TOXIC
Mpox_L1R,Mpox_L1R_Var_25_3250750106,ALMQLTTKA,0.56,0,NON-TOXIC
Mpox_L1R,Mpox_L1R_Var_25_3250750106,AQLDAVLSA,0.67,0,NON-TOXIC
Mpox_L1R,Mpox_L1R_Var_25_3250750106,AMFTAALNI,0.78,0,NON-TOXIC
Mpox_L1R,Mpox_L1R_Var_25_3250750106,AAASIQTTV,0.56,0,NON-TOXIC
Mpox_L1R,Mpox_L1R_Var_25_3250750106,SIQTTVNTL,0.33,0,NON-TOXIC
Mpox_L1R,Mpox_L1R_Var_25_3250750106,AALNIQTSV,0.56,0,NON-TOXIC
Mpox_L1R,Mpox_L1R_Var_26_3250750065,FIDSYLQKL,0.56,0,NON-TOXIC
Mpox_L1R,Mpox_L1R_Var_26_3250750065,LMVESFIEV,0.67,0,NON-TOXIC
Mpox_L1R,Mpox_L1R_Var_26_3250750065,GLQTIVKSL,0.44,0,NON-TOXIC
Mpox_L1R,Mpox_L1R_Var_26_3250750065,AQHSIPTNV,0.33,0,NON-TOXIC
Mpox_L1R,Mpox_L1R_Var_26_3250750065,DLDDVPSVV,0.44,0,NON-TOXIC
Mpox_L1R,Mpox_L1R_Var_27_3250749929,ALMQLTTKA,0.56,0,NON-TOXIC
Mpox_L1R,Mpox_L1R_Var_27_3250749929,AQLDAVLSA,0.67,0,NON-TOXIC
Mpox_L1R,Mpox_L1R_Var_27_3250749929,AMFTAALNI,0.78,0,NON-TOXIC
Mpox_L1R,Mpox_L1R_Var_27_3250749929,AAASIQTTV,0.56,0,NON-TOXIC
Mpox_L1R,Mpox_L1R_Var_27_3250749929,SIQTTVNTL,0.33,0,NON-TOXIC
Mpox_L1R,Mpox_L1R_Var_27_3250749929,AALNIQTSV,0.56,0,NON-TOXIC
Mpox_L1R,Mpox_L1R_Var_28_3250749888,FIDSYLQKL,0.56,0,NON-TOXIC
Mpox_L1R,Mpox_L1R_Var_28_3250749888,LMVESFIEV,0.67,0,NON-TOXIC
Mpox_L1R,Mpox_L1R_Var_28_3250749888,GLQTIVKSL,0.44,0,NON-TOXIC
Mpox_L1R,Mpox_L1R_Var_28_3250749888,AQHSIPTNV,0.33,0,NON-TOXIC
Mpox_L1R,Mpox_L1R_Var_28_3250749888,DLDDVPSVV,0.44,0,NON-TOXIC
Mpox_L1R,Mpox_L1R_Var_29_3250749750,ALMQLTTKA,0.56,0,NON-TOXIC
Mpox_L1R,Mpox_L1R_Var_29_3250749750,AQLDAVLSA,0.67,0,NON-TOXIC
Mpox_L1R,Mpox_L1R_Var_29_3250749750,AMFTAALNI,0.78,0,NON-TOXIC
Mpox_L1R,Mpox_L1R_Var_29_3250749750,AAASIQTTV,0.56,0,NON-TOXIC
Mpox_L1R,Mpox_L1R_Var_29_3250749750,SIQTTVNTL,0.33,0,NON-TOXIC
Mpox_L1R,Mpox_L1R_Var_29_3250749750,AALNIQTSV,0.56,0,NON-TOXIC
Mpox_L1R,Mpox_L1R_Var_30_3250749709,FIDSYLQKL,0.56,0,NON-TOXIC
Mpox_L1R,Mpox_L1R_Var_30_3250749709,LMVESFIEV,0.67,0,NON-TOXIC
Mpox_L1R,Mpox_L1R_Var_30_3250749709,GLQTIVKSL,0.44,0,NON-TOXIC
Mpox_L1R,Mpox_L1R_Var_30_3250749709,AQHSIPTNV,0.33,0,NON-TOXIC
Mpox_L1R,Mpox_L1R_Var_30_3250749709,DLDDVPSVV,0.44,0,NON-TOXIC
