Target,Variant,Type,Peptide,Rank,Conservancy,Hit_Ratio
HIV_gp120,HIV_gp120_Var_04_75593314,MHC-I,FLGAAGSTM,0.88,53.33,16/30
HIV_gp120,HIV_gp120_Var_05_75593171,MHC-I,FLGAAGSTM,0.88,53.33,16/30
HIV_gp120,HIV_gp120_Var_06_75574218,MHC-I,FLGAAGSTM,0.88,53.33,16/30
HIV_gp120,HIV_gp120_Var_07_75573763,MHC-I,FLGAAGSTM,0.88,53.33,16/30
HIV_gp120,HIV_gp120_Var_08_75573552,MHC-I,FLGAAGSTM,0.88,53.33,16/30
HIV_gp120,HIV_gp120_Var_09_3023715,MHC-I,FLGAAGSTM,0.88,53.33,16/30
HIV_gp120,HIV_gp120_Var_11_114149294,MHC-I,FLGAAGSTM,0.88,53.33,16/30
HIV_gp120,HIV_gp120_Var_12_114149293,MHC-I,FLGAAGSTM,0.88,53.33,16/30
HIV_gp120,HIV_gp120_Var_14_399437,MHC-I,FLGAAGSTM,0.88,53.33,16/30
HIV_gp120,HIV_gp120_Var_15_399436,MHC-I,FLGAAGSTM,0.88,53.33,16/30
HIV_gp120,HIV_gp120_Var_23_119450,MHC-I,FLGAAGSTM,0.88,53.33,16/30
HIV_gp120,HIV_gp120_Var_24_119446,MHC-I,FLGAAGSTM,0.88,53.33,16/30
HIV_gp120,HIV_gp120_Var_25_119442,MHC-I,FLGAAGSTM,0.88,53.33,16/30
HIV_gp120,HIV_gp120_Var_26_119438,MHC-I,FLGAAGSTM,0.88,53.33,16/30
HIV_gp120,HIV_gp120_Var_27_119437,MHC-I,FLGAAGSTM,0.88,53.33,16/30
HIV_gp120,HIV_gp120_Var_28_119435,MHC-I,FLGAAGSTM,0.88,53.33,16/30
HIV_gp41,HIV_gp41_Var_04_75593314,MHC-I,FLGAAGSTM,0.88,53.33,16/30
HIV_gp41,HIV_gp41_Var_05_75593171,MHC-I,FLGAAGSTM,0.88,53.33,16/30
HIV_gp41,HIV_gp41_Var_06_75574218,MHC-I,FLGAAGSTM,0.88,53.33,16/30
HIV_gp41,HIV_gp41_Var_07_75573763,MHC-I,FLGAAGSTM,0.88,53.33,16/30
HIV_gp41,HIV_gp41_Var_08_75573552,MHC-I,FLGAAGSTM,0.88,53.33,16/30
HIV_gp41,HIV_gp41_Var_09_3023715,MHC-I,FLGAAGSTM,0.88,53.33,16/30
HIV_gp41,HIV_gp41_Var_11_114149294,MHC-I,FLGAAGSTM,0.88,53.33,16/30
HIV_gp41,HIV_gp41_Var_12_114149293,MHC-I,FLGAAGSTM,0.88,53.33,16/30
HIV_gp41,HIV_gp41_Var_14_399437,MHC-I,FLGAAGSTM,0.88,53.33,16/30
HIV_gp41,HIV_gp41_Var_15_399436,MHC-I,FLGAAGSTM,0.88,53.33,16/30
HIV_gp41,HIV_gp41_Var_23_119450,MHC-I,FLGAAGSTM,0.88,53.33,16/30
HIV_gp41,HIV_gp41_Var_24_119446,MHC-I,FLGAAGSTM,0.88,53.33,16/30
HIV_gp41,HIV_gp41_Var_25_119442,MHC-I,FLGAAGSTM,0.88,53.33,16/30
HIV_gp41,HIV_gp41_Var_26_119438,MHC-I,FLGAAGSTM,0.88,53.33,16/30
HIV_gp41,HIV_gp41_Var_27_119437,MHC-I,FLGAAGSTM,0.88,53.33,16/30
HIV_gp41,HIV_gp41_Var_28_119435,MHC-I,FLGAAGSTM,0.88,53.33,16/30
HIV_p17,HIV_p17_Var_01_115502561,MHC-I,VLAEAMSQV,0.02,60.0,18/30
HIV_p17,HIV_p17_Var_01_115502561,MHC-I,ELHPDKWTV,0.43,50.0,15/30
HIV_p17,HIV_p17_Var_01_115502561,MHC-I,LLWKGEGAV,0.44,50.0,15/30
HIV_p17,HIV_p17_Var_01_115502561,MHC-I,ATLEEMMTA,0.49,53.33,16/30
HIV_p17,HIV_p17_Var_01_115502561,MHC-I,TLNAWVKVV,0.63,60.0,18/30
HIV_p17,HIV_p17_Var_01_115502561,MHC-I,YVDRFYKTL,0.75,66.67,20/30
HIV_p17,HIV_p17_Var_01_115502561,MHC-I,VLDVGDAYF,0.92,50.0,15/30
HIV_p17,HIV_p17_Var_02_110815947,MHC-I,ELHPDKWTV,0.43,50.0,15/30
HIV_p17,HIV_p17_Var_02_110815947,MHC-I,LLWKGEGAV,0.44,50.0,15/30
HIV_p17,HIV_p17_Var_02_110815947,MHC-I,TLNAWVKVV,0.63,60.0,18/30
HIV_p17,HIV_p17_Var_02_110815947,MHC-I,VLDVGDAYF,0.92,50.0,15/30
HIV_p17,HIV_p17_Var_03_110815944,MHC-I,ELHPDKWTV,0.43,50.0,15/30
HIV_p17,HIV_p17_Var_03_110815944,MHC-I,LLWKGEGAV,0.44,50.0,15/30
HIV_p17,HIV_p17_Var_03_110815944,MHC-I,YVDRFYKTL,0.75,66.67,20/30
HIV_p17,HIV_p17_Var_03_110815944,MHC-I,VLDVGDAYF,0.92,50.0,15/30
HIV_p17,HIV_p17_Var_04_110815941,MHC-I,VLAEAMSQV,0.02,60.0,18/30
HIV_p17,HIV_p17_Var_04_110815941,MHC-I,ELHPDKWTV,0.43,50.0,15/30
HIV_p17,HIV_p17_Var_04_110815941,MHC-I,LLWKGEGAV,0.44,50.0,15/30
HIV_p17,HIV_p17_Var_04_110815941,MHC-I,TLNAWVKVV,0.63,60.0,18/30
HIV_p17,HIV_p17_Var_04_110815941,MHC-I,VLDVGDAYF,0.92,50.0,15/30
HIV_p17,HIV_p17_Var_05_110815940,MHC-I,ELHPDKWTV,0.43,50.0,15/30
HIV_p17,HIV_p17_Var_05_110815940,MHC-I,LLWKGEGAV,0.44,50.0,15/30
HIV_p17,HIV_p17_Var_05_110815940,MHC-I,YVDRFYKTL,0.75,66.67,20/30
HIV_p17,HIV_p17_Var_05_110815940,MHC-I,VLDVGDAYF,0.92,50.0,15/30
HIV_p17,HIV_p17_Var_06_82281206,MHC-I,VLAEAMSQV,0.02,60.0,18/30
HIV_p17,HIV_p17_Var_06_82281206,MHC-I,ELHPDKWTV,0.43,50.0,15/30
HIV_p17,HIV_p17_Var_06_82281206,MHC-I,LLWKGEGAV,0.44,50.0,15/30
HIV_p17,HIV_p17_Var_06_82281206,MHC-I,TLNAWVKVV,0.63,60.0,18/30
HIV_p17,HIV_p17_Var_06_82281206,MHC-I,VLDVGDAYF,0.92,50.0,15/30
HIV_p17,HIV_p17_Var_07_82280741,MHC-I,VLAEAMSQV,0.02,60.0,18/30
HIV_p17,HIV_p17_Var_07_82280741,MHC-I,ELHPDKWTV,0.43,50.0,15/30
HIV_p17,HIV_p17_Var_07_82280741,MHC-I,LLWKGEGAV,0.44,50.0,15/30
HIV_p17,HIV_p17_Var_07_82280741,MHC-I,ATLEEMMTA,0.49,53.33,16/30
HIV_p17,HIV_p17_Var_07_82280741,MHC-I,YVDRFYKTL,0.75,66.67,20/30
HIV_p17,HIV_p17_Var_07_82280741,MHC-I,VLDVGDAYF,0.92,50.0,15/30
HIV_p17,HIV_p17_Var_08_82280442,MHC-I,ELHPDKWTV,0.43,50.0,15/30
HIV_p17,HIV_p17_Var_08_82280442,MHC-I,LLWKGEGAV,0.44,50.0,15/30
HIV_p17,HIV_p17_Var_08_82280442,MHC-I,ATLEEMMTA,0.49,53.33,16/30
HIV_p17,HIV_p17_Var_08_82280442,MHC-I,VLDVGDAYF,0.92,50.0,15/30
HIV_p17,HIV_p17_Var_09_75646898,MHC-I,YVDRFYKTL,0.75,66.67,20/30
HIV_p17,HIV_p17_Var_10_75644695,MHC-I,YVDRFYKTL,0.75,66.67,20/30
HIV_p17,HIV_p17_Var_11_75643500,MHC-I,VLAEAMSQV,0.02,60.0,18/30
HIV_p17,HIV_p17_Var_11_75643500,MHC-I,TLNAWVKVV,0.63,60.0,18/30
HIV_p17,HIV_p17_Var_12_75642719,MHC-I,VLAEAMSQV,0.02,60.0,18/30
HIV_p17,HIV_p17_Var_12_75642719,MHC-I,ATLEEMMTA,0.49,53.33,16/30
HIV_p17,HIV_p17_Var_12_75642719,MHC-I,TLNAWVKVV,0.63,60.0,18/30
HIV_p17,HIV_p17_Var_12_75642719,MHC-I,YVDRFYKTL,0.75,66.67,20/30
HIV_p17,HIV_p17_Var_13_75627851,MHC-I,VLAEAMSQV,0.02,60.0,18/30
HIV_p17,HIV_p17_Var_13_75627851,MHC-I,TLNAWVKVV,0.63,60.0,18/30
HIV_p17,HIV_p17_Var_14_75627485,MHC-I,VLAEAMSQV,0.02,60.0,18/30
HIV_p17,HIV_p17_Var_14_75627485,MHC-I,ATLEEMMTA,0.49,53.33,16/30
HIV_p17,HIV_p17_Var_14_75627485,MHC-I,YVDRFYKTL,0.75,66.67,20/30
HIV_p17,HIV_p17_Var_15_75627146,MHC-I,TLNAWVKVV,0.63,60.0,18/30
HIV_p17,HIV_p17_Var_16_75627073,MHC-I,ATLEEMMTA,0.49,53.33,16/30
HIV_p17,HIV_p17_Var_17_3023824,MHC-I,VLAEAMSQV,0.02,60.0,18/30
HIV_p17,HIV_p17_Var_17_3023824,MHC-I,ATLEEMMTA,0.49,53.33,16/30
HIV_p17,HIV_p17_Var_17_3023824,MHC-I,TLNAWVKVV,0.63,60.0,18/30
HIV_p17,HIV_p17_Var_17_3023824,MHC-I,YVDRFYKTL,0.75,66.67,20/30
HIV_p17,HIV_p17_Var_18_158931165,MHC-I,ELHPDKWTV,0.43,50.0,15/30
HIV_p17,HIV_p17_Var_18_158931165,MHC-I,LLWKGEGAV,0.44,50.0,15/30
HIV_p17,HIV_p17_Var_18_158931165,MHC-I,TLNAWVKVV,0.63,60.0,18/30
HIV_p17,HIV_p17_Var_18_158931165,MHC-I,YVDRFYKTL,0.75,66.67,20/30
HIV_p17,HIV_p17_Var_18_158931165,MHC-I,VLDVGDAYF,0.92,50.0,15/30
HIV_p17,HIV_p17_Var_19_114152122,MHC-I,ELHPDKWTV,0.43,50.0,15/30
HIV_p17,HIV_p17_Var_19_114152122,MHC-I,LLWKGEGAV,0.44,50.0,15/30
HIV_p17,HIV_p17_Var_19_114152122,MHC-I,TLNAWVKVV,0.63,60.0,18/30
HIV_p17,HIV_p17_Var_19_114152122,MHC-I,YVDRFYKTL,0.75,66.67,20/30
HIV_p17,HIV_p17_Var_19_114152122,MHC-I,VLDVGDAYF,0.92,50.0,15/30
HIV_p17,HIV_p17_Var_20_114149305,MHC-I,TLNAWVKVV,0.63,60.0,18/30
HIV_p17,HIV_p17_Var_20_114149305,MHC-I,YVDRFYKTL,0.75,66.67,20/30
HIV_p17,HIV_p17_Var_21_114149304,MHC-I,TLNAWVKVV,0.63,60.0,18/30
HIV_p17,HIV_p17_Var_21_114149304,MHC-I,YVDRFYKTL,0.75,66.67,20/30
HIV_p17,HIV_p17_Var_22_77416891,MHC-I,VLAEAMSQV,0.02,60.0,18/30
HIV_p17,HIV_p17_Var_22_77416891,MHC-I,ELHPDKWTV,0.43,50.0,15/30
HIV_p17,HIV_p17_Var_22_77416891,MHC-I,LLWKGEGAV,0.44,50.0,15/30
HIV_p17,HIV_p17_Var_22_77416891,MHC-I,ATLEEMMTA,0.49,53.33,16/30
HIV_p17,HIV_p17_Var_22_77416891,MHC-I,TLNAWVKVV,0.63,60.0,18/30
HIV_p17,HIV_p17_Var_22_77416891,MHC-I,VLDVGDAYF,0.92,50.0,15/30
HIV_p17,HIV_p17_Var_23_77416888,MHC-I,VLAEAMSQV,0.02,60.0,18/30
HIV_p17,HIV_p17_Var_23_77416888,MHC-I,ELHPDKWTV,0.43,50.0,15/30
HIV_p17,HIV_p17_Var_23_77416888,MHC-I,LLWKGEGAV,0.44,50.0,15/30
HIV_p17,HIV_p17_Var_23_77416888,MHC-I,ATLEEMMTA,0.49,53.33,16/30
HIV_p17,HIV_p17_Var_23_77416888,MHC-I,TLNAWVKVV,0.63,60.0,18/30
HIV_p17,HIV_p17_Var_23_77416888,MHC-I,YVDRFYKTL,0.75,66.67,20/30
HIV_p17,HIV_p17_Var_23_77416888,MHC-I,VLDVGDAYF,0.92,50.0,15/30
HIV_p17,HIV_p17_Var_24_77416887,MHC-I,VLAEAMSQV,0.02,60.0,18/30
HIV_p17,HIV_p17_Var_24_77416887,MHC-I,ELHPDKWTV,0.43,50.0,15/30
HIV_p17,HIV_p17_Var_24_77416887,MHC-I,LLWKGEGAV,0.44,50.0,15/30
HIV_p17,HIV_p17_Var_24_77416887,MHC-I,ATLEEMMTA,0.49,53.33,16/30
HIV_p17,HIV_p17_Var_24_77416887,MHC-I,YVDRFYKTL,0.75,66.67,20/30
HIV_p17,HIV_p17_Var_24_77416887,MHC-I,VLDVGDAYF,0.92,50.0,15/30
HIV_p17,HIV_p17_Var_25_77416883,MHC-I,VLAEAMSQV,0.02,60.0,18/30
HIV_p17,HIV_p17_Var_25_77416883,MHC-I,ELHPDKWTV,0.43,50.0,15/30
HIV_p17,HIV_p17_Var_25_77416883,MHC-I,LLWKGEGAV,0.44,50.0,15/30
HIV_p17,HIV_p17_Var_25_77416883,MHC-I,ATLEEMMTA,0.49,53.33,16/30
HIV_p17,HIV_p17_Var_25_77416883,MHC-I,YVDRFYKTL,0.75,66.67,20/30
HIV_p17,HIV_p17_Var_25_77416883,MHC-I,VLDVGDAYF,0.92,50.0,15/30
HIV_p17,HIV_p17_Var_26_120843,MHC-I,VLAEAMSQV,0.02,60.0,18/30
HIV_p17,HIV_p17_Var_26_120843,MHC-I,ATLEEMMTA,0.49,53.33,16/30
HIV_p17,HIV_p17_Var_26_120843,MHC-I,TLNAWVKVV,0.63,60.0,18/30
HIV_p17,HIV_p17_Var_27_120840,MHC-I,VLAEAMSQV,0.02,60.0,18/30
HIV_p17,HIV_p17_Var_27_120840,MHC-I,ATLEEMMTA,0.49,53.33,16/30
HIV_p17,HIV_p17_Var_27_120840,MHC-I,TLNAWVKVV,0.63,60.0,18/30
HIV_p17,HIV_p17_Var_27_120840,MHC-I,YVDRFYKTL,0.75,66.67,20/30
HIV_p17,HIV_p17_Var_28_120836,MHC-I,VLAEAMSQV,0.02,60.0,18/30
HIV_p17,HIV_p17_Var_28_120836,MHC-I,ATLEEMMTA,0.49,53.33,16/30
HIV_p17,HIV_p17_Var_28_120836,MHC-I,YVDRFYKTL,0.75,66.67,20/30
HIV_p17,HIV_p17_Var_29_120833,MHC-I,VLAEAMSQV,0.02,60.0,18/30
HIV_p17,HIV_p17_Var_29_120833,MHC-I,ATLEEMMTA,0.49,53.33,16/30
HIV_p17,HIV_p17_Var_29_120833,MHC-I,YVDRFYKTL,0.75,66.67,20/30
HIV_p17,HIV_p17_Var_30_341942259,MHC-I,VLAEAMSQV,0.02,60.0,18/30
HIV_p17,HIV_p17_Var_30_341942259,MHC-I,ELHPDKWTV,0.43,50.0,15/30
HIV_p17,HIV_p17_Var_30_341942259,MHC-I,LLWKGEGAV,0.44,50.0,15/30
HIV_p17,HIV_p17_Var_30_341942259,MHC-I,ATLEEMMTA,0.49,53.33,16/30
HIV_p17,HIV_p17_Var_30_341942259,MHC-I,TLNAWVKVV,0.63,60.0,18/30
HIV_p17,HIV_p17_Var_30_341942259,MHC-I,YVDRFYKTL,0.75,66.67,20/30
HIV_p17,HIV_p17_Var_30_341942259,MHC-I,VLDVGDAYF,0.92,50.0,15/30
HIV_p24,HIV_p24_Var_02_115502561,MHC-I,VLAEAMSQV,0.02,56.67,17/30
HIV_p24,HIV_p24_Var_02_115502561,MHC-I,ATLEEMMTA,0.49,50.0,15/30
HIV_p24,HIV_p24_Var_02_115502561,MHC-I,TLNAWVKVV,0.63,56.67,17/30
HIV_p24,HIV_p24_Var_02_115502561,MHC-I,YVDRFYKTL,0.75,63.33,19/30
HIV_p24,HIV_p24_Var_03_110815947,MHC-I,TLNAWVKVV,0.63,56.67,17/30
HIV_p24,HIV_p24_Var_04_110815944,MHC-I,YVDRFYKTL,0.75,63.33,19/30
HIV_p24,HIV_p24_Var_05_110815941,MHC-I,VLAEAMSQV,0.02,56.67,17/30
HIV_p24,HIV_p24_Var_05_110815941,MHC-I,TLNAWVKVV,0.63,56.67,17/30
HIV_p24,HIV_p24_Var_06_110815940,MHC-I,YVDRFYKTL,0.75,63.33,19/30
HIV_p24,HIV_p24_Var_07_82281206,MHC-I,VLAEAMSQV,0.02,56.67,17/30
HIV_p24,HIV_p24_Var_07_82281206,MHC-I,TLNAWVKVV,0.63,56.67,17/30
HIV_p24,HIV_p24_Var_08_82280741,MHC-I,VLAEAMSQV,0.02,56.67,17/30
HIV_p24,HIV_p24_Var_08_82280741,MHC-I,ATLEEMMTA,0.49,50.0,15/30
HIV_p24,HIV_p24_Var_08_82280741,MHC-I,YVDRFYKTL,0.75,63.33,19/30
HIV_p24,HIV_p24_Var_09_82280442,MHC-I,ATLEEMMTA,0.49,50.0,15/30
HIV_p24,HIV_p24_Var_10_75646898,MHC-I,YVDRFYKTL,0.75,63.33,19/30
HIV_p24,HIV_p24_Var_12_75643500,MHC-I,VLAEAMSQV,0.02,56.67,17/30
HIV_p24,HIV_p24_Var_12_75643500,MHC-I,TLNAWVKVV,0.63,56.67,17/30
HIV_p24,HIV_p24_Var_13_75642719,MHC-I,VLAEAMSQV,0.02,56.67,17/30
HIV_p24,HIV_p24_Var_13_75642719,MHC-I,ATLEEMMTA,0.49,50.0,15/30
HIV_p24,HIV_p24_Var_13_75642719,MHC-I,TLNAWVKVV,0.63,56.67,17/30
HIV_p24,HIV_p24_Var_13_75642719,MHC-I,YVDRFYKTL,0.75,63.33,19/30
HIV_p24,HIV_p24_Var_14_75627851,MHC-I,VLAEAMSQV,0.02,56.67,17/30
HIV_p24,HIV_p24_Var_14_75627851,MHC-I,TLNAWVKVV,0.63,56.67,17/30
HIV_p24,HIV_p24_Var_15_75627485,MHC-I,VLAEAMSQV,0.02,56.67,17/30
HIV_p24,HIV_p24_Var_15_75627485,MHC-I,ATLEEMMTA,0.49,50.0,15/30
HIV_p24,HIV_p24_Var_15_75627485,MHC-I,YVDRFYKTL,0.75,63.33,19/30
HIV_p24,HIV_p24_Var_16_75627146,MHC-I,TLNAWVKVV,0.63,56.67,17/30
HIV_p24,HIV_p24_Var_17_75627073,MHC-I,ATLEEMMTA,0.49,50.0,15/30
HIV_p24,HIV_p24_Var_18_3023824,MHC-I,VLAEAMSQV,0.02,56.67,17/30
HIV_p24,HIV_p24_Var_18_3023824,MHC-I,ATLEEMMTA,0.49,50.0,15/30
HIV_p24,HIV_p24_Var_18_3023824,MHC-I,TLNAWVKVV,0.63,56.67,17/30
HIV_p24,HIV_p24_Var_18_3023824,MHC-I,YVDRFYKTL,0.75,63.33,19/30
HIV_p24,HIV_p24_Var_19_158931165,MHC-I,TLNAWVKVV,0.63,56.67,17/30
HIV_p24,HIV_p24_Var_19_158931165,MHC-I,YVDRFYKTL,0.75,63.33,19/30
HIV_p24,HIV_p24_Var_20_114152122,MHC-I,TLNAWVKVV,0.63,56.67,17/30
HIV_p24,HIV_p24_Var_20_114152122,MHC-I,YVDRFYKTL,0.75,63.33,19/30
HIV_p24,HIV_p24_Var_21_114149305,MHC-I,TLNAWVKVV,0.63,56.67,17/30
HIV_p24,HIV_p24_Var_21_114149305,MHC-I,YVDRFYKTL,0.75,63.33,19/30
HIV_p24,HIV_p24_Var_22_114149304,MHC-I,TLNAWVKVV,0.63,56.67,17/30
HIV_p24,HIV_p24_Var_22_114149304,MHC-I,YVDRFYKTL,0.75,63.33,19/30
HIV_p24,HIV_p24_Var_23_77416891,MHC-I,VLAEAMSQV,0.02,56.67,17/30
HIV_p24,HIV_p24_Var_23_77416891,MHC-I,ATLEEMMTA,0.49,50.0,15/30
HIV_p24,HIV_p24_Var_23_77416891,MHC-I,TLNAWVKVV,0.63,56.67,17/30
HIV_p24,HIV_p24_Var_24_77416888,MHC-I,VLAEAMSQV,0.02,56.67,17/30
HIV_p24,HIV_p24_Var_24_77416888,MHC-I,ATLEEMMTA,0.49,50.0,15/30
HIV_p24,HIV_p24_Var_24_77416888,MHC-I,TLNAWVKVV,0.63,56.67,17/30
HIV_p24,HIV_p24_Var_24_77416888,MHC-I,YVDRFYKTL,0.75,63.33,19/30
HIV_p24,HIV_p24_Var_25_77416887,MHC-I,VLAEAMSQV,0.02,56.67,17/30
HIV_p24,HIV_p24_Var_25_77416887,MHC-I,ATLEEMMTA,0.49,50.0,15/30
HIV_p24,HIV_p24_Var_25_77416887,MHC-I,YVDRFYKTL,0.75,63.33,19/30
HIV_p24,HIV_p24_Var_26_77416883,MHC-I,VLAEAMSQV,0.02,56.67,17/30
HIV_p24,HIV_p24_Var_26_77416883,MHC-I,ATLEEMMTA,0.49,50.0,15/30
HIV_p24,HIV_p24_Var_26_77416883,MHC-I,YVDRFYKTL,0.75,63.33,19/30
HIV_p24,HIV_p24_Var_27_120843,MHC-I,VLAEAMSQV,0.02,56.67,17/30
HIV_p24,HIV_p24_Var_27_120843,MHC-I,ATLEEMMTA,0.49,50.0,15/30
HIV_p24,HIV_p24_Var_27_120843,MHC-I,TLNAWVKVV,0.63,56.67,17/30
HIV_p24,HIV_p24_Var_28_120840,MHC-I,VLAEAMSQV,0.02,56.67,17/30
HIV_p24,HIV_p24_Var_28_120840,MHC-I,ATLEEMMTA,0.49,50.0,15/30
HIV_p24,HIV_p24_Var_28_120840,MHC-I,TLNAWVKVV,0.63,56.67,17/30
HIV_p24,HIV_p24_Var_28_120840,MHC-I,YVDRFYKTL,0.75,63.33,19/30
HIV_p24,HIV_p24_Var_29_120836,MHC-I,VLAEAMSQV,0.02,56.67,17/30
HIV_p24,HIV_p24_Var_29_120836,MHC-I,ATLEEMMTA,0.49,50.0,15/30
HIV_p24,HIV_p24_Var_29_120836,MHC-I,YVDRFYKTL,0.75,63.33,19/30
HIV_p24,HIV_p24_Var_30_120833,MHC-I,VLAEAMSQV,0.02,56.67,17/30
HIV_p24,HIV_p24_Var_30_120833,MHC-I,ATLEEMMTA,0.49,50.0,15/30
HIV_p24,HIV_p24_Var_30_120833,MHC-I,YVDRFYKTL,0.75,63.33,19/30
Mpox_A35R,Mpox_A35R_Var_01_2835480444,MHC-I,IMDFIGPYI,0.19,53.33,16/30
Mpox_A35R,Mpox_A35R_Var_01_2835480444,MHC-I,YIIGNIKIV,0.28,53.33,16/30
Mpox_A35R,Mpox_A35R_Var_02_2835479726,MHC-I,IMDFIGPYI,0.19,53.33,16/30
Mpox_A35R,Mpox_A35R_Var_02_2835479726,MHC-I,YIIGNIKIV,0.28,53.33,16/30
Mpox_A35R,Mpox_A35R_Var_03_2835479013,MHC-I,IMDFIGPYI,0.19,53.33,16/30
Mpox_A35R,Mpox_A35R_Var_03_2835479013,MHC-I,YIIGNIKIV,0.28,53.33,16/30
Mpox_A35R,Mpox_A35R_Var_04_2811179914,MHC-I,IMDFIGPYI,0.19,53.33,16/30
Mpox_A35R,Mpox_A35R_Var_04_2811179914,MHC-I,YIIGNIKIV,0.28,53.33,16/30
Mpox_A35R,Mpox_A35R_Var_05_2811179730,MHC-I,IMDFIGPYI,0.19,53.33,16/30
Mpox_A35R,Mpox_A35R_Var_05_2811179730,MHC-I,YIIGNIKIV,0.28,53.33,16/30
Mpox_A35R,Mpox_A35R_Var_06_2811179543,MHC-I,IMDFIGPYI,0.19,53.33,16/30
Mpox_A35R,Mpox_A35R_Var_06_2811179543,MHC-I,YIIGNIKIV,0.28,53.33,16/30
Mpox_A35R,Mpox_A35R_Var_07_2811179357,MHC-I,IMDFIGPYI,0.19,53.33,16/30
Mpox_A35R,Mpox_A35R_Var_07_2811179357,MHC-I,YIIGNIKIV,0.28,53.33,16/30
Mpox_A35R,Mpox_A35R_Var_08_2811179174,MHC-I,IMDFIGPYI,0.19,53.33,16/30
Mpox_A35R,Mpox_A35R_Var_08_2811179174,MHC-I,YIIGNIKIV,0.28,53.33,16/30
Mpox_A35R,Mpox_A35R_Var_09_2811178619,MHC-I,IMDFIGPYI,0.19,53.33,16/30
Mpox_A35R,Mpox_A35R_Var_09_2811178619,MHC-I,YIIGNIKIV,0.28,53.33,16/30
Mpox_A35R,Mpox_A35R_Var_10_2811178253,MHC-I,IMDFIGPYI,0.19,53.33,16/30
Mpox_A35R,Mpox_A35R_Var_10_2811178253,MHC-I,YIIGNIKIV,0.28,53.33,16/30
Mpox_A35R,Mpox_A35R_Var_11_2811178072,MHC-I,IMDFIGPYI,0.19,53.33,16/30
Mpox_A35R,Mpox_A35R_Var_11_2811178072,MHC-I,YIIGNIKIV,0.28,53.33,16/30
Mpox_A35R,Mpox_A35R_Var_12_2811177338,MHC-I,IMDFIGPYI,0.19,53.33,16/30
Mpox_A35R,Mpox_A35R_Var_12_2811177338,MHC-I,YIIGNIKIV,0.28,53.33,16/30
Mpox_A35R,Mpox_A35R_Var_13_2811177157,MHC-I,IMDFIGPYI,0.19,53.33,16/30
Mpox_A35R,Mpox_A35R_Var_13_2811177157,MHC-I,YIIGNIKIV,0.28,53.33,16/30
Mpox_A35R,Mpox_A35R_Var_14_2753775795,MHC-I,IMDFIGPYI,0.19,53.33,16/30
Mpox_A35R,Mpox_A35R_Var_14_2753775795,MHC-I,YIIGNIKIV,0.28,53.33,16/30
Mpox_A35R,Mpox_A35R_Var_15_2753775618,MHC-I,IMDFIGPYI,0.19,53.33,16/30
Mpox_A35R,Mpox_A35R_Var_15_2753775618,MHC-I,YIIGNIKIV,0.28,53.33,16/30
Mpox_A35R,Mpox_A35R_Var_16_2753775438,MHC-I,IMDFIGPYI,0.19,53.33,16/30
Mpox_A35R,Mpox_A35R_Var_16_2753775438,MHC-I,YIIGNIKIV,0.28,53.33,16/30
Mpox_B5R,Mpox_B5R_Var_01_2637787204,MHC-I,FLISIIVLV,0.05,50.0,15/30
Mpox_B5R,Mpox_B5R_Var_01_2637787204,MHC-I,TLLCVLPAV,0.13,50.0,15/30
Mpox_B5R,Mpox_B5R_Var_01_2637787204,MHC-I,TVSDYVSEL,0.24,50.0,15/30
Mpox_B5R,Mpox_B5R_Var_01_2637787204,MHC-I,IMALTIMGV,0.25,50.0,15/30
Mpox_B5R,Mpox_B5R_Var_01_2637787204,MHC-I,TIMGVIFLI,0.28,50.0,15/30
Mpox_B5R,Mpox_B5R_Var_01_2637787204,MHC-I,FSIGGVIHL,0.38,50.0,15/30
Mpox_B5R,Mpox_B5R_Var_01_2637787204,MHC-I,KTISVVTLL,0.49,50.0,15/30
Mpox_B5R,Mpox_B5R_Var_01_2637787204,MHC-I,KMCTVSDYV,0.77,50.0,15/30
Mpox_B5R,Mpox_B5R_Var_01_2637787204,MHC-I,VLPAVVYST,0.89,50.0,15/30
Mpox_B5R,Mpox_B5R_Var_02_2637787203,MHC-I,ILDTVNIYI,0.04,50.0,15/30
Mpox_B5R,Mpox_B5R_Var_02_2637787203,MHC-I,FLSYILDTV,0.05,50.0,15/30
Mpox_B5R,Mpox_B5R_Var_02_2637787203,MHC-I,IIFDAVESL,0.06,50.0,15/30
Mpox_B5R,Mpox_B5R_Var_02_2637787203,MHC-I,ILLSKRPSL,0.14,50.0,15/30
Mpox_B5R,Mpox_B5R_Var_02_2637787203,MHC-I,ILINHRFYI,0.15,50.0,15/30
Mpox_B5R,Mpox_B5R_Var_02_2637787203,MHC-I,IMIPSMIAI,0.15,50.0,15/30
Mpox_B5R,Mpox_B5R_Var_02_2637787203,MHC-I,SLHQYKWYI,0.16,50.0,15/30
Mpox_B5R,Mpox_B5R_Var_02_2637787203,MHC-I,LLISKGANV,0.23,50.0,15/30
Mpox_B5R,Mpox_B5R_Var_02_2637787203,MHC-I,SIYLFLHYI,0.28,50.0,15/30
Mpox_B5R,Mpox_B5R_Var_02_2637787203,MHC-I,NIKEYVYQL,0.29,50.0,15/30
Mpox_B5R,Mpox_B5R_Var_02_2637787203,MHC-I,EILDWSIYL,0.36,50.0,15/30
Mpox_B5R,Mpox_B5R_Var_02_2637787203,MHC-I,IMIFFLDRV,0.38,50.0,15/30
Mpox_B5R,Mpox_B5R_Var_02_2637787203,MHC-I,FIDAANTNI,0.39,50.0,15/30
Mpox_B5R,Mpox_B5R_Var_02_2637787203,MHC-I,HLDNSIRLM,0.48,50.0,15/30
Mpox_B5R,Mpox_B5R_Var_02_2637787203,MHC-I,ILDWSIYLF,0.67,50.0,15/30
Mpox_B5R,Mpox_B5R_Var_02_2637787203,MHC-I,FFLDRVLNI,0.84,50.0,15/30
Mpox_B5R,Mpox_B5R_Var_02_2637787203,MHC-I,GIIHGISLI,0.96,50.0,15/30
Mpox_B5R,Mpox_B5R_Var_03_2566844742,MHC-I,FLISIIVLV,0.05,50.0,15/30
Mpox_B5R,Mpox_B5R_Var_03_2566844742,MHC-I,TLLCVLPAV,0.13,50.0,15/30
Mpox_B5R,Mpox_B5R_Var_03_2566844742,MHC-I,TVSDYVSEL,0.24,50.0,15/30
Mpox_B5R,Mpox_B5R_Var_03_2566844742,MHC-I,IMALTIMGV,0.25,50.0,15/30
Mpox_B5R,Mpox_B5R_Var_03_2566844742,MHC-I,TIMGVIFLI,0.28,50.0,15/30
Mpox_B5R,Mpox_B5R_Var_03_2566844742,MHC-I,FSIGGVIHL,0.38,50.0,15/30
Mpox_B5R,Mpox_B5R_Var_03_2566844742,MHC-I,KTISVVTLL,0.49,50.0,15/30
Mpox_B5R,Mpox_B5R_Var_03_2566844742,MHC-I,KMCTVSDYV,0.77,50.0,15/30
Mpox_B5R,Mpox_B5R_Var_03_2566844742,MHC-I,VLPAVVYST,0.89,50.0,15/30
Mpox_B5R,Mpox_B5R_Var_04_2566844741,MHC-I,ILDTVNIYI,0.04,50.0,15/30
Mpox_B5R,Mpox_B5R_Var_04_2566844741,MHC-I,FLSYILDTV,0.05,50.0,15/30
Mpox_B5R,Mpox_B5R_Var_04_2566844741,MHC-I,IIFDAVESL,0.06,50.0,15/30
Mpox_B5R,Mpox_B5R_Var_04_2566844741,MHC-I,ILLSKRPSL,0.14,50.0,15/30
Mpox_B5R,Mpox_B5R_Var_04_2566844741,MHC-I,ILINHRFYI,0.15,50.0,15/30
Mpox_B5R,Mpox_B5R_Var_04_2566844741,MHC-I,IMIPSMIAI,0.15,50.0,15/30
Mpox_B5R,Mpox_B5R_Var_04_2566844741,MHC-I,SLHQYKWYI,0.16,50.0,15/30
Mpox_B5R,Mpox_B5R_Var_04_2566844741,MHC-I,LLISKGANV,0.23,50.0,15/30
Mpox_B5R,Mpox_B5R_Var_04_2566844741,MHC-I,SIYLFLHYI,0.28,50.0,15/30
Mpox_B5R,Mpox_B5R_Var_04_2566844741,MHC-I,NIKEYVYQL,0.29,50.0,15/30
Mpox_B5R,Mpox_B5R_Var_04_2566844741,MHC-I,EILDWSIYL,0.36,50.0,15/30
Mpox_B5R,Mpox_B5R_Var_04_2566844741,MHC-I,IMIFFLDRV,0.38,50.0,15/30
Mpox_B5R,Mpox_B5R_Var_04_2566844741,MHC-I,FIDAANTNI,0.39,50.0,15/30
Mpox_B5R,Mpox_B5R_Var_04_2566844741,MHC-I,HLDNSIRLM,0.48,50.0,15/30
Mpox_B5R,Mpox_B5R_Var_04_2566844741,MHC-I,ILDWSIYLF,0.67,50.0,15/30
Mpox_B5R,Mpox_B5R_Var_04_2566844741,MHC-I,FFLDRVLNI,0.84,50.0,15/30
Mpox_B5R,Mpox_B5R_Var_04_2566844741,MHC-I,GIIHGISLI,0.96,50.0,15/30
Mpox_B5R,Mpox_B5R_Var_05_2566844563,MHC-I,FLISIIVLV,0.05,50.0,15/30
Mpox_B5R,Mpox_B5R_Var_05_2566844563,MHC-I,TLLCVLPAV,0.13,50.0,15/30
Mpox_B5R,Mpox_B5R_Var_05_2566844563,MHC-I,TVSDYVSEL,0.24,50.0,15/30
Mpox_B5R,Mpox_B5R_Var_05_2566844563,MHC-I,IMALTIMGV,0.25,50.0,15/30
Mpox_B5R,Mpox_B5R_Var_05_2566844563,MHC-I,TIMGVIFLI,0.28,50.0,15/30
Mpox_B5R,Mpox_B5R_Var_05_2566844563,MHC-I,FSIGGVIHL,0.38,50.0,15/30
Mpox_B5R,Mpox_B5R_Var_05_2566844563,MHC-I,KTISVVTLL,0.49,50.0,15/30
Mpox_B5R,Mpox_B5R_Var_05_2566844563,MHC-I,KMCTVSDYV,0.77,50.0,15/30
Mpox_B5R,Mpox_B5R_Var_05_2566844563,MHC-I,VLPAVVYST,0.89,50.0,15/30
Mpox_B5R,Mpox_B5R_Var_06_2566844562,MHC-I,ILDTVNIYI,0.04,50.0,15/30
Mpox_B5R,Mpox_B5R_Var_06_2566844562,MHC-I,FLSYILDTV,0.05,50.0,15/30
Mpox_B5R,Mpox_B5R_Var_06_2566844562,MHC-I,IIFDAVESL,0.06,50.0,15/30
Mpox_B5R,Mpox_B5R_Var_06_2566844562,MHC-I,ILLSKRPSL,0.14,50.0,15/30
Mpox_B5R,Mpox_B5R_Var_06_2566844562,MHC-I,ILINHRFYI,0.15,50.0,15/30
Mpox_B5R,Mpox_B5R_Var_06_2566844562,MHC-I,IMIPSMIAI,0.15,50.0,15/30
Mpox_B5R,Mpox_B5R_Var_06_2566844562,MHC-I,SLHQYKWYI,0.16,50.0,15/30
Mpox_B5R,Mpox_B5R_Var_06_2566844562,MHC-I,LLISKGANV,0.23,50.0,15/30
Mpox_B5R,Mpox_B5R_Var_06_2566844562,MHC-I,SIYLFLHYI,0.28,50.0,15/30
Mpox_B5R,Mpox_B5R_Var_06_2566844562,MHC-I,NIKEYVYQL,0.29,50.0,15/30
Mpox_B5R,Mpox_B5R_Var_06_2566844562,MHC-I,EILDWSIYL,0.36,50.0,15/30
Mpox_B5R,Mpox_B5R_Var_06_2566844562,MHC-I,IMIFFLDRV,0.38,50.0,15/30
Mpox_B5R,Mpox_B5R_Var_06_2566844562,MHC-I,FIDAANTNI,0.39,50.0,15/30
Mpox_B5R,Mpox_B5R_Var_06_2566844562,MHC-I,HLDNSIRLM,0.48,50.0,15/30
Mpox_B5R,Mpox_B5R_Var_06_2566844562,MHC-I,ILDWSIYLF,0.67,50.0,15/30
Mpox_B5R,Mpox_B5R_Var_06_2566844562,MHC-I,FFLDRVLNI,0.84,50.0,15/30
Mpox_B5R,Mpox_B5R_Var_06_2566844562,MHC-I,GIIHGISLI,0.96,50.0,15/30
Mpox_B5R,Mpox_B5R_Var_07_2566844384,MHC-I,FLISIIVLV,0.05,50.0,15/30
Mpox_B5R,Mpox_B5R_Var_07_2566844384,MHC-I,TLLCVLPAV,0.13,50.0,15/30
Mpox_B5R,Mpox_B5R_Var_07_2566844384,MHC-I,TVSDYVSEL,0.24,50.0,15/30
Mpox_B5R,Mpox_B5R_Var_07_2566844384,MHC-I,IMALTIMGV,0.25,50.0,15/30
Mpox_B5R,Mpox_B5R_Var_07_2566844384,MHC-I,TIMGVIFLI,0.28,50.0,15/30
Mpox_B5R,Mpox_B5R_Var_07_2566844384,MHC-I,FSIGGVIHL,0.38,50.0,15/30
Mpox_B5R,Mpox_B5R_Var_07_2566844384,MHC-I,KTISVVTLL,0.49,50.0,15/30
Mpox_B5R,Mpox_B5R_Var_07_2566844384,MHC-I,KMCTVSDYV,0.77,50.0,15/30
Mpox_B5R,Mpox_B5R_Var_07_2566844384,MHC-I,VLPAVVYST,0.89,50.0,15/30
Mpox_B5R,Mpox_B5R_Var_08_2566844383,MHC-I,ILDTVNIYI,0.04,50.0,15/30
Mpox_B5R,Mpox_B5R_Var_08_2566844383,MHC-I,FLSYILDTV,0.05,50.0,15/30
Mpox_B5R,Mpox_B5R_Var_08_2566844383,MHC-I,IIFDAVESL,0.06,50.0,15/30
Mpox_B5R,Mpox_B5R_Var_08_2566844383,MHC-I,ILLSKRPSL,0.14,50.0,15/30
Mpox_B5R,Mpox_B5R_Var_08_2566844383,MHC-I,ILINHRFYI,0.15,50.0,15/30
Mpox_B5R,Mpox_B5R_Var_08_2566844383,MHC-I,IMIPSMIAI,0.15,50.0,15/30
Mpox_B5R,Mpox_B5R_Var_08_2566844383,MHC-I,SLHQYKWYI,0.16,50.0,15/30
Mpox_B5R,Mpox_B5R_Var_08_2566844383,MHC-I,LLISKGANV,0.23,50.0,15/30
Mpox_B5R,Mpox_B5R_Var_08_2566844383,MHC-I,SIYLFLHYI,0.28,50.0,15/30
Mpox_B5R,Mpox_B5R_Var_08_2566844383,MHC-I,NIKEYVYQL,0.29,50.0,15/30
Mpox_B5R,Mpox_B5R_Var_08_2566844383,MHC-I,EILDWSIYL,0.36,50.0,15/30
Mpox_B5R,Mpox_B5R_Var_08_2566844383,MHC-I,IMIFFLDRV,0.38,50.0,15/30
Mpox_B5R,Mpox_B5R_Var_08_2566844383,MHC-I,FIDAANTNI,0.39,50.0,15/30
Mpox_B5R,Mpox_B5R_Var_08_2566844383,MHC-I,HLDNSIRLM,0.48,50.0,15/30
Mpox_B5R,Mpox_B5R_Var_08_2566844383,MHC-I,ILDWSIYLF,0.67,50.0,15/30
Mpox_B5R,Mpox_B5R_Var_08_2566844383,MHC-I,FFLDRVLNI,0.84,50.0,15/30
Mpox_B5R,Mpox_B5R_Var_08_2566844383,MHC-I,GIIHGISLI,0.96,50.0,15/30
Mpox_B5R,Mpox_B5R_Var_09_2566844205,MHC-I,FLISIIVLV,0.05,50.0,15/30
Mpox_B5R,Mpox_B5R_Var_09_2566844205,MHC-I,TLLCVLPAV,0.13,50.0,15/30
Mpox_B5R,Mpox_B5R_Var_09_2566844205,MHC-I,TVSDYVSEL,0.24,50.0,15/30
Mpox_B5R,Mpox_B5R_Var_09_2566844205,MHC-I,IMALTIMGV,0.25,50.0,15/30
Mpox_B5R,Mpox_B5R_Var_09_2566844205,MHC-I,TIMGVIFLI,0.28,50.0,15/30
Mpox_B5R,Mpox_B5R_Var_09_2566844205,MHC-I,FSIGGVIHL,0.38,50.0,15/30
Mpox_B5R,Mpox_B5R_Var_09_2566844205,MHC-I,KTISVVTLL,0.49,50.0,15/30
Mpox_B5R,Mpox_B5R_Var_09_2566844205,MHC-I,KMCTVSDYV,0.77,50.0,15/30
Mpox_B5R,Mpox_B5R_Var_09_2566844205,MHC-I,VLPAVVYST,0.89,50.0,15/30
Mpox_B5R,Mpox_B5R_Var_10_2566844204,MHC-I,ILDTVNIYI,0.04,50.0,15/30
Mpox_B5R,Mpox_B5R_Var_10_2566844204,MHC-I,FLSYILDTV,0.05,50.0,15/30
Mpox_B5R,Mpox_B5R_Var_10_2566844204,MHC-I,IIFDAVESL,0.06,50.0,15/30
Mpox_B5R,Mpox_B5R_Var_10_2566844204,MHC-I,ILLSKRPSL,0.14,50.0,15/30
Mpox_B5R,Mpox_B5R_Var_10_2566844204,MHC-I,ILINHRFYI,0.15,50.0,15/30
Mpox_B5R,Mpox_B5R_Var_10_2566844204,MHC-I,IMIPSMIAI,0.15,50.0,15/30
Mpox_B5R,Mpox_B5R_Var_10_2566844204,MHC-I,SLHQYKWYI,0.16,50.0,15/30
Mpox_B5R,Mpox_B5R_Var_10_2566844204,MHC-I,LLISKGANV,0.23,50.0,15/30
Mpox_B5R,Mpox_B5R_Var_10_2566844204,MHC-I,SIYLFLHYI,0.28,50.0,15/30
Mpox_B5R,Mpox_B5R_Var_10_2566844204,MHC-I,NIKEYVYQL,0.29,50.0,15/30
Mpox_B5R,Mpox_B5R_Var_10_2566844204,MHC-I,EILDWSIYL,0.36,50.0,15/30
Mpox_B5R,Mpox_B5R_Var_10_2566844204,MHC-I,IMIFFLDRV,0.38,50.0,15/30
Mpox_B5R,Mpox_B5R_Var_10_2566844204,MHC-I,FIDAANTNI,0.39,50.0,15/30
Mpox_B5R,Mpox_B5R_Var_10_2566844204,MHC-I,HLDNSIRLM,0.48,50.0,15/30
Mpox_B5R,Mpox_B5R_Var_10_2566844204,MHC-I,ILDWSIYLF,0.67,50.0,15/30
Mpox_B5R,Mpox_B5R_Var_10_2566844204,MHC-I,FFLDRVLNI,0.84,50.0,15/30
Mpox_B5R,Mpox_B5R_Var_10_2566844204,MHC-I,GIIHGISLI,0.96,50.0,15/30
Mpox_B5R,Mpox_B5R_Var_11_2566844026,MHC-I,FLISIIVLV,0.05,50.0,15/30
Mpox_B5R,Mpox_B5R_Var_11_2566844026,MHC-I,TLLCVLPAV,0.13,50.0,15/30
Mpox_B5R,Mpox_B5R_Var_11_2566844026,MHC-I,TVSDYVSEL,0.24,50.0,15/30
Mpox_B5R,Mpox_B5R_Var_11_2566844026,MHC-I,IMALTIMGV,0.25,50.0,15/30
Mpox_B5R,Mpox_B5R_Var_11_2566844026,MHC-I,TIMGVIFLI,0.28,50.0,15/30
Mpox_B5R,Mpox_B5R_Var_11_2566844026,MHC-I,FSIGGVIHL,0.38,50.0,15/30
Mpox_B5R,Mpox_B5R_Var_11_2566844026,MHC-I,KTISVVTLL,0.49,50.0,15/30
Mpox_B5R,Mpox_B5R_Var_11_2566844026,MHC-I,KMCTVSDYV,0.77,50.0,15/30
Mpox_B5R,Mpox_B5R_Var_11_2566844026,MHC-I,VLPAVVYST,0.89,50.0,15/30
Mpox_B5R,Mpox_B5R_Var_12_2566844025,MHC-I,ILDTVNIYI,0.04,50.0,15/30
Mpox_B5R,Mpox_B5R_Var_12_2566844025,MHC-I,FLSYILDTV,0.05,50.0,15/30
Mpox_B5R,Mpox_B5R_Var_12_2566844025,MHC-I,IIFDAVESL,0.06,50.0,15/30
Mpox_B5R,Mpox_B5R_Var_12_2566844025,MHC-I,ILLSKRPSL,0.14,50.0,15/30
Mpox_B5R,Mpox_B5R_Var_12_2566844025,MHC-I,ILINHRFYI,0.15,50.0,15/30
Mpox_B5R,Mpox_B5R_Var_12_2566844025,MHC-I,IMIPSMIAI,0.15,50.0,15/30
Mpox_B5R,Mpox_B5R_Var_12_2566844025,MHC-I,SLHQYKWYI,0.16,50.0,15/30
Mpox_B5R,Mpox_B5R_Var_12_2566844025,MHC-I,LLISKGANV,0.23,50.0,15/30
Mpox_B5R,Mpox_B5R_Var_12_2566844025,MHC-I,SIYLFLHYI,0.28,50.0,15/30
Mpox_B5R,Mpox_B5R_Var_12_2566844025,MHC-I,NIKEYVYQL,0.29,50.0,15/30
Mpox_B5R,Mpox_B5R_Var_12_2566844025,MHC-I,EILDWSIYL,0.36,50.0,15/30
Mpox_B5R,Mpox_B5R_Var_12_2566844025,MHC-I,IMIFFLDRV,0.38,50.0,15/30
Mpox_B5R,Mpox_B5R_Var_12_2566844025,MHC-I,FIDAANTNI,0.39,50.0,15/30
Mpox_B5R,Mpox_B5R_Var_12_2566844025,MHC-I,HLDNSIRLM,0.48,50.0,15/30
Mpox_B5R,Mpox_B5R_Var_12_2566844025,MHC-I,ILDWSIYLF,0.67,50.0,15/30
Mpox_B5R,Mpox_B5R_Var_12_2566844025,MHC-I,FFLDRVLNI,0.84,50.0,15/30
Mpox_B5R,Mpox_B5R_Var_12_2566844025,MHC-I,GIIHGISLI,0.96,50.0,15/30
Mpox_B5R,Mpox_B5R_Var_13_2566843847,MHC-I,FLISIIVLV,0.05,50.0,15/30
Mpox_B5R,Mpox_B5R_Var_13_2566843847,MHC-I,TLLCVLPAV,0.13,50.0,15/30
Mpox_B5R,Mpox_B5R_Var_13_2566843847,MHC-I,TVSDYVSEL,0.24,50.0,15/30
Mpox_B5R,Mpox_B5R_Var_13_2566843847,MHC-I,IMALTIMGV,0.25,50.0,15/30
Mpox_B5R,Mpox_B5R_Var_13_2566843847,MHC-I,TIMGVIFLI,0.28,50.0,15/30
Mpox_B5R,Mpox_B5R_Var_13_2566843847,MHC-I,FSIGGVIHL,0.38,50.0,15/30
Mpox_B5R,Mpox_B5R_Var_13_2566843847,MHC-I,KTISVVTLL,0.49,50.0,15/30
Mpox_B5R,Mpox_B5R_Var_13_2566843847,MHC-I,KMCTVSDYV,0.77,50.0,15/30
Mpox_B5R,Mpox_B5R_Var_13_2566843847,MHC-I,VLPAVVYST,0.89,50.0,15/30
Mpox_B5R,Mpox_B5R_Var_14_2566843846,MHC-I,ILDTVNIYI,0.04,50.0,15/30
Mpox_B5R,Mpox_B5R_Var_14_2566843846,MHC-I,FLSYILDTV,0.05,50.0,15/30
Mpox_B5R,Mpox_B5R_Var_14_2566843846,MHC-I,IIFDAVESL,0.06,50.0,15/30
Mpox_B5R,Mpox_B5R_Var_14_2566843846,MHC-I,ILLSKRPSL,0.14,50.0,15/30
Mpox_B5R,Mpox_B5R_Var_14_2566843846,MHC-I,ILINHRFYI,0.15,50.0,15/30
Mpox_B5R,Mpox_B5R_Var_14_2566843846,MHC-I,IMIPSMIAI,0.15,50.0,15/30
Mpox_B5R,Mpox_B5R_Var_14_2566843846,MHC-I,SLHQYKWYI,0.16,50.0,15/30
Mpox_B5R,Mpox_B5R_Var_14_2566843846,MHC-I,LLISKGANV,0.23,50.0,15/30
Mpox_B5R,Mpox_B5R_Var_14_2566843846,MHC-I,SIYLFLHYI,0.28,50.0,15/30
Mpox_B5R,Mpox_B5R_Var_14_2566843846,MHC-I,NIKEYVYQL,0.29,50.0,15/30
Mpox_B5R,Mpox_B5R_Var_14_2566843846,MHC-I,EILDWSIYL,0.36,50.0,15/30
Mpox_B5R,Mpox_B5R_Var_14_2566843846,MHC-I,IMIFFLDRV,0.38,50.0,15/30
Mpox_B5R,Mpox_B5R_Var_14_2566843846,MHC-I,FIDAANTNI,0.39,50.0,15/30
Mpox_B5R,Mpox_B5R_Var_14_2566843846,MHC-I,HLDNSIRLM,0.48,50.0,15/30
Mpox_B5R,Mpox_B5R_Var_14_2566843846,MHC-I,ILDWSIYLF,0.67,50.0,15/30
Mpox_B5R,Mpox_B5R_Var_14_2566843846,MHC-I,FFLDRVLNI,0.84,50.0,15/30
Mpox_B5R,Mpox_B5R_Var_14_2566843846,MHC-I,GIIHGISLI,0.96,50.0,15/30
Mpox_B5R,Mpox_B5R_Var_15_2566843668,MHC-I,FLISIIVLV,0.05,50.0,15/30
Mpox_B5R,Mpox_B5R_Var_15_2566843668,MHC-I,TLLCVLPAV,0.13,50.0,15/30
Mpox_B5R,Mpox_B5R_Var_15_2566843668,MHC-I,TVSDYVSEL,0.24,50.0,15/30
Mpox_B5R,Mpox_B5R_Var_15_2566843668,MHC-I,IMALTIMGV,0.25,50.0,15/30
Mpox_B5R,Mpox_B5R_Var_15_2566843668,MHC-I,TIMGVIFLI,0.28,50.0,15/30
Mpox_B5R,Mpox_B5R_Var_15_2566843668,MHC-I,FSIGGVIHL,0.38,50.0,15/30
Mpox_B5R,Mpox_B5R_Var_15_2566843668,MHC-I,KTISVVTLL,0.49,50.0,15/30
Mpox_B5R,Mpox_B5R_Var_15_2566843668,MHC-I,KMCTVSDYV,0.77,50.0,15/30
Mpox_B5R,Mpox_B5R_Var_15_2566843668,MHC-I,VLPAVVYST,0.89,50.0,15/30
Mpox_B5R,Mpox_B5R_Var_16_2566843667,MHC-I,ILDTVNIYI,0.04,50.0,15/30
Mpox_B5R,Mpox_B5R_Var_16_2566843667,MHC-I,FLSYILDTV,0.05,50.0,15/30
Mpox_B5R,Mpox_B5R_Var_16_2566843667,MHC-I,IIFDAVESL,0.06,50.0,15/30
Mpox_B5R,Mpox_B5R_Var_16_2566843667,MHC-I,ILLSKRPSL,0.14,50.0,15/30
Mpox_B5R,Mpox_B5R_Var_16_2566843667,MHC-I,ILINHRFYI,0.15,50.0,15/30
Mpox_B5R,Mpox_B5R_Var_16_2566843667,MHC-I,IMIPSMIAI,0.15,50.0,15/30
Mpox_B5R,Mpox_B5R_Var_16_2566843667,MHC-I,SLHQYKWYI,0.16,50.0,15/30
Mpox_B5R,Mpox_B5R_Var_16_2566843667,MHC-I,LLISKGANV,0.23,50.0,15/30
Mpox_B5R,Mpox_B5R_Var_16_2566843667,MHC-I,SIYLFLHYI,0.28,50.0,15/30
Mpox_B5R,Mpox_B5R_Var_16_2566843667,MHC-I,NIKEYVYQL,0.29,50.0,15/30
Mpox_B5R,Mpox_B5R_Var_16_2566843667,MHC-I,EILDWSIYL,0.36,50.0,15/30
Mpox_B5R,Mpox_B5R_Var_16_2566843667,MHC-I,IMIFFLDRV,0.38,50.0,15/30
Mpox_B5R,Mpox_B5R_Var_16_2566843667,MHC-I,FIDAANTNI,0.39,50.0,15/30
Mpox_B5R,Mpox_B5R_Var_16_2566843667,MHC-I,HLDNSIRLM,0.48,50.0,15/30
Mpox_B5R,Mpox_B5R_Var_16_2566843667,MHC-I,ILDWSIYLF,0.67,50.0,15/30
Mpox_B5R,Mpox_B5R_Var_16_2566843667,MHC-I,FFLDRVLNI,0.84,50.0,15/30
Mpox_B5R,Mpox_B5R_Var_16_2566843667,MHC-I,GIIHGISLI,0.96,50.0,15/30
Mpox_B5R,Mpox_B5R_Var_17_2566843489,MHC-I,FLISIIVLV,0.05,50.0,15/30
Mpox_B5R,Mpox_B5R_Var_17_2566843489,MHC-I,TLLCVLPAV,0.13,50.0,15/30
Mpox_B5R,Mpox_B5R_Var_17_2566843489,MHC-I,TVSDYVSEL,0.24,50.0,15/30
Mpox_B5R,Mpox_B5R_Var_17_2566843489,MHC-I,IMALTIMGV,0.25,50.0,15/30
Mpox_B5R,Mpox_B5R_Var_17_2566843489,MHC-I,TIMGVIFLI,0.28,50.0,15/30
Mpox_B5R,Mpox_B5R_Var_17_2566843489,MHC-I,FSIGGVIHL,0.38,50.0,15/30
Mpox_B5R,Mpox_B5R_Var_17_2566843489,MHC-I,KTISVVTLL,0.49,50.0,15/30
Mpox_B5R,Mpox_B5R_Var_17_2566843489,MHC-I,KMCTVSDYV,0.77,50.0,15/30
Mpox_B5R,Mpox_B5R_Var_17_2566843489,MHC-I,VLPAVVYST,0.89,50.0,15/30
Mpox_B5R,Mpox_B5R_Var_18_2566843488,MHC-I,ILDTVNIYI,0.04,50.0,15/30
Mpox_B5R,Mpox_B5R_Var_18_2566843488,MHC-I,FLSYILDTV,0.05,50.0,15/30
Mpox_B5R,Mpox_B5R_Var_18_2566843488,MHC-I,IIFDAVESL,0.06,50.0,15/30
Mpox_B5R,Mpox_B5R_Var_18_2566843488,MHC-I,ILLSKRPSL,0.14,50.0,15/30
Mpox_B5R,Mpox_B5R_Var_18_2566843488,MHC-I,ILINHRFYI,0.15,50.0,15/30
Mpox_B5R,Mpox_B5R_Var_18_2566843488,MHC-I,IMIPSMIAI,0.15,50.0,15/30
Mpox_B5R,Mpox_B5R_Var_18_2566843488,MHC-I,SLHQYKWYI,0.16,50.0,15/30
Mpox_B5R,Mpox_B5R_Var_18_2566843488,MHC-I,LLISKGANV,0.23,50.0,15/30
Mpox_B5R,Mpox_B5R_Var_18_2566843488,MHC-I,SIYLFLHYI,0.28,50.0,15/30
Mpox_B5R,Mpox_B5R_Var_18_2566843488,MHC-I,NIKEYVYQL,0.29,50.0,15/30
Mpox_B5R,Mpox_B5R_Var_18_2566843488,MHC-I,EILDWSIYL,0.36,50.0,15/30
Mpox_B5R,Mpox_B5R_Var_18_2566843488,MHC-I,IMIFFLDRV,0.38,50.0,15/30
Mpox_B5R,Mpox_B5R_Var_18_2566843488,MHC-I,FIDAANTNI,0.39,50.0,15/30
Mpox_B5R,Mpox_B5R_Var_18_2566843488,MHC-I,HLDNSIRLM,0.48,50.0,15/30
Mpox_B5R,Mpox_B5R_Var_18_2566843488,MHC-I,ILDWSIYLF,0.67,50.0,15/30
Mpox_B5R,Mpox_B5R_Var_18_2566843488,MHC-I,FFLDRVLNI,0.84,50.0,15/30
Mpox_B5R,Mpox_B5R_Var_18_2566843488,MHC-I,GIIHGISLI,0.96,50.0,15/30
Mpox_B5R,Mpox_B5R_Var_19_2566843310,MHC-I,FLISIIVLV,0.05,50.0,15/30
Mpox_B5R,Mpox_B5R_Var_19_2566843310,MHC-I,TLLCVLPAV,0.13,50.0,15/30
Mpox_B5R,Mpox_B5R_Var_19_2566843310,MHC-I,TVSDYVSEL,0.24,50.0,15/30
Mpox_B5R,Mpox_B5R_Var_19_2566843310,MHC-I,IMALTIMGV,0.25,50.0,15/30
Mpox_B5R,Mpox_B5R_Var_19_2566843310,MHC-I,TIMGVIFLI,0.28,50.0,15/30
Mpox_B5R,Mpox_B5R_Var_19_2566843310,MHC-I,FSIGGVIHL,0.38,50.0,15/30
Mpox_B5R,Mpox_B5R_Var_19_2566843310,MHC-I,KTISVVTLL,0.49,50.0,15/30
Mpox_B5R,Mpox_B5R_Var_19_2566843310,MHC-I,KMCTVSDYV,0.77,50.0,15/30
Mpox_B5R,Mpox_B5R_Var_19_2566843310,MHC-I,VLPAVVYST,0.89,50.0,15/30
Mpox_B5R,Mpox_B5R_Var_20_2566843309,MHC-I,ILDTVNIYI,0.04,50.0,15/30
Mpox_B5R,Mpox_B5R_Var_20_2566843309,MHC-I,FLSYILDTV,0.05,50.0,15/30
Mpox_B5R,Mpox_B5R_Var_20_2566843309,MHC-I,IIFDAVESL,0.06,50.0,15/30
Mpox_B5R,Mpox_B5R_Var_20_2566843309,MHC-I,ILLSKRPSL,0.14,50.0,15/30
Mpox_B5R,Mpox_B5R_Var_20_2566843309,MHC-I,ILINHRFYI,0.15,50.0,15/30
Mpox_B5R,Mpox_B5R_Var_20_2566843309,MHC-I,IMIPSMIAI,0.15,50.0,15/30
Mpox_B5R,Mpox_B5R_Var_20_2566843309,MHC-I,SLHQYKWYI,0.16,50.0,15/30
Mpox_B5R,Mpox_B5R_Var_20_2566843309,MHC-I,LLISKGANV,0.23,50.0,15/30
Mpox_B5R,Mpox_B5R_Var_20_2566843309,MHC-I,SIYLFLHYI,0.28,50.0,15/30
Mpox_B5R,Mpox_B5R_Var_20_2566843309,MHC-I,NIKEYVYQL,0.29,50.0,15/30
Mpox_B5R,Mpox_B5R_Var_20_2566843309,MHC-I,EILDWSIYL,0.36,50.0,15/30
Mpox_B5R,Mpox_B5R_Var_20_2566843309,MHC-I,IMIFFLDRV,0.38,50.0,15/30
Mpox_B5R,Mpox_B5R_Var_20_2566843309,MHC-I,FIDAANTNI,0.39,50.0,15/30
Mpox_B5R,Mpox_B5R_Var_20_2566843309,MHC-I,HLDNSIRLM,0.48,50.0,15/30
Mpox_B5R,Mpox_B5R_Var_20_2566843309,MHC-I,ILDWSIYLF,0.67,50.0,15/30
Mpox_B5R,Mpox_B5R_Var_20_2566843309,MHC-I,FFLDRVLNI,0.84,50.0,15/30
Mpox_B5R,Mpox_B5R_Var_20_2566843309,MHC-I,GIIHGISLI,0.96,50.0,15/30
Mpox_B5R,Mpox_B5R_Var_21_2566843131,MHC-I,FLISIIVLV,0.05,50.0,15/30
Mpox_B5R,Mpox_B5R_Var_21_2566843131,MHC-I,TLLCVLPAV,0.13,50.0,15/30
Mpox_B5R,Mpox_B5R_Var_21_2566843131,MHC-I,TVSDYVSEL,0.24,50.0,15/30
Mpox_B5R,Mpox_B5R_Var_21_2566843131,MHC-I,IMALTIMGV,0.25,50.0,15/30
Mpox_B5R,Mpox_B5R_Var_21_2566843131,MHC-I,TIMGVIFLI,0.28,50.0,15/30
Mpox_B5R,Mpox_B5R_Var_21_2566843131,MHC-I,FSIGGVIHL,0.38,50.0,15/30
Mpox_B5R,Mpox_B5R_Var_21_2566843131,MHC-I,KTISVVTLL,0.49,50.0,15/30
Mpox_B5R,Mpox_B5R_Var_21_2566843131,MHC-I,KMCTVSDYV,0.77,50.0,15/30
Mpox_B5R,Mpox_B5R_Var_21_2566843131,MHC-I,VLPAVVYST,0.89,50.0,15/30
Mpox_B5R,Mpox_B5R_Var_22_2566843130,MHC-I,ILDTVNIYI,0.04,50.0,15/30
Mpox_B5R,Mpox_B5R_Var_22_2566843130,MHC-I,FLSYILDTV,0.05,50.0,15/30
Mpox_B5R,Mpox_B5R_Var_22_2566843130,MHC-I,IIFDAVESL,0.06,50.0,15/30
Mpox_B5R,Mpox_B5R_Var_22_2566843130,MHC-I,ILLSKRPSL,0.14,50.0,15/30
Mpox_B5R,Mpox_B5R_Var_22_2566843130,MHC-I,ILINHRFYI,0.15,50.0,15/30
Mpox_B5R,Mpox_B5R_Var_22_2566843130,MHC-I,IMIPSMIAI,0.15,50.0,15/30
Mpox_B5R,Mpox_B5R_Var_22_2566843130,MHC-I,SLHQYKWYI,0.16,50.0,15/30
Mpox_B5R,Mpox_B5R_Var_22_2566843130,MHC-I,LLISKGANV,0.23,50.0,15/30
Mpox_B5R,Mpox_B5R_Var_22_2566843130,MHC-I,SIYLFLHYI,0.28,50.0,15/30
Mpox_B5R,Mpox_B5R_Var_22_2566843130,MHC-I,NIKEYVYQL,0.29,50.0,15/30
Mpox_B5R,Mpox_B5R_Var_22_2566843130,MHC-I,EILDWSIYL,0.36,50.0,15/30
Mpox_B5R,Mpox_B5R_Var_22_2566843130,MHC-I,IMIFFLDRV,0.38,50.0,15/30
Mpox_B5R,Mpox_B5R_Var_22_2566843130,MHC-I,FIDAANTNI,0.39,50.0,15/30
Mpox_B5R,Mpox_B5R_Var_22_2566843130,MHC-I,HLDNSIRLM,0.48,50.0,15/30
Mpox_B5R,Mpox_B5R_Var_22_2566843130,MHC-I,ILDWSIYLF,0.67,50.0,15/30
Mpox_B5R,Mpox_B5R_Var_22_2566843130,MHC-I,FFLDRVLNI,0.84,50.0,15/30
Mpox_B5R,Mpox_B5R_Var_22_2566843130,MHC-I,GIIHGISLI,0.96,50.0,15/30
Mpox_B5R,Mpox_B5R_Var_23_2566842952,MHC-I,FLISIIVLV,0.05,50.0,15/30
Mpox_B5R,Mpox_B5R_Var_23_2566842952,MHC-I,TLLCVLPAV,0.13,50.0,15/30
Mpox_B5R,Mpox_B5R_Var_23_2566842952,MHC-I,TVSDYVSEL,0.24,50.0,15/30
Mpox_B5R,Mpox_B5R_Var_23_2566842952,MHC-I,IMALTIMGV,0.25,50.0,15/30
Mpox_B5R,Mpox_B5R_Var_23_2566842952,MHC-I,TIMGVIFLI,0.28,50.0,15/30
Mpox_B5R,Mpox_B5R_Var_23_2566842952,MHC-I,FSIGGVIHL,0.38,50.0,15/30
Mpox_B5R,Mpox_B5R_Var_23_2566842952,MHC-I,KTISVVTLL,0.49,50.0,15/30
Mpox_B5R,Mpox_B5R_Var_23_2566842952,MHC-I,KMCTVSDYV,0.77,50.0,15/30
Mpox_B5R,Mpox_B5R_Var_23_2566842952,MHC-I,VLPAVVYST,0.89,50.0,15/30
Mpox_B5R,Mpox_B5R_Var_24_2566842951,MHC-I,ILDTVNIYI,0.04,50.0,15/30
Mpox_B5R,Mpox_B5R_Var_24_2566842951,MHC-I,FLSYILDTV,0.05,50.0,15/30
Mpox_B5R,Mpox_B5R_Var_24_2566842951,MHC-I,IIFDAVESL,0.06,50.0,15/30
Mpox_B5R,Mpox_B5R_Var_24_2566842951,MHC-I,ILLSKRPSL,0.14,50.0,15/30
Mpox_B5R,Mpox_B5R_Var_24_2566842951,MHC-I,ILINHRFYI,0.15,50.0,15/30
Mpox_B5R,Mpox_B5R_Var_24_2566842951,MHC-I,IMIPSMIAI,0.15,50.0,15/30
Mpox_B5R,Mpox_B5R_Var_24_2566842951,MHC-I,SLHQYKWYI,0.16,50.0,15/30
Mpox_B5R,Mpox_B5R_Var_24_2566842951,MHC-I,LLISKGANV,0.23,50.0,15/30
Mpox_B5R,Mpox_B5R_Var_24_2566842951,MHC-I,SIYLFLHYI,0.28,50.0,15/30
Mpox_B5R,Mpox_B5R_Var_24_2566842951,MHC-I,NIKEYVYQL,0.29,50.0,15/30
Mpox_B5R,Mpox_B5R_Var_24_2566842951,MHC-I,EILDWSIYL,0.36,50.0,15/30
Mpox_B5R,Mpox_B5R_Var_24_2566842951,MHC-I,IMIFFLDRV,0.38,50.0,15/30
Mpox_B5R,Mpox_B5R_Var_24_2566842951,MHC-I,FIDAANTNI,0.39,50.0,15/30
Mpox_B5R,Mpox_B5R_Var_24_2566842951,MHC-I,HLDNSIRLM,0.48,50.0,15/30
Mpox_B5R,Mpox_B5R_Var_24_2566842951,MHC-I,ILDWSIYLF,0.67,50.0,15/30
Mpox_B5R,Mpox_B5R_Var_24_2566842951,MHC-I,FFLDRVLNI,0.84,50.0,15/30
Mpox_B5R,Mpox_B5R_Var_24_2566842951,MHC-I,GIIHGISLI,0.96,50.0,15/30
Mpox_B5R,Mpox_B5R_Var_25_2566842773,MHC-I,FLISIIVLV,0.05,50.0,15/30
Mpox_B5R,Mpox_B5R_Var_25_2566842773,MHC-I,TLLCVLPAV,0.13,50.0,15/30
Mpox_B5R,Mpox_B5R_Var_25_2566842773,MHC-I,TVSDYVSEL,0.24,50.0,15/30
Mpox_B5R,Mpox_B5R_Var_25_2566842773,MHC-I,IMALTIMGV,0.25,50.0,15/30
Mpox_B5R,Mpox_B5R_Var_25_2566842773,MHC-I,TIMGVIFLI,0.28,50.0,15/30
Mpox_B5R,Mpox_B5R_Var_25_2566842773,MHC-I,FSIGGVIHL,0.38,50.0,15/30
Mpox_B5R,Mpox_B5R_Var_25_2566842773,MHC-I,KTISVVTLL,0.49,50.0,15/30
Mpox_B5R,Mpox_B5R_Var_25_2566842773,MHC-I,KMCTVSDYV,0.77,50.0,15/30
Mpox_B5R,Mpox_B5R_Var_25_2566842773,MHC-I,VLPAVVYST,0.89,50.0,15/30
Mpox_B5R,Mpox_B5R_Var_26_2566842772,MHC-I,ILDTVNIYI,0.04,50.0,15/30
Mpox_B5R,Mpox_B5R_Var_26_2566842772,MHC-I,FLSYILDTV,0.05,50.0,15/30
Mpox_B5R,Mpox_B5R_Var_26_2566842772,MHC-I,IIFDAVESL,0.06,50.0,15/30
Mpox_B5R,Mpox_B5R_Var_26_2566842772,MHC-I,ILLSKRPSL,0.14,50.0,15/30
Mpox_B5R,Mpox_B5R_Var_26_2566842772,MHC-I,ILINHRFYI,0.15,50.0,15/30
Mpox_B5R,Mpox_B5R_Var_26_2566842772,MHC-I,IMIPSMIAI,0.15,50.0,15/30
Mpox_B5R,Mpox_B5R_Var_26_2566842772,MHC-I,SLHQYKWYI,0.16,50.0,15/30
Mpox_B5R,Mpox_B5R_Var_26_2566842772,MHC-I,LLISKGANV,0.23,50.0,15/30
Mpox_B5R,Mpox_B5R_Var_26_2566842772,MHC-I,SIYLFLHYI,0.28,50.0,15/30
Mpox_B5R,Mpox_B5R_Var_26_2566842772,MHC-I,NIKEYVYQL,0.29,50.0,15/30
Mpox_B5R,Mpox_B5R_Var_26_2566842772,MHC-I,EILDWSIYL,0.36,50.0,15/30
Mpox_B5R,Mpox_B5R_Var_26_2566842772,MHC-I,IMIFFLDRV,0.38,50.0,15/30
Mpox_B5R,Mpox_B5R_Var_26_2566842772,MHC-I,FIDAANTNI,0.39,50.0,15/30
Mpox_B5R,Mpox_B5R_Var_26_2566842772,MHC-I,HLDNSIRLM,0.48,50.0,15/30
Mpox_B5R,Mpox_B5R_Var_26_2566842772,MHC-I,ILDWSIYLF,0.67,50.0,15/30
Mpox_B5R,Mpox_B5R_Var_26_2566842772,MHC-I,FFLDRVLNI,0.84,50.0,15/30
Mpox_B5R,Mpox_B5R_Var_26_2566842772,MHC-I,GIIHGISLI,0.96,50.0,15/30
Mpox_B5R,Mpox_B5R_Var_27_2566842594,MHC-I,FLISIIVLV,0.05,50.0,15/30
Mpox_B5R,Mpox_B5R_Var_27_2566842594,MHC-I,TLLCVLPAV,0.13,50.0,15/30
Mpox_B5R,Mpox_B5R_Var_27_2566842594,MHC-I,TVSDYVSEL,0.24,50.0,15/30
Mpox_B5R,Mpox_B5R_Var_27_2566842594,MHC-I,IMALTIMGV,0.25,50.0,15/30
Mpox_B5R,Mpox_B5R_Var_27_2566842594,MHC-I,TIMGVIFLI,0.28,50.0,15/30
Mpox_B5R,Mpox_B5R_Var_27_2566842594,MHC-I,FSIGGVIHL,0.38,50.0,15/30
Mpox_B5R,Mpox_B5R_Var_27_2566842594,MHC-I,KTISVVTLL,0.49,50.0,15/30
Mpox_B5R,Mpox_B5R_Var_27_2566842594,MHC-I,KMCTVSDYV,0.77,50.0,15/30
Mpox_B5R,Mpox_B5R_Var_27_2566842594,MHC-I,VLPAVVYST,0.89,50.0,15/30
Mpox_B5R,Mpox_B5R_Var_28_2566842593,MHC-I,ILDTVNIYI,0.04,50.0,15/30
Mpox_B5R,Mpox_B5R_Var_28_2566842593,MHC-I,FLSYILDTV,0.05,50.0,15/30
Mpox_B5R,Mpox_B5R_Var_28_2566842593,MHC-I,IIFDAVESL,0.06,50.0,15/30
Mpox_B5R,Mpox_B5R_Var_28_2566842593,MHC-I,ILLSKRPSL,0.14,50.0,15/30
Mpox_B5R,Mpox_B5R_Var_28_2566842593,MHC-I,ILINHRFYI,0.15,50.0,15/30
Mpox_B5R,Mpox_B5R_Var_28_2566842593,MHC-I,IMIPSMIAI,0.15,50.0,15/30
Mpox_B5R,Mpox_B5R_Var_28_2566842593,MHC-I,SLHQYKWYI,0.16,50.0,15/30
Mpox_B5R,Mpox_B5R_Var_28_2566842593,MHC-I,LLISKGANV,0.23,50.0,15/30
Mpox_B5R,Mpox_B5R_Var_28_2566842593,MHC-I,SIYLFLHYI,0.28,50.0,15/30
Mpox_B5R,Mpox_B5R_Var_28_2566842593,MHC-I,NIKEYVYQL,0.29,50.0,15/30
Mpox_B5R,Mpox_B5R_Var_28_2566842593,MHC-I,EILDWSIYL,0.36,50.0,15/30
Mpox_B5R,Mpox_B5R_Var_28_2566842593,MHC-I,IMIFFLDRV,0.38,50.0,15/30
Mpox_B5R,Mpox_B5R_Var_28_2566842593,MHC-I,FIDAANTNI,0.39,50.0,15/30
Mpox_B5R,Mpox_B5R_Var_28_2566842593,MHC-I,HLDNSIRLM,0.48,50.0,15/30
Mpox_B5R,Mpox_B5R_Var_28_2566842593,MHC-I,ILDWSIYLF,0.67,50.0,15/30
Mpox_B5R,Mpox_B5R_Var_28_2566842593,MHC-I,FFLDRVLNI,0.84,50.0,15/30
Mpox_B5R,Mpox_B5R_Var_28_2566842593,MHC-I,GIIHGISLI,0.96,50.0,15/30
Mpox_B5R,Mpox_B5R_Var_29_2566842415,MHC-I,FLISIIVLV,0.05,50.0,15/30
Mpox_B5R,Mpox_B5R_Var_29_2566842415,MHC-I,TLLCVLPAV,0.13,50.0,15/30
Mpox_B5R,Mpox_B5R_Var_29_2566842415,MHC-I,TVSDYVSEL,0.24,50.0,15/30
Mpox_B5R,Mpox_B5R_Var_29_2566842415,MHC-I,IMALTIMGV,0.25,50.0,15/30
Mpox_B5R,Mpox_B5R_Var_29_2566842415,MHC-I,TIMGVIFLI,0.28,50.0,15/30
Mpox_B5R,Mpox_B5R_Var_29_2566842415,MHC-I,FSIGGVIHL,0.38,50.0,15/30
Mpox_B5R,Mpox_B5R_Var_29_2566842415,MHC-I,KTISVVTLL,0.49,50.0,15/30
Mpox_B5R,Mpox_B5R_Var_29_2566842415,MHC-I,KMCTVSDYV,0.77,50.0,15/30
Mpox_B5R,Mpox_B5R_Var_29_2566842415,MHC-I,VLPAVVYST,0.89,50.0,15/30
Mpox_B5R,Mpox_B5R_Var_30_2566842414,MHC-I,ILDTVNIYI,0.04,50.0,15/30
Mpox_B5R,Mpox_B5R_Var_30_2566842414,MHC-I,FLSYILDTV,0.05,50.0,15/30
Mpox_B5R,Mpox_B5R_Var_30_2566842414,MHC-I,IIFDAVESL,0.06,50.0,15/30
Mpox_B5R,Mpox_B5R_Var_30_2566842414,MHC-I,ILLSKRPSL,0.14,50.0,15/30
Mpox_B5R,Mpox_B5R_Var_30_2566842414,MHC-I,ILINHRFYI,0.15,50.0,15/30
Mpox_B5R,Mpox_B5R_Var_30_2566842414,MHC-I,IMIPSMIAI,0.15,50.0,15/30
Mpox_B5R,Mpox_B5R_Var_30_2566842414,MHC-I,SLHQYKWYI,0.16,50.0,15/30
Mpox_B5R,Mpox_B5R_Var_30_2566842414,MHC-I,LLISKGANV,0.23,50.0,15/30
Mpox_B5R,Mpox_B5R_Var_30_2566842414,MHC-I,SIYLFLHYI,0.28,50.0,15/30
Mpox_B5R,Mpox_B5R_Var_30_2566842414,MHC-I,NIKEYVYQL,0.29,50.0,15/30
Mpox_B5R,Mpox_B5R_Var_30_2566842414,MHC-I,EILDWSIYL,0.36,50.0,15/30
Mpox_B5R,Mpox_B5R_Var_30_2566842414,MHC-I,IMIFFLDRV,0.38,50.0,15/30
Mpox_B5R,Mpox_B5R_Var_30_2566842414,MHC-I,FIDAANTNI,0.39,50.0,15/30
Mpox_B5R,Mpox_B5R_Var_30_2566842414,MHC-I,HLDNSIRLM,0.48,50.0,15/30
Mpox_B5R,Mpox_B5R_Var_30_2566842414,MHC-I,ILDWSIYLF,0.67,50.0,15/30
Mpox_B5R,Mpox_B5R_Var_30_2566842414,MHC-I,FFLDRVLNI,0.84,50.0,15/30
Mpox_B5R,Mpox_B5R_Var_30_2566842414,MHC-I,GIIHGISLI,0.96,50.0,15/30
Mpox_L1R,Mpox_L1R_Var_01_3254710729,MHC-I,ALMQLTTKA,0.15,50.0,15/30
Mpox_L1R,Mpox_L1R_Var_01_3254710729,MHC-I,AQLDAVLSA,0.26,50.0,15/30
Mpox_L1R,Mpox_L1R_Var_01_3254710729,MHC-I,AMFTAALNI,0.57,50.0,15/30
Mpox_L1R,Mpox_L1R_Var_01_3254710729,MHC-I,AAASIQTTV,0.77,50.0,15/30
Mpox_L1R,Mpox_L1R_Var_01_3254710729,MHC-I,SIQTTVNTL,0.9,50.0,15/30
Mpox_L1R,Mpox_L1R_Var_01_3254710729,MHC-I,AALNIQTSV,0.91,50.0,15/30
Mpox_L1R,Mpox_L1R_Var_01_3254710729,MHC-I,IVIGVIILA,0.99,50.0,15/30
Mpox_L1R,Mpox_L1R_Var_02_3254710688,MHC-I,FIDSYLQKL,0.03,50.0,15/30
Mpox_L1R,Mpox_L1R_Var_02_3254710688,MHC-I,LMVESFIEV,0.04,50.0,15/30
Mpox_L1R,Mpox_L1R_Var_02_3254710688,MHC-I,GLQTIVKSL,0.22,50.0,15/30
Mpox_L1R,Mpox_L1R_Var_02_3254710688,MHC-I,AQHSIPTNV,0.26,50.0,15/30
Mpox_L1R,Mpox_L1R_Var_02_3254710688,MHC-I,AIILVIFTV,0.45,50.0,15/30
Mpox_L1R,Mpox_L1R_Var_02_3254710688,MHC-I,DLDDVPSVV,0.77,50.0,15/30
Mpox_L1R,Mpox_L1R_Var_03_3254710546,MHC-I,ALMQLTTKA,0.15,50.0,15/30
Mpox_L1R,Mpox_L1R_Var_03_3254710546,MHC-I,AQLDAVLSA,0.26,50.0,15/30
Mpox_L1R,Mpox_L1R_Var_03_3254710546,MHC-I,AMFTAALNI,0.57,50.0,15/30
Mpox_L1R,Mpox_L1R_Var_03_3254710546,MHC-I,AAASIQTTV,0.77,50.0,15/30
Mpox_L1R,Mpox_L1R_Var_03_3254710546,MHC-I,SIQTTVNTL,0.9,50.0,15/30
Mpox_L1R,Mpox_L1R_Var_03_3254710546,MHC-I,AALNIQTSV,0.91,50.0,15/30
Mpox_L1R,Mpox_L1R_Var_03_3254710546,MHC-I,IVIGVIILA,0.99,50.0,15/30
Mpox_L1R,Mpox_L1R_Var_04_3254710505,MHC-I,FIDSYLQKL,0.03,50.0,15/30
Mpox_L1R,Mpox_L1R_Var_04_3254710505,MHC-I,LMVESFIEV,0.04,50.0,15/30
Mpox_L1R,Mpox_L1R_Var_04_3254710505,MHC-I,GLQTIVKSL,0.22,50.0,15/30
Mpox_L1R,Mpox_L1R_Var_04_3254710505,MHC-I,AQHSIPTNV,0.26,50.0,15/30
Mpox_L1R,Mpox_L1R_Var_04_3254710505,MHC-I,AIILVIFTV,0.45,50.0,15/30
Mpox_L1R,Mpox_L1R_Var_04_3254710505,MHC-I,DLDDVPSVV,0.77,50.0,15/30
Mpox_L1R,Mpox_L1R_Var_05_3254710365,MHC-I,ALMQLTTKA,0.15,50.0,15/30
Mpox_L1R,Mpox_L1R_Var_05_3254710365,MHC-I,AQLDAVLSA,0.26,50.0,15/30
Mpox_L1R,Mpox_L1R_Var_05_3254710365,MHC-I,AMFTAALNI,0.57,50.0,15/30
Mpox_L1R,Mpox_L1R_Var_05_3254710365,MHC-I,AAASIQTTV,0.77,50.0,15/30
Mpox_L1R,Mpox_L1R_Var_05_3254710365,MHC-I,SIQTTVNTL,0.9,50.0,15/30
Mpox_L1R,Mpox_L1R_Var_05_3254710365,MHC-I,AALNIQTSV,0.91,50.0,15/30
Mpox_L1R,Mpox_L1R_Var_05_3254710365,MHC-I,IVIGVIILA,0.99,50.0,15/30
Mpox_L1R,Mpox_L1R_Var_06_3254710324,MHC-I,FIDSYLQKL,0.03,50.0,15/30
Mpox_L1R,Mpox_L1R_Var_06_3254710324,MHC-I,LMVESFIEV,0.04,50.0,15/30
Mpox_L1R,Mpox_L1R_Var_06_3254710324,MHC-I,GLQTIVKSL,0.22,50.0,15/30
Mpox_L1R,Mpox_L1R_Var_06_3254710324,MHC-I,AQHSIPTNV,0.26,50.0,15/30
Mpox_L1R,Mpox_L1R_Var_06_3254710324,MHC-I,AIILVIFTV,0.45,50.0,15/30
Mpox_L1R,Mpox_L1R_Var_06_3254710324,MHC-I,DLDDVPSVV,0.77,50.0,15/30
Mpox_L1R,Mpox_L1R_Var_07_3254710186,MHC-I,ALMQLTTKA,0.15,50.0,15/30
Mpox_L1R,Mpox_L1R_Var_07_3254710186,MHC-I,AQLDAVLSA,0.26,50.0,15/30
Mpox_L1R,Mpox_L1R_Var_07_3254710186,MHC-I,AMFTAALNI,0.57,50.0,15/30
Mpox_L1R,Mpox_L1R_Var_07_3254710186,MHC-I,AAASIQTTV,0.77,50.0,15/30
Mpox_L1R,Mpox_L1R_Var_07_3254710186,MHC-I,SIQTTVNTL,0.9,50.0,15/30
Mpox_L1R,Mpox_L1R_Var_07_3254710186,MHC-I,AALNIQTSV,0.91,50.0,15/30
Mpox_L1R,Mpox_L1R_Var_07_3254710186,MHC-I,IVIGVIILA,0.99,50.0,15/30
Mpox_L1R,Mpox_L1R_Var_08_3254710145,MHC-I,FIDSYLQKL,0.03,50.0,15/30
Mpox_L1R,Mpox_L1R_Var_08_3254710145,MHC-I,LMVESFIEV,0.04,50.0,15/30
Mpox_L1R,Mpox_L1R_Var_08_3254710145,MHC-I,GLQTIVKSL,0.22,50.0,15/30
Mpox_L1R,Mpox_L1R_Var_08_3254710145,MHC-I,AQHSIPTNV,0.26,50.0,15/30
Mpox_L1R,Mpox_L1R_Var_08_3254710145,MHC-I,AIILVIFTV,0.45,50.0,15/30
Mpox_L1R,Mpox_L1R_Var_08_3254710145,MHC-I,DLDDVPSVV,0.77,50.0,15/30
Mpox_L1R,Mpox_L1R_Var_09_3254710007,MHC-I,ALMQLTTKA,0.15,50.0,15/30
Mpox_L1R,Mpox_L1R_Var_09_3254710007,MHC-I,AQLDAVLSA,0.26,50.0,15/30
Mpox_L1R,Mpox_L1R_Var_09_3254710007,MHC-I,AMFTAALNI,0.57,50.0,15/30
Mpox_L1R,Mpox_L1R_Var_09_3254710007,MHC-I,AAASIQTTV,0.77,50.0,15/30
Mpox_L1R,Mpox_L1R_Var_09_3254710007,MHC-I,SIQTTVNTL,0.9,50.0,15/30
Mpox_L1R,Mpox_L1R_Var_09_3254710007,MHC-I,AALNIQTSV,0.91,50.0,15/30
Mpox_L1R,Mpox_L1R_Var_09_3254710007,MHC-I,IVIGVIILA,0.99,50.0,15/30
Mpox_L1R,Mpox_L1R_Var_10_3254709966,MHC-I,FIDSYLQKL,0.03,50.0,15/30
Mpox_L1R,Mpox_L1R_Var_10_3254709966,MHC-I,LMVESFIEV,0.04,50.0,15/30
Mpox_L1R,Mpox_L1R_Var_10_3254709966,MHC-I,GLQTIVKSL,0.22,50.0,15/30
Mpox_L1R,Mpox_L1R_Var_10_3254709966,MHC-I,AQHSIPTNV,0.26,50.0,15/30
Mpox_L1R,Mpox_L1R_Var_10_3254709966,MHC-I,AIILVIFTV,0.45,50.0,15/30
Mpox_L1R,Mpox_L1R_Var_10_3254709966,MHC-I,DLDDVPSVV,0.77,50.0,15/30
Mpox_L1R,Mpox_L1R_Var_11_3254709829,MHC-I,ALMQLTTKA,0.15,50.0,15/30
Mpox_L1R,Mpox_L1R_Var_11_3254709829,MHC-I,AQLDAVLSA,0.26,50.0,15/30
Mpox_L1R,Mpox_L1R_Var_11_3254709829,MHC-I,AMFTAALNI,0.57,50.0,15/30
Mpox_L1R,Mpox_L1R_Var_11_3254709829,MHC-I,AAASIQTTV,0.77,50.0,15/30
Mpox_L1R,Mpox_L1R_Var_11_3254709829,MHC-I,SIQTTVNTL,0.9,50.0,15/30
Mpox_L1R,Mpox_L1R_Var_11_3254709829,MHC-I,AALNIQTSV,0.91,50.0,15/30
Mpox_L1R,Mpox_L1R_Var_11_3254709829,MHC-I,IVIGVIILA,0.99,50.0,15/30
Mpox_L1R,Mpox_L1R_Var_12_3254709788,MHC-I,FIDSYLQKL,0.03,50.0,15/30
Mpox_L1R,Mpox_L1R_Var_12_3254709788,MHC-I,LMVESFIEV,0.04,50.0,15/30
Mpox_L1R,Mpox_L1R_Var_12_3254709788,MHC-I,GLQTIVKSL,0.22,50.0,15/30
Mpox_L1R,Mpox_L1R_Var_12_3254709788,MHC-I,AQHSIPTNV,0.26,50.0,15/30
Mpox_L1R,Mpox_L1R_Var_12_3254709788,MHC-I,AIILVIFTV,0.45,50.0,15/30
Mpox_L1R,Mpox_L1R_Var_12_3254709788,MHC-I,DLDDVPSVV,0.77,50.0,15/30
Mpox_L1R,Mpox_L1R_Var_13_3254709649,MHC-I,ALMQLTTKA,0.15,50.0,15/30
Mpox_L1R,Mpox_L1R_Var_13_3254709649,MHC-I,AQLDAVLSA,0.26,50.0,15/30
Mpox_L1R,Mpox_L1R_Var_13_3254709649,MHC-I,AMFTAALNI,0.57,50.0,15/30
Mpox_L1R,Mpox_L1R_Var_13_3254709649,MHC-I,AAASIQTTV,0.77,50.0,15/30
Mpox_L1R,Mpox_L1R_Var_13_3254709649,MHC-I,SIQTTVNTL,0.9,50.0,15/30
Mpox_L1R,Mpox_L1R_Var_13_3254709649,MHC-I,AALNIQTSV,0.91,50.0,15/30
Mpox_L1R,Mpox_L1R_Var_13_3254709649,MHC-I,IVIGVIILA,0.99,50.0,15/30
Mpox_L1R,Mpox_L1R_Var_14_3254709608,MHC-I,FIDSYLQKL,0.03,50.0,15/30
Mpox_L1R,Mpox_L1R_Var_14_3254709608,MHC-I,LMVESFIEV,0.04,50.0,15/30
Mpox_L1R,Mpox_L1R_Var_14_3254709608,MHC-I,GLQTIVKSL,0.22,50.0,15/30
Mpox_L1R,Mpox_L1R_Var_14_3254709608,MHC-I,AQHSIPTNV,0.26,50.0,15/30
Mpox_L1R,Mpox_L1R_Var_14_3254709608,MHC-I,AIILVIFTV,0.45,50.0,15/30
Mpox_L1R,Mpox_L1R_Var_14_3254709608,MHC-I,DLDDVPSVV,0.77,50.0,15/30
Mpox_L1R,Mpox_L1R_Var_15_3254709469,MHC-I,ALMQLTTKA,0.15,50.0,15/30
Mpox_L1R,Mpox_L1R_Var_15_3254709469,MHC-I,AQLDAVLSA,0.26,50.0,15/30
Mpox_L1R,Mpox_L1R_Var_15_3254709469,MHC-I,AMFTAALNI,0.57,50.0,15/30
Mpox_L1R,Mpox_L1R_Var_15_3254709469,MHC-I,AAASIQTTV,0.77,50.0,15/30
Mpox_L1R,Mpox_L1R_Var_15_3254709469,MHC-I,SIQTTVNTL,0.9,50.0,15/30
Mpox_L1R,Mpox_L1R_Var_15_3254709469,MHC-I,AALNIQTSV,0.91,50.0,15/30
Mpox_L1R,Mpox_L1R_Var_15_3254709469,MHC-I,IVIGVIILA,0.99,50.0,15/30
Mpox_L1R,Mpox_L1R_Var_16_3254709428,MHC-I,FIDSYLQKL,0.03,50.0,15/30
Mpox_L1R,Mpox_L1R_Var_16_3254709428,MHC-I,LMVESFIEV,0.04,50.0,15/30
Mpox_L1R,Mpox_L1R_Var_16_3254709428,MHC-I,GLQTIVKSL,0.22,50.0,15/30
Mpox_L1R,Mpox_L1R_Var_16_3254709428,MHC-I,AQHSIPTNV,0.26,50.0,15/30
Mpox_L1R,Mpox_L1R_Var_16_3254709428,MHC-I,AIILVIFTV,0.45,50.0,15/30
Mpox_L1R,Mpox_L1R_Var_16_3254709428,MHC-I,DLDDVPSVV,0.77,50.0,15/30
Mpox_L1R,Mpox_L1R_Var_17_3254709290,MHC-I,ALMQLTTKA,0.15,50.0,15/30
Mpox_L1R,Mpox_L1R_Var_17_3254709290,MHC-I,AQLDAVLSA,0.26,50.0,15/30
Mpox_L1R,Mpox_L1R_Var_17_3254709290,MHC-I,AMFTAALNI,0.57,50.0,15/30
Mpox_L1R,Mpox_L1R_Var_17_3254709290,MHC-I,AAASIQTTV,0.77,50.0,15/30
Mpox_L1R,Mpox_L1R_Var_17_3254709290,MHC-I,SIQTTVNTL,0.9,50.0,15/30
Mpox_L1R,Mpox_L1R_Var_17_3254709290,MHC-I,AALNIQTSV,0.91,50.0,15/30
Mpox_L1R,Mpox_L1R_Var_17_3254709290,MHC-I,IVIGVIILA,0.99,50.0,15/30
Mpox_L1R,Mpox_L1R_Var_18_3254709249,MHC-I,FIDSYLQKL,0.03,50.0,15/30
Mpox_L1R,Mpox_L1R_Var_18_3254709249,MHC-I,LMVESFIEV,0.04,50.0,15/30
Mpox_L1R,Mpox_L1R_Var_18_3254709249,MHC-I,GLQTIVKSL,0.22,50.0,15/30
Mpox_L1R,Mpox_L1R_Var_18_3254709249,MHC-I,AQHSIPTNV,0.26,50.0,15/30
Mpox_L1R,Mpox_L1R_Var_18_3254709249,MHC-I,AIILVIFTV,0.45,50.0,15/30
Mpox_L1R,Mpox_L1R_Var_18_3254709249,MHC-I,DLDDVPSVV,0.77,50.0,15/30
Mpox_L1R,Mpox_L1R_Var_19_3062938959,MHC-I,ALMQLTTKA,0.15,50.0,15/30
Mpox_L1R,Mpox_L1R_Var_19_3062938959,MHC-I,AQLDAVLSA,0.26,50.0,15/30
Mpox_L1R,Mpox_L1R_Var_19_3062938959,MHC-I,AMFTAALNI,0.57,50.0,15/30
Mpox_L1R,Mpox_L1R_Var_19_3062938959,MHC-I,AAASIQTTV,0.77,50.0,15/30
Mpox_L1R,Mpox_L1R_Var_19_3062938959,MHC-I,SIQTTVNTL,0.9,50.0,15/30
Mpox_L1R,Mpox_L1R_Var_19_3062938959,MHC-I,AALNIQTSV,0.91,50.0,15/30
Mpox_L1R,Mpox_L1R_Var_19_3062938959,MHC-I,IVIGVIILA,0.99,50.0,15/30
Mpox_L1R,Mpox_L1R_Var_20_3062938918,MHC-I,FIDSYLQKL,0.03,50.0,15/30
Mpox_L1R,Mpox_L1R_Var_20_3062938918,MHC-I,LMVESFIEV,0.04,50.0,15/30
Mpox_L1R,Mpox_L1R_Var_20_3062938918,MHC-I,GLQTIVKSL,0.22,50.0,15/30
Mpox_L1R,Mpox_L1R_Var_20_3062938918,MHC-I,AQHSIPTNV,0.26,50.0,15/30
Mpox_L1R,Mpox_L1R_Var_20_3062938918,MHC-I,AIILVIFTV,0.45,50.0,15/30
Mpox_L1R,Mpox_L1R_Var_20_3062938918,MHC-I,DLDDVPSVV,0.77,50.0,15/30
Mpox_L1R,Mpox_L1R_Var_21_3062938780,MHC-I,ALMQLTTKA,0.15,50.0,15/30
Mpox_L1R,Mpox_L1R_Var_21_3062938780,MHC-I,AQLDAVLSA,0.26,50.0,15/30
Mpox_L1R,Mpox_L1R_Var_21_3062938780,MHC-I,AMFTAALNI,0.57,50.0,15/30
Mpox_L1R,Mpox_L1R_Var_21_3062938780,MHC-I,AAASIQTTV,0.77,50.0,15/30
Mpox_L1R,Mpox_L1R_Var_21_3062938780,MHC-I,SIQTTVNTL,0.9,50.0,15/30
Mpox_L1R,Mpox_L1R_Var_21_3062938780,MHC-I,AALNIQTSV,0.91,50.0,15/30
Mpox_L1R,Mpox_L1R_Var_21_3062938780,MHC-I,IVIGVIILA,0.99,50.0,15/30
Mpox_L1R,Mpox_L1R_Var_22_3062938739,MHC-I,FIDSYLQKL,0.03,50.0,15/30
Mpox_L1R,Mpox_L1R_Var_22_3062938739,MHC-I,LMVESFIEV,0.04,50.0,15/30
Mpox_L1R,Mpox_L1R_Var_22_3062938739,MHC-I,GLQTIVKSL,0.22,50.0,15/30
Mpox_L1R,Mpox_L1R_Var_22_3062938739,MHC-I,AQHSIPTNV,0.26,50.0,15/30
Mpox_L1R,Mpox_L1R_Var_22_3062938739,MHC-I,AIILVIFTV,0.45,50.0,15/30
Mpox_L1R,Mpox_L1R_Var_22_3062938739,MHC-I,DLDDVPSVV,0.77,50.0,15/30
Mpox_L1R,Mpox_L1R_Var_23_3062938601,MHC-I,ALMQLTTKA,0.15,50.0,15/30
Mpox_L1R,Mpox_L1R_Var_23_3062938601,MHC-I,AQLDAVLSA,0.26,50.0,15/30
Mpox_L1R,Mpox_L1R_Var_23_3062938601,MHC-I,AMFTAALNI,0.57,50.0,15/30
Mpox_L1R,Mpox_L1R_Var_23_3062938601,MHC-I,AAASIQTTV,0.77,50.0,15/30
Mpox_L1R,Mpox_L1R_Var_23_3062938601,MHC-I,SIQTTVNTL,0.9,50.0,15/30
Mpox_L1R,Mpox_L1R_Var_23_3062938601,MHC-I,AALNIQTSV,0.91,50.0,15/30
Mpox_L1R,Mpox_L1R_Var_23_3062938601,MHC-I,IVIGVIILA,0.99,50.0,15/30
Mpox_L1R,Mpox_L1R_Var_24_3062938560,MHC-I,FIDSYLQKL,0.03,50.0,15/30
Mpox_L1R,Mpox_L1R_Var_24_3062938560,MHC-I,LMVESFIEV,0.04,50.0,15/30
Mpox_L1R,Mpox_L1R_Var_24_3062938560,MHC-I,GLQTIVKSL,0.22,50.0,15/30
Mpox_L1R,Mpox_L1R_Var_24_3062938560,MHC-I,AQHSIPTNV,0.26,50.0,15/30
Mpox_L1R,Mpox_L1R_Var_24_3062938560,MHC-I,AIILVIFTV,0.45,50.0,15/30
Mpox_L1R,Mpox_L1R_Var_24_3062938560,MHC-I,DLDDVPSVV,0.77,50.0,15/30
Mpox_L1R,Mpox_L1R_Var_25_3250750106,MHC-I,ALMQLTTKA,0.15,50.0,15/30
Mpox_L1R,Mpox_L1R_Var_25_3250750106,MHC-I,AQLDAVLSA,0.26,50.0,15/30
Mpox_L1R,Mpox_L1R_Var_25_3250750106,MHC-I,AMFTAALNI,0.57,50.0,15/30
Mpox_L1R,Mpox_L1R_Var_25_3250750106,MHC-I,AAASIQTTV,0.77,50.0,15/30
Mpox_L1R,Mpox_L1R_Var_25_3250750106,MHC-I,SIQTTVNTL,0.9,50.0,15/30
Mpox_L1R,Mpox_L1R_Var_25_3250750106,MHC-I,AALNIQTSV,0.91,50.0,15/30
Mpox_L1R,Mpox_L1R_Var_25_3250750106,MHC-I,IVIGVIILA,0.99,50.0,15/30
Mpox_L1R,Mpox_L1R_Var_26_3250750065,MHC-I,FIDSYLQKL,0.03,50.0,15/30
Mpox_L1R,Mpox_L1R_Var_26_3250750065,MHC-I,LMVESFIEV,0.04,50.0,15/30
Mpox_L1R,Mpox_L1R_Var_26_3250750065,MHC-I,GLQTIVKSL,0.22,50.0,15/30
Mpox_L1R,Mpox_L1R_Var_26_3250750065,MHC-I,AQHSIPTNV,0.26,50.0,15/30
Mpox_L1R,Mpox_L1R_Var_26_3250750065,MHC-I,AIILVIFTV,0.45,50.0,15/30
Mpox_L1R,Mpox_L1R_Var_26_3250750065,MHC-I,DLDDVPSVV,0.77,50.0,15/30
Mpox_L1R,Mpox_L1R_Var_27_3250749929,MHC-I,ALMQLTTKA,0.15,50.0,15/30
Mpox_L1R,Mpox_L1R_Var_27_3250749929,MHC-I,AQLDAVLSA,0.26,50.0,15/30
Mpox_L1R,Mpox_L1R_Var_27_3250749929,MHC-I,AMFTAALNI,0.57,50.0,15/30
Mpox_L1R,Mpox_L1R_Var_27_3250749929,MHC-I,AAASIQTTV,0.77,50.0,15/30
Mpox_L1R,Mpox_L1R_Var_27_3250749929,MHC-I,SIQTTVNTL,0.9,50.0,15/30
Mpox_L1R,Mpox_L1R_Var_27_3250749929,MHC-I,AALNIQTSV,0.91,50.0,15/30
Mpox_L1R,Mpox_L1R_Var_27_3250749929,MHC-I,IVIGVIILA,0.99,50.0,15/30
Mpox_L1R,Mpox_L1R_Var_28_3250749888,MHC-I,FIDSYLQKL,0.03,50.0,15/30
Mpox_L1R,Mpox_L1R_Var_28_3250749888,MHC-I,LMVESFIEV,0.04,50.0,15/30
Mpox_L1R,Mpox_L1R_Var_28_3250749888,MHC-I,GLQTIVKSL,0.22,50.0,15/30
Mpox_L1R,Mpox_L1R_Var_28_3250749888,MHC-I,AQHSIPTNV,0.26,50.0,15/30
Mpox_L1R,Mpox_L1R_Var_28_3250749888,MHC-I,AIILVIFTV,0.45,50.0,15/30
Mpox_L1R,Mpox_L1R_Var_28_3250749888,MHC-I,DLDDVPSVV,0.77,50.0,15/30
Mpox_L1R,Mpox_L1R_Var_29_3250749750,MHC-I,ALMQLTTKA,0.15,50.0,15/30
Mpox_L1R,Mpox_L1R_Var_29_3250749750,MHC-I,AQLDAVLSA,0.26,50.0,15/30
Mpox_L1R,Mpox_L1R_Var_29_3250749750,MHC-I,AMFTAALNI,0.57,50.0,15/30
Mpox_L1R,Mpox_L1R_Var_29_3250749750,MHC-I,AAASIQTTV,0.77,50.0,15/30
Mpox_L1R,Mpox_L1R_Var_29_3250749750,MHC-I,SIQTTVNTL,0.9,50.0,15/30
Mpox_L1R,Mpox_L1R_Var_29_3250749750,MHC-I,AALNIQTSV,0.91,50.0,15/30
Mpox_L1R,Mpox_L1R_Var_29_3250749750,MHC-I,IVIGVIILA,0.99,50.0,15/30
Mpox_L1R,Mpox_L1R_Var_30_3250749709,MHC-I,FIDSYLQKL,0.03,50.0,15/30
Mpox_L1R,Mpox_L1R_Var_30_3250749709,MHC-I,LMVESFIEV,0.04,50.0,15/30
Mpox_L1R,Mpox_L1R_Var_30_3250749709,MHC-I,GLQTIVKSL,0.22,50.0,15/30
Mpox_L1R,Mpox_L1R_Var_30_3250749709,MHC-I,AQHSIPTNV,0.26,50.0,15/30
Mpox_L1R,Mpox_L1R_Var_30_3250749709,MHC-I,AIILVIFTV,0.45,50.0,15/30
Mpox_L1R,Mpox_L1R_Var_30_3250749709,MHC-I,DLDDVPSVV,0.77,50.0,15/30
