Target,Variant,Peptide,QN_Ratio,Surface_Charge,Allergen_Status
HIV_p17,N/A,ELHPDKWTV,0.0,4,NON-ALLERGEN
HIV_p17,N/A,ATLEEMMTA,0.0,2,NON-ALLERGEN
HIV_p17,N/A,YVDRFYKTL,0.0,2,NON-ALLERGEN
HIV_p17,N/A,ELHPDKWTV,0.0,4,NON-ALLERGEN
HIV_p17,N/A,ELHPDKWTV,0.0,4,NON-ALLERGEN
HIV_p17,N/A,YVDRFYKTL,0.0,2,NON-ALLERGEN
HIV_p17,N/A,ELHPDKWTV,0.0,4,NON-ALLERGEN
HIV_p17,N/A,ELHPDKWTV,0.0,4,NON-ALLERGEN
HIV_p17,N/A,YVDRFYKTL,0.0,2,NON-ALLERGEN
HIV_p17,N/A,ELHPDKWTV,0.0,4,NON-ALLERGEN
HIV_p17,N/A,ELHPDKWTV,0.0,4,NON-ALLERGEN
HIV_p17,N/A,ATLEEMMTA,0.0,2,NON-ALLERGEN
HIV_p17,N/A,YVDRFYKTL,0.0,2,NON-ALLERGEN
HIV_p17,N/A,ELHPDKWTV,0.0,4,NON-ALLERGEN
HIV_p17,N/A,ATLEEMMTA,0.0,2,NON-ALLERGEN
HIV_p17,N/A,YVDRFYKTL,0.0,2,NON-ALLERGEN
HIV_p17,N/A,YVDRFYKTL,0.0,2,NON-ALLERGEN
HIV_p17,N/A,ATLEEMMTA,0.0,2,NON-ALLERGEN
HIV_p17,N/A,YVDRFYKTL,0.0,2,NON-ALLERGEN
HIV_p17,N/A,ATLEEMMTA,0.0,2,NON-ALLERGEN
HIV_p17,N/A,YVDRFYKTL,0.0,2,NON-ALLERGEN
HIV_p17,N/A,ATLEEMMTA,0.0,2,NON-ALLERGEN
HIV_p17,N/A,ATLEEMMTA,0.0,2,NON-ALLERGEN
HIV_p17,N/A,YVDRFYKTL,0.0,2,NON-ALLERGEN
HIV_p17,N/A,ELHPDKWTV,0.0,4,NON-ALLERGEN
HIV_p17,N/A,YVDRFYKTL,0.0,2,NON-ALLERGEN
HIV_p17,N/A,ELHPDKWTV,0.0,4,NON-ALLERGEN
HIV_p17,N/A,YVDRFYKTL,0.0,2,NON-ALLERGEN
HIV_p17,N/A,YVDRFYKTL,0.0,2,NON-ALLERGEN
HIV_p17,N/A,YVDRFYKTL,0.0,2,NON-ALLERGEN
HIV_p17,N/A,ELHPDKWTV,0.0,4,NON-ALLERGEN
HIV_p17,N/A,ATLEEMMTA,0.0,2,NON-ALLERGEN
HIV_p17,N/A,ELHPDKWTV,0.0,4,NON-ALLERGEN
HIV_p17,N/A,ATLEEMMTA,0.0,2,NON-ALLERGEN
HIV_p17,N/A,YVDRFYKTL,0.0,2,NON-ALLERGEN
HIV_p17,N/A,ELHPDKWTV,0.0,4,NON-ALLERGEN
HIV_p17,N/A,ATLEEMMTA,0.0,2,NON-ALLERGEN
HIV_p17,N/A,YVDRFYKTL,0.0,2,NON-ALLERGEN
HIV_p17,N/A,ELHPDKWTV,0.0,4,NON-ALLERGEN
HIV_p17,N/A,ATLEEMMTA,0.0,2,NON-ALLERGEN
HIV_p17,N/A,YVDRFYKTL,0.0,2,NON-ALLERGEN
HIV_p17,N/A,ATLEEMMTA,0.0,2,NON-ALLERGEN
HIV_p17,N/A,ATLEEMMTA,0.0,2,NON-ALLERGEN
HIV_p17,N/A,YVDRFYKTL,0.0,2,NON-ALLERGEN
HIV_p17,N/A,ATLEEMMTA,0.0,2,NON-ALLERGEN
HIV_p17,N/A,YVDRFYKTL,0.0,2,NON-ALLERGEN
HIV_p17,N/A,ATLEEMMTA,0.0,2,NON-ALLERGEN
HIV_p17,N/A,YVDRFYKTL,0.0,2,NON-ALLERGEN
HIV_p17,N/A,ELHPDKWTV,0.0,4,NON-ALLERGEN
HIV_p17,N/A,ATLEEMMTA,0.0,2,NON-ALLERGEN
HIV_p17,N/A,YVDRFYKTL,0.0,2,NON-ALLERGEN
HIV_p24,N/A,ATLEEMMTA,0.0,2,NON-ALLERGEN
HIV_p24,N/A,YVDRFYKTL,0.0,2,NON-ALLERGEN
HIV_p24,N/A,YVDRFYKTL,0.0,2,NON-ALLERGEN
HIV_p24,N/A,YVDRFYKTL,0.0,2,NON-ALLERGEN
HIV_p24,N/A,ATLEEMMTA,0.0,2,NON-ALLERGEN
HIV_p24,N/A,YVDRFYKTL,0.0,2,NON-ALLERGEN
HIV_p24,N/A,ATLEEMMTA,0.0,2,NON-ALLERGEN
HIV_p24,N/A,YVDRFYKTL,0.0,2,NON-ALLERGEN
HIV_p24,N/A,YVDRFYKTL,0.0,2,NON-ALLERGEN
HIV_p24,N/A,ATLEEMMTA,0.0,2,NON-ALLERGEN
HIV_p24,N/A,YVDRFYKTL,0.0,2,NON-ALLERGEN
HIV_p24,N/A,ATLEEMMTA,0.0,2,NON-ALLERGEN
HIV_p24,N/A,YVDRFYKTL,0.0,2,NON-ALLERGEN
HIV_p24,N/A,ATLEEMMTA,0.0,2,NON-ALLERGEN
HIV_p24,N/A,ATLEEMMTA,0.0,2,NON-ALLERGEN
HIV_p24,N/A,YVDRFYKTL,0.0,2,NON-ALLERGEN
HIV_p24,N/A,YVDRFYKTL,0.0,2,NON-ALLERGEN
HIV_p24,N/A,YVDRFYKTL,0.0,2,NON-ALLERGEN
HIV_p24,N/A,YVDRFYKTL,0.0,2,NON-ALLERGEN
HIV_p24,N/A,YVDRFYKTL,0.0,2,NON-ALLERGEN
HIV_p24,N/A,ATLEEMMTA,0.0,2,NON-ALLERGEN
HIV_p24,N/A,ATLEEMMTA,0.0,2,NON-ALLERGEN
HIV_p24,N/A,YVDRFYKTL,0.0,2,NON-ALLERGEN
HIV_p24,N/A,ATLEEMMTA,0.0,2,NON-ALLERGEN
HIV_p24,N/A,YVDRFYKTL,0.0,2,NON-ALLERGEN
HIV_p24,N/A,ATLEEMMTA,0.0,2,NON-ALLERGEN
HIV_p24,N/A,YVDRFYKTL,0.0,2,NON-ALLERGEN
HIV_p24,N/A,ATLEEMMTA,0.0,2,NON-ALLERGEN
HIV_p24,N/A,ATLEEMMTA,0.0,2,NON-ALLERGEN
HIV_p24,N/A,YVDRFYKTL,0.0,2,NON-ALLERGEN
HIV_p24,N/A,ATLEEMMTA,0.0,2,NON-ALLERGEN
HIV_p24,N/A,YVDRFYKTL,0.0,2,NON-ALLERGEN
HIV_p24,N/A,ATLEEMMTA,0.0,2,NON-ALLERGEN
HIV_p24,N/A,YVDRFYKTL,0.0,2,NON-ALLERGEN
Mpox_B5R,N/A,TVSDYVSEL,0.0,2,NON-ALLERGEN
Mpox_B5R,N/A,KMCTVSDYV,0.0,2,NON-ALLERGEN
Mpox_B5R,N/A,ILLSKRPSL,0.0,1,NON-ALLERGEN
Mpox_B5R,N/A,SLHQYKWYI,0.11,2,NON-ALLERGEN
Mpox_B5R,N/A,NIKEYVYQL,0.22,2,NON-ALLERGEN
Mpox_B5R,N/A,FIDAANTNI,0.22,1,NON-ALLERGEN
Mpox_B5R,N/A,HLDNSIRLM,0.11,2,NON-ALLERGEN
Mpox_B5R,N/A,TVSDYVSEL,0.0,2,NON-ALLERGEN
Mpox_B5R,N/A,KMCTVSDYV,0.0,2,NON-ALLERGEN
Mpox_B5R,N/A,ILLSKRPSL,0.0,1,NON-ALLERGEN
Mpox_B5R,N/A,SLHQYKWYI,0.11,2,NON-ALLERGEN
Mpox_B5R,N/A,NIKEYVYQL,0.22,2,NON-ALLERGEN
Mpox_B5R,N/A,FIDAANTNI,0.22,1,NON-ALLERGEN
Mpox_B5R,N/A,HLDNSIRLM,0.11,2,NON-ALLERGEN
Mpox_B5R,N/A,TVSDYVSEL,0.0,2,NON-ALLERGEN
Mpox_B5R,N/A,KMCTVSDYV,0.0,2,NON-ALLERGEN
Mpox_B5R,N/A,ILLSKRPSL,0.0,1,NON-ALLERGEN
Mpox_B5R,N/A,SLHQYKWYI,0.11,2,NON-ALLERGEN
Mpox_B5R,N/A,NIKEYVYQL,0.22,2,NON-ALLERGEN
Mpox_B5R,N/A,FIDAANTNI,0.22,1,NON-ALLERGEN
Mpox_B5R,N/A,HLDNSIRLM,0.11,2,NON-ALLERGEN
Mpox_B5R,N/A,TVSDYVSEL,0.0,2,NON-ALLERGEN
Mpox_B5R,N/A,KMCTVSDYV,0.0,2,NON-ALLERGEN
Mpox_B5R,N/A,ILLSKRPSL,0.0,1,NON-ALLERGEN
Mpox_B5R,N/A,SLHQYKWYI,0.11,2,NON-ALLERGEN
Mpox_B5R,N/A,NIKEYVYQL,0.22,2,NON-ALLERGEN
Mpox_B5R,N/A,FIDAANTNI,0.22,1,NON-ALLERGEN
Mpox_B5R,N/A,HLDNSIRLM,0.11,2,NON-ALLERGEN
Mpox_B5R,N/A,TVSDYVSEL,0.0,2,NON-ALLERGEN
Mpox_B5R,N/A,KMCTVSDYV,0.0,2,NON-ALLERGEN
Mpox_B5R,N/A,ILLSKRPSL,0.0,1,NON-ALLERGEN
Mpox_B5R,N/A,SLHQYKWYI,0.11,2,NON-ALLERGEN
Mpox_B5R,N/A,NIKEYVYQL,0.22,2,NON-ALLERGEN
Mpox_B5R,N/A,FIDAANTNI,0.22,1,NON-ALLERGEN
Mpox_B5R,N/A,HLDNSIRLM,0.11,2,NON-ALLERGEN
Mpox_B5R,N/A,TVSDYVSEL,0.0,2,NON-ALLERGEN
Mpox_B5R,N/A,KMCTVSDYV,0.0,2,NON-ALLERGEN
Mpox_B5R,N/A,ILLSKRPSL,0.0,1,NON-ALLERGEN
Mpox_B5R,N/A,SLHQYKWYI,0.11,2,NON-ALLERGEN
Mpox_B5R,N/A,NIKEYVYQL,0.22,2,NON-ALLERGEN
Mpox_B5R,N/A,FIDAANTNI,0.22,1,NON-ALLERGEN
Mpox_B5R,N/A,HLDNSIRLM,0.11,2,NON-ALLERGEN
Mpox_B5R,N/A,TVSDYVSEL,0.0,2,NON-ALLERGEN
Mpox_B5R,N/A,KMCTVSDYV,0.0,2,NON-ALLERGEN
Mpox_B5R,N/A,ILLSKRPSL,0.0,1,NON-ALLERGEN
Mpox_B5R,N/A,SLHQYKWYI,0.11,2,NON-ALLERGEN
Mpox_B5R,N/A,NIKEYVYQL,0.22,2,NON-ALLERGEN
Mpox_B5R,N/A,FIDAANTNI,0.22,1,NON-ALLERGEN
Mpox_B5R,N/A,HLDNSIRLM,0.11,2,NON-ALLERGEN
Mpox_B5R,N/A,TVSDYVSEL,0.0,2,NON-ALLERGEN
Mpox_B5R,N/A,KMCTVSDYV,0.0,2,NON-ALLERGEN
Mpox_B5R,N/A,ILLSKRPSL,0.0,1,NON-ALLERGEN
Mpox_B5R,N/A,SLHQYKWYI,0.11,2,NON-ALLERGEN
Mpox_B5R,N/A,NIKEYVYQL,0.22,2,NON-ALLERGEN
Mpox_B5R,N/A,FIDAANTNI,0.22,1,NON-ALLERGEN
Mpox_B5R,N/A,HLDNSIRLM,0.11,2,NON-ALLERGEN
Mpox_B5R,N/A,TVSDYVSEL,0.0,2,NON-ALLERGEN
Mpox_B5R,N/A,KMCTVSDYV,0.0,2,NON-ALLERGEN
Mpox_B5R,N/A,ILLSKRPSL,0.0,1,NON-ALLERGEN
Mpox_B5R,N/A,SLHQYKWYI,0.11,2,NON-ALLERGEN
Mpox_B5R,N/A,NIKEYVYQL,0.22,2,NON-ALLERGEN
Mpox_B5R,N/A,FIDAANTNI,0.22,1,NON-ALLERGEN
Mpox_B5R,N/A,HLDNSIRLM,0.11,2,NON-ALLERGEN
Mpox_B5R,N/A,TVSDYVSEL,0.0,2,NON-ALLERGEN
Mpox_B5R,N/A,KMCTVSDYV,0.0,2,NON-ALLERGEN
Mpox_B5R,N/A,ILLSKRPSL,0.0,1,NON-ALLERGEN
Mpox_B5R,N/A,SLHQYKWYI,0.11,2,NON-ALLERGEN
Mpox_B5R,N/A,NIKEYVYQL,0.22,2,NON-ALLERGEN
Mpox_B5R,N/A,FIDAANTNI,0.22,1,NON-ALLERGEN
Mpox_B5R,N/A,HLDNSIRLM,0.11,2,NON-ALLERGEN
Mpox_B5R,N/A,TVSDYVSEL,0.0,2,NON-ALLERGEN
Mpox_B5R,N/A,KMCTVSDYV,0.0,2,NON-ALLERGEN
Mpox_B5R,N/A,ILLSKRPSL,0.0,1,NON-ALLERGEN
Mpox_B5R,N/A,SLHQYKWYI,0.11,2,NON-ALLERGEN
Mpox_B5R,N/A,NIKEYVYQL,0.22,2,NON-ALLERGEN
Mpox_B5R,N/A,FIDAANTNI,0.22,1,NON-ALLERGEN
Mpox_B5R,N/A,HLDNSIRLM,0.11,2,NON-ALLERGEN
Mpox_B5R,N/A,TVSDYVSEL,0.0,2,NON-ALLERGEN
Mpox_B5R,N/A,KMCTVSDYV,0.0,2,NON-ALLERGEN
Mpox_B5R,N/A,ILLSKRPSL,0.0,1,NON-ALLERGEN
Mpox_B5R,N/A,SLHQYKWYI,0.11,2,NON-ALLERGEN
Mpox_B5R,N/A,NIKEYVYQL,0.22,2,NON-ALLERGEN
Mpox_B5R,N/A,FIDAANTNI,0.22,1,NON-ALLERGEN
Mpox_B5R,N/A,HLDNSIRLM,0.11,2,NON-ALLERGEN
Mpox_B5R,N/A,TVSDYVSEL,0.0,2,NON-ALLERGEN
Mpox_B5R,N/A,KMCTVSDYV,0.0,2,NON-ALLERGEN
Mpox_B5R,N/A,ILLSKRPSL,0.0,1,NON-ALLERGEN
Mpox_B5R,N/A,SLHQYKWYI,0.11,2,NON-ALLERGEN
Mpox_B5R,N/A,NIKEYVYQL,0.22,2,NON-ALLERGEN
Mpox_B5R,N/A,FIDAANTNI,0.22,1,NON-ALLERGEN
Mpox_B5R,N/A,HLDNSIRLM,0.11,2,NON-ALLERGEN
Mpox_B5R,N/A,TVSDYVSEL,0.0,2,NON-ALLERGEN
Mpox_B5R,N/A,KMCTVSDYV,0.0,2,NON-ALLERGEN
Mpox_B5R,N/A,ILLSKRPSL,0.0,1,NON-ALLERGEN
Mpox_B5R,N/A,SLHQYKWYI,0.11,2,NON-ALLERGEN
Mpox_B5R,N/A,NIKEYVYQL,0.22,2,NON-ALLERGEN
Mpox_B5R,N/A,FIDAANTNI,0.22,1,NON-ALLERGEN
Mpox_B5R,N/A,HLDNSIRLM,0.11,2,NON-ALLERGEN
Mpox_B5R,N/A,TVSDYVSEL,0.0,2,NON-ALLERGEN
Mpox_B5R,N/A,KMCTVSDYV,0.0,2,NON-ALLERGEN
Mpox_B5R,N/A,ILLSKRPSL,0.0,1,NON-ALLERGEN
Mpox_B5R,N/A,SLHQYKWYI,0.11,2,NON-ALLERGEN
Mpox_B5R,N/A,NIKEYVYQL,0.22,2,NON-ALLERGEN
Mpox_B5R,N/A,FIDAANTNI,0.22,1,NON-ALLERGEN
Mpox_B5R,N/A,HLDNSIRLM,0.11,2,NON-ALLERGEN
Mpox_L1R,N/A,ALMQLTTKA,0.11,1,NON-ALLERGEN
Mpox_L1R,N/A,SIQTTVNTL,0.22,0,NON-ALLERGEN
Mpox_L1R,N/A,FIDSYLQKL,0.11,2,NON-ALLERGEN
Mpox_L1R,N/A,AQHSIPTNV,0.22,1,NON-ALLERGEN
Mpox_L1R,N/A,DLDDVPSVV,0.0,3,NON-ALLERGEN
Mpox_L1R,N/A,ALMQLTTKA,0.11,1,NON-ALLERGEN
Mpox_L1R,N/A,SIQTTVNTL,0.22,0,NON-ALLERGEN
Mpox_L1R,N/A,FIDSYLQKL,0.11,2,NON-ALLERGEN
Mpox_L1R,N/A,AQHSIPTNV,0.22,1,NON-ALLERGEN
Mpox_L1R,N/A,DLDDVPSVV,0.0,3,NON-ALLERGEN
Mpox_L1R,N/A,ALMQLTTKA,0.11,1,NON-ALLERGEN
Mpox_L1R,N/A,SIQTTVNTL,0.22,0,NON-ALLERGEN
Mpox_L1R,N/A,FIDSYLQKL,0.11,2,NON-ALLERGEN
Mpox_L1R,N/A,AQHSIPTNV,0.22,1,NON-ALLERGEN
Mpox_L1R,N/A,DLDDVPSVV,0.0,3,NON-ALLERGEN
Mpox_L1R,N/A,ALMQLTTKA,0.11,1,NON-ALLERGEN
Mpox_L1R,N/A,SIQTTVNTL,0.22,0,NON-ALLERGEN
Mpox_L1R,N/A,FIDSYLQKL,0.11,2,NON-ALLERGEN
Mpox_L1R,N/A,AQHSIPTNV,0.22,1,NON-ALLERGEN
Mpox_L1R,N/A,DLDDVPSVV,0.0,3,NON-ALLERGEN
Mpox_L1R,N/A,ALMQLTTKA,0.11,1,NON-ALLERGEN
Mpox_L1R,N/A,SIQTTVNTL,0.22,0,NON-ALLERGEN
Mpox_L1R,N/A,FIDSYLQKL,0.11,2,NON-ALLERGEN
Mpox_L1R,N/A,AQHSIPTNV,0.22,1,NON-ALLERGEN
Mpox_L1R,N/A,DLDDVPSVV,0.0,3,NON-ALLERGEN
Mpox_L1R,N/A,ALMQLTTKA,0.11,1,NON-ALLERGEN
Mpox_L1R,N/A,SIQTTVNTL,0.22,0,NON-ALLERGEN
Mpox_L1R,N/A,FIDSYLQKL,0.11,2,NON-ALLERGEN
Mpox_L1R,N/A,AQHSIPTNV,0.22,1,NON-ALLERGEN
Mpox_L1R,N/A,DLDDVPSVV,0.0,3,NON-ALLERGEN
Mpox_L1R,N/A,ALMQLTTKA,0.11,1,NON-ALLERGEN
Mpox_L1R,N/A,SIQTTVNTL,0.22,0,NON-ALLERGEN
Mpox_L1R,N/A,FIDSYLQKL,0.11,2,NON-ALLERGEN
Mpox_L1R,N/A,AQHSIPTNV,0.22,1,NON-ALLERGEN
Mpox_L1R,N/A,DLDDVPSVV,0.0,3,NON-ALLERGEN
Mpox_L1R,N/A,ALMQLTTKA,0.11,1,NON-ALLERGEN
Mpox_L1R,N/A,SIQTTVNTL,0.22,0,NON-ALLERGEN
Mpox_L1R,N/A,FIDSYLQKL,0.11,2,NON-ALLERGEN
Mpox_L1R,N/A,AQHSIPTNV,0.22,1,NON-ALLERGEN
Mpox_L1R,N/A,DLDDVPSVV,0.0,3,NON-ALLERGEN
Mpox_L1R,N/A,ALMQLTTKA,0.11,1,NON-ALLERGEN
Mpox_L1R,N/A,SIQTTVNTL,0.22,0,NON-ALLERGEN
Mpox_L1R,N/A,FIDSYLQKL,0.11,2,NON-ALLERGEN
Mpox_L1R,N/A,AQHSIPTNV,0.22,1,NON-ALLERGEN
Mpox_L1R,N/A,DLDDVPSVV,0.0,3,NON-ALLERGEN
Mpox_L1R,N/A,ALMQLTTKA,0.11,1,NON-ALLERGEN
Mpox_L1R,N/A,SIQTTVNTL,0.22,0,NON-ALLERGEN
Mpox_L1R,N/A,FIDSYLQKL,0.11,2,NON-ALLERGEN
Mpox_L1R,N/A,AQHSIPTNV,0.22,1,NON-ALLERGEN
Mpox_L1R,N/A,DLDDVPSVV,0.0,3,NON-ALLERGEN
Mpox_L1R,N/A,ALMQLTTKA,0.11,1,NON-ALLERGEN
Mpox_L1R,N/A,SIQTTVNTL,0.22,0,NON-ALLERGEN
Mpox_L1R,N/A,FIDSYLQKL,0.11,2,NON-ALLERGEN
Mpox_L1R,N/A,AQHSIPTNV,0.22,1,NON-ALLERGEN
Mpox_L1R,N/A,DLDDVPSVV,0.0,3,NON-ALLERGEN
Mpox_L1R,N/A,ALMQLTTKA,0.11,1,NON-ALLERGEN
Mpox_L1R,N/A,SIQTTVNTL,0.22,0,NON-ALLERGEN
Mpox_L1R,N/A,FIDSYLQKL,0.11,2,NON-ALLERGEN
Mpox_L1R,N/A,AQHSIPTNV,0.22,1,NON-ALLERGEN
Mpox_L1R,N/A,DLDDVPSVV,0.0,3,NON-ALLERGEN
Mpox_L1R,N/A,ALMQLTTKA,0.11,1,NON-ALLERGEN
Mpox_L1R,N/A,SIQTTVNTL,0.22,0,NON-ALLERGEN
Mpox_L1R,N/A,FIDSYLQKL,0.11,2,NON-ALLERGEN
Mpox_L1R,N/A,AQHSIPTNV,0.22,1,NON-ALLERGEN
Mpox_L1R,N/A,DLDDVPSVV,0.0,3,NON-ALLERGEN
Mpox_L1R,N/A,ALMQLTTKA,0.11,1,NON-ALLERGEN
Mpox_L1R,N/A,SIQTTVNTL,0.22,0,NON-ALLERGEN
Mpox_L1R,N/A,FIDSYLQKL,0.11,2,NON-ALLERGEN
Mpox_L1R,N/A,AQHSIPTNV,0.22,1,NON-ALLERGEN
Mpox_L1R,N/A,DLDDVPSVV,0.0,3,NON-ALLERGEN
Mpox_L1R,N/A,ALMQLTTKA,0.11,1,NON-ALLERGEN
Mpox_L1R,N/A,SIQTTVNTL,0.22,0,NON-ALLERGEN
Mpox_L1R,N/A,FIDSYLQKL,0.11,2,NON-ALLERGEN
Mpox_L1R,N/A,AQHSIPTNV,0.22,1,NON-ALLERGEN
Mpox_L1R,N/A,DLDDVPSVV,0.0,3,NON-ALLERGEN
